uri:ID,:LABEL,preferredLabel,description,skillType,reuseLevel,status,collection,coverageLevel,code
http://data.europa.eu/esco/skill/001d46db-035e-4b92-83a3-ed8771e0c123,GreenSkill,train staff to reduce food waste,"Establish new trainings and staff development provisions to support staff knowledge in food waste prevention and food recycling practices. Ensure that staff understands methods of and tools for food recycling, e.g., separating waste.",skill/competence,sector-specific,released,Green,high,GRN_001d46db-035e-4b92-83a3-ed8771e0c123
http://data.europa.eu/esco/skill/0037c821-2898-4919-b96e-7ed1cd89554c,GreenSkill,develop energy saving concepts,"Use current research results and collaborate with experts to optimise or develop concepts, equipment, and production processes which require a lesser amount of energy such as new insulation practices and materials.",skill/competence,cross-sector,released,Green,high,GRN_0037c821-2898-4919-b96e-7ed1cd89554c
http://data.europa.eu/esco/skill/0058526a-11e9-40a1-ab33-7c5ffdf5da05,GreenSkill,conduct research on flora,"Collect and analyse data about plants in order to discover their basic aspects such as origin, anatomy, and function.",skill/competence,sector-specific,released,Green,high,GRN_0058526a-11e9-40a1-ab33-7c5ffdf5da05
http://data.europa.eu/esco/skill/00735755-adc6-4ea0-b034-b8caff339c9f,GreenSkill,install heat pump,"Install heat pumps, which use the physical properties of substances called refrigerants to extract heat from an environment and release it to a warmer environment, counter to spontaneous heat flow. Create the necessary openings and install the indoors and outdoors parts of the heat pump. Connect electricity and any ducts, and configure the heat pump.",skill/competence,cross-sector,released,Green,high,GRN_00735755-adc6-4ea0-b034-b8caff339c9f
http://data.europa.eu/esco/skill/0082c13b-5866-4542-bc4f-722a4ae9530e,GreenSkill,design biomass installations,"Design the biomass energy system. Determine construction boundaries such as needed space and weight. Calculate indicators such as capacity, flow, and temperatures. Make detailed descriptions and drawings of the design.",skill/competence,sector-specific,released,Green,high,GRN_0082c13b-5866-4542-bc4f-722a4ae9530e
http://data.europa.eu/esco/skill/013a64b9-5e74-4f7f-af5b-9ec76715238b,GreenSkill,inspect offshore constructions,Conduct regular inspections during and after the construction of offshore facilities such as oil platforms to ensure risk minimisation and compliance with regulations.,skill/competence,cross-sector,released,Green,high,GRN_013a64b9-5e74-4f7f-af5b-9ec76715238b
http://data.europa.eu/esco/skill/0171653e-c8e9-4c24-bb86-a4b6fe038f25,GreenSkill,adopt ways to foster biodiversity and animal welfare,"Engage in behaviours that help maintaining stable ecosystems and combatting mass extinction, for example by making conscious dietary choices that support organic food production and animal welfare. ",skill/competence,transversal,released,Green,high,GRN_0171653e-c8e9-4c24-bb86-a4b6fe038f25
http://data.europa.eu/esco/skill/01895f13-1989-4756-80d6-9b9ee19ddb32,GreenSkill,perform a feasibility study for building management systems,"Perform the evaluation and assessment of the potential of a building management system. Realise a standardised study to determine the energy saving contribution, costs and restrictions, and conduct research to support the process of decision making.",skill/competence,sector-specific,released,Green,high,GRN_01895f13-1989-4756-80d6-9b9ee19ddb32
http://data.europa.eu/esco/skill/02619401-8e21-46e5-8f19-204747fd755d,GreenSkill,remove contaminated materials,Remove materials and equipment which are contaminated with hazardous substances in order to protect the surroundings from further contamination and to treat or dispose of the contaminated materials.,skill/competence,sector-specific,released,Green,high,GRN_02619401-8e21-46e5-8f19-204747fd755d
http://data.europa.eu/esco/skill/02e235f4-a30a-412a-a06e-1c471ad28678,GreenSkill,follow procedures to control substances hazardous to health,"Adhere to the Control of Substances Hazardous to Health (COSHH) procedures for activities that involve hazardous substances, such as bacteria, allergens, waste oil, paint or brake fluids that result in illness or injury.",skill/competence,sector-specific,released,Green,high,GRN_02e235f4-a30a-412a-a06e-1c471ad28678
http://data.europa.eu/esco/skill/032867c3-3c53-42ad-aabe-030eeb6292ab,GreenSkill,measure trees,"Take all relevant measurements of a tree: use a clinometer to gauge the height, tape to measure the circumference, and increment borers and bark gauges to estimate the growth rate.",skill/competence,cross-sector,released,Green,high,GRN_032867c3-3c53-42ad-aabe-030eeb6292ab
http://data.europa.eu/esco/skill/03d93bf5-3c09-489c-a0d7-a895b068041a,GreenSkill,rescue animals,Rescue animals found in situations which present an immediate or potential threat to their welfare.',skill/competence,sector-specific,released,Green,high,GRN_03d93bf5-3c09-489c-a0d7-a895b068041a
http://data.europa.eu/esco/skill/04012dd1-478d-4eec-9951-dd623bfe86ca,GreenSkill,climate smart agriculture,"An integrated approach to landscape management that aims at increasing food productivity, enhance crop resilience, ensure food safety and reduce emissions and adapt to climate change.",knowledge,sector-specific,released,Green,high,GRN_04012dd1-478d-4eec-9951-dd623bfe86ca
http://data.europa.eu/esco/skill/052b829c-67c5-466f-9300-0e0b001a68ef,GreenSkill,prepare energy performance contracts,Prepare and review contracts that describe the energy performance while making sure they comply with legal requirements.,skill/competence,sector-specific,released,Green,high,GRN_052b829c-67c5-466f-9300-0e0b001a68ef
http://data.europa.eu/esco/skill/0562cd60-cd92-47c3-bc63-30a55c5ca4fe,GreenSkill,examine geochemical samples,"Analyse laboratory samples using equipment such as spectrometers, gas chromatographs, microscopes, microprobes and carbon analysers. Determine the age and characteristics of environmental samples such as minerals, rock or soil.",skill/competence,sector-specific,released,Green,high,GRN_0562cd60-cd92-47c3-bc63-30a55c5ca4fe
http://data.europa.eu/esco/skill/05e5e14f-ffa6-4106-b311-c6335ccc2bd2,GreenSkill,solar energy,"The energy which originates from light and heat from the sun, and which can be harnessed and used as a renewable source of energy using different technologies, such as photovoltaics (PV) for electricity production and solar thermal energy (STE) for thermal energy generation.",knowledge,cross-sector,released,Green,high,GRN_05e5e14f-ffa6-4106-b311-c6335ccc2bd2
http://data.europa.eu/esco/skill/0625e737-2b29-4835-ac28-aeec4a8dc0f2,GreenSkill,test paper production samples,"Acquire test samples at various stages of the paper deinking and paper recycling process. Process the samples, e.g. by adding a measured amount of dye solution, and test them to determine values such as the pH level, the tear resistance or the degree of disintegration.",skill/competence,sector-specific,released,Green,high,GRN_0625e737-2b29-4835-ac28-aeec4a8dc0f2
http://data.europa.eu/esco/skill/062ec888-7fd2-4b1e-860e-4cdcc9503ab3,GreenSkill,manage land resources permits,Study the potential impact of land resource utilisation on water and aquatic habitats. Make recommendations as to the approval or rejection of permits for those purposes.,skill/competence,sector-specific,released,Green,high,GRN_062ec888-7fd2-4b1e-860e-4cdcc9503ab3
http://data.europa.eu/esco/skill/06a4004d-ee47-44ff-ae2f-a038ba0c0256,GreenSkill,perform a feasibility study on mini wind power,"Perform the evaluation and assessment of the potential of mini wind power systems. Realise a standardised study to estimate the needed electrical power demand of the building, the part of mini wind power on total supply, and conduct research to support the process of decision making.",skill/competence,sector-specific,released,Green,high,GRN_06a4004d-ee47-44ff-ae2f-a038ba0c0256
http://data.europa.eu/esco/skill/072f35a1-98e7-4a6c-9a19-474ace5644da,GreenSkill,cultivate crops for biomass,"Carry out the cultivation of crops for bio-mass, process of crops for bio-mass.",skill/competence,sector-specific,released,Green,high,GRN_072f35a1-98e7-4a6c-9a19-474ace5644da
http://data.europa.eu/esco/skill/078e6210-224d-4331-9c8e-f881259b6bb0,GreenSkill,safe use of pesticides,"Precautions and regulations concerning the transport, storage and handling of chemical substances that exterminate pests.",knowledge,sector-specific,released,Green,high,GRN_078e6210-224d-4331-9c8e-f881259b6bb0
http://data.europa.eu/esco/skill/07c29939-d5fe-4f7f-8546-f1d02fd352db,GreenSkill,inspect silo systems,Inspect silo systems to minimise any harmful emissions during their use.,skill/competence,sector-specific,released,Green,high,GRN_07c29939-d5fe-4f7f-8546-f1d02fd352db
http://data.europa.eu/esco/skill/07ec6866-d283-46a6-991c-e8ce0c6fc159,GreenSkill,interpret scientific data to assess water quality,Analyse and interpret data like biological properties to know the quality of water.,skill/competence,cross-sector,released,Green,high,GRN_07ec6866-d283-46a6-991c-e8ce0c6fc159
http://data.europa.eu/esco/skill/081d7679-5070-4777-bece-a28c49f15636,GreenSkill,environmental policy,"Local, national and international policies dealing with the promotion of environmental sustainability and the development of projects which reduce negative environmental impact and improve the state of the environment.",knowledge,cross-sector,released,Green,high,GRN_081d7679-5070-4777-bece-a28c49f15636
http://data.europa.eu/esco/skill/089ee650-297e-4716-87d1-440743b70a0d,GreenSkill,ensure compliance with environmental legislation,"Monitor activities and perform tasks ensuring compliance with standards involving environmental protection and sustainability, and amend activities in the case of changes in environmental legislation. Ensure that the processes are compliant with environment regulations and best practices.",skill/competence,cross-sector,released,Green,high,GRN_089ee650-297e-4716-87d1-440743b70a0d
http://data.europa.eu/esco/skill/08a5f6dd-d3dd-4371-9919-6d730f34499c,GreenSkill,mount photovoltaic panels,Securely install photovoltaic panels using a specified mounting system and on the defined position and inclination.,skill/competence,occupation-specific,released,Green,high,GRN_08a5f6dd-d3dd-4371-9919-6d730f34499c
http://data.europa.eu/esco/skill/09c28e46-712a-4c11-a4ae-67ae554ea940,GreenSkill,advise on chemical use reduction,"Provide advice to reduce the use of chemicals such as pesticides, the emissions of various chemical substances to limit their impact on the environment, as well as shorten their risk for people. Keep up to date with regulations and policies in the field.",skill/competence,cross-sector,released,Green,high,GRN_09c28e46-712a-4c11-a4ae-67ae554ea940
http://data.europa.eu/esco/skill/0aabb61b-5382-490a-bf44-375858f9cd3e,GreenSkill,types of tidal stream generators,"Different types of generators such as crossflow turbines, flow augmented turbines, venturi effect devices, or tidal kite turbines. They are used to draw energy from water currents, either in rivers, or estuaries profiting the tidal range, as well as in the offshore underwater currents. ",knowledge,sector-specific,released,Green,high,GRN_0aabb61b-5382-490a-bf44-375858f9cd3e
http://data.europa.eu/esco/skill/0ad6d5e8-593f-4191-843c-439b23a468ca,GreenSkill,conduct energy audit,Analyse and evaluate the energy consumption in a systematic manner in order to improve the energy performance.,skill/competence,sector-specific,released,Green,high,GRN_0ad6d5e8-593f-4191-843c-439b23a468ca
http://data.europa.eu/esco/skill/0b4f100c-813d-4eec-8aa5-4227bb98c635,GreenSkill,ship related legislative requirements,"Conventions of the International Maritime Organization (IMO) concerning safety of life at sea, security and protection of the marine environment.",knowledge,sector-specific,released,Green,high,GRN_0b4f100c-813d-4eec-8aa5-4227bb98c635
http://data.europa.eu/esco/skill/0bca9840-478a-40fd-a6c3-c8cc923add98,GreenSkill,develop management plans,"Develop management plans to maintain fisheries and habitat, or restore them when necessary.",skill/competence,sector-specific,released,Green,high,GRN_0bca9840-478a-40fd-a6c3-c8cc923add98
http://data.europa.eu/esco/skill/0cf3117a-c627-48e0-8d55-65b0f4557ae5,GreenSkill,apply sustainable tillage techniques,Apply sustainable tillage techniques such as conservation tillage or no till farming in order to minimise the impact on soil.,skill/competence,sector-specific,released,Green,high,GRN_0cf3117a-c627-48e0-8d55-65b0f4557ae5
http://data.europa.eu/esco/skill/0d0fe364-462d-48dd-b54b-e972e2bdecb1,GreenSkill,types of insulation material,"Various types of insulation material and their usage cases, advantages, risks and costs.",knowledge,cross-sector,released,Green,high,GRN_0d0fe364-462d-48dd-b54b-e972e2bdecb1
http://data.europa.eu/esco/skill/0d75a128-bd88-4c1b-b70d-8e963aeb490c,GreenSkill,adopt ways to reduce pollution,"Apply measures to reduce air, noise, light, water or environmental pollution, for example by using public transports, not leaving any waste in the natural environment, and reducing unnecessary light and noise emissions, particularly during the night.  ",skill/competence,transversal,released,Green,high,GRN_0d75a128-bd88-4c1b-b70d-8e963aeb490c
http://data.europa.eu/esco/skill/0d7f5ea2-dee7-4d6f-9f1d-93772148e6f8,GreenSkill,assess management of animals,"Evaluate the management of a wide range of animals including the care, welfare and housing environment of animals in a zoo, wildlife park, stable, farm or animal research facility.",skill/competence,sector-specific,released,Green,high,GRN_0d7f5ea2-dee7-4d6f-9f1d-93772148e6f8
http://data.europa.eu/esco/skill/0e0b8991-4b24-4bb8-9113-df3ce43c1ff9,GreenSkill,advise on mining environmental issues,"Advise engineers, surveyors, geotechnical staff and metallurgists on environmental protection and land rehabilitation related to mining activities.",skill/competence,sector-specific,released,Green,high,GRN_0e0b8991-4b24-4bb8-9113-df3ce43c1ff9
http://data.europa.eu/esco/skill/0e628dde-8d1b-4a1d-b973-a349fe1725c8,GreenSkill,conduct sediment control,Manage sediment control processes and projects. Plan sediment control actions to prevent eroded soil from polluting nearby waterways.,skill/competence,sector-specific,released,Green,high,GRN_0e628dde-8d1b-4a1d-b973-a349fe1725c8
http://data.europa.eu/esco/skill/0e78d9c9-7c3c-4c5c-82cb-205c16edbcb8,GreenSkill,green computing,"The use of ICT systems in an environmentally responsible and sustainable manner, such as the implementation of energy-efficient servers and central processing units (CPUs), reduction of resources and correct disposal of e-waste.",knowledge,occupation-specific,released,Green,high,GRN_0e78d9c9-7c3c-4c5c-82cb-205c16edbcb8
http://data.europa.eu/esco/skill/0e81fcff-2fb5-4c87-afc2-49b5e5d9db50,GreenSkill,operate biogas plant,"Operate equipment which treats energy crops and waste from farms, called anaerobic digesters. Ensure the equipment functions correctly in the transformation of biomass to biogas which is used for the generation of heat and electricity.",skill/competence,occupation-specific,released,Green,high,GRN_0e81fcff-2fb5-4c87-afc2-49b5e5d9db50
http://data.europa.eu/esco/skill/0f4cc60e-820e-439d-8810-31a2cc27ada6,GreenSkill,use water disinfection equipment,"Operate equipment for water disinfection, using different methods and techniques, such as mechanical filtration, depending on needs.",skill/competence,sector-specific,released,Green,high,GRN_0f4cc60e-820e-439d-8810-31a2cc27ada6
http://data.europa.eu/esco/skill/101e6f4c-c892-4812-9e2c-f2b888771bb3,GreenSkill,test wind turbine blades,"Test new designs of wind turbine blades which are meant for usage on wind farms, ensuring that the blades are functional and safe for usage on the target wind farm.",skill/competence,sector-specific,released,Green,high,GRN_101e6f4c-c892-4812-9e2c-f2b888771bb3
http://data.europa.eu/esco/skill/103f7814-d262-4df6-a1b6-759bc51f76cb,GreenSkill,sustainable technologies,"Technologies with the aim of reducing environmental and ecological risks, achieving at the same time, a positive economic, social, and environmental impact. They are innovative technologies designed to prevent, reduce and recover from the negative impact of humanity in the planet. ",knowledge,cross-sector,released,Green,high,GRN_103f7814-d262-4df6-a1b6-759bc51f76cb
http://data.europa.eu/esco/skill/108320f7-c8a1-4386-aed9-91054ab05619,GreenSkill,develop agricultural policies,"Develop programmes for development of new technologies and methodologies in agriculture, as well as the development and implementation of improved sustainability and environmental awareness in agriculture.",skill/competence,cross-sector,released,Green,high,GRN_108320f7-c8a1-4386-aed9-91054ab05619
http://data.europa.eu/esco/skill/10ff3d22-1f29-48bc-98e4-63fc61c78034,GreenSkill,social alliances,"The creation of partnerships between different actors (businesses, non-profit organisations or public sector organisations) through which they share resources and knowledge for a common cause: typically to solve a social or environmental challenge.",knowledge,sector-specific,released,Green,high,GRN_10ff3d22-1f29-48bc-98e4-63fc61c78034
http://data.europa.eu/esco/skill/111b9dad-b2e0-4b55-8d0f-2e41cb435f64,GreenSkill,ensure no harmful effects on feed additives,Ensure that feed additives undergo scientific evaluation to assess if the additive has any harmful effects on human or animal health or on the environment.,skill/competence,occupation-specific,released,Green,high,GRN_111b9dad-b2e0-4b55-8d0f-2e41cb435f64
http://data.europa.eu/esco/skill/114a79ef-1e62-475b-a862-954f5b4cca20,GreenSkill,develop waste management processes,"Develop equipment, methods, and procedures which can be applied in various types of waste treatment and disposal facilities in order to improve efficiency of waste management processes, reduce environmental impact, and ensure the safety of staff operational in waste management. Trainings for waste incinerators are excluded.",skill/competence,sector-specific,released,Green,high,GRN_114a79ef-1e62-475b-a862-954f5b4cca20
http://data.europa.eu/esco/skill/118796d8-28a3-4865-bcd0-d037f4abcc0f,GreenSkill,coordinate greenhouse environment,Take care of the heating and cooling of greenhouses. Work together with the Grounds and Buildings Manager in keeping the irrigation systems and the horticultural equipment in good condition.,skill/competence,sector-specific,released,Green,high,GRN_118796d8-28a3-4865-bcd0-d037f4abcc0f
http://data.europa.eu/esco/skill/128f318e-1bc8-4921-821f-b0aad1d98922,GreenSkill,determine appropriate heating and cooling system ,"Determine the appropriate system in relation to available energy sources (soil, gas, electricity, district etc) and that fit the NZEB demands.",skill/competence,sector-specific,released,Green,high,GRN_128f318e-1bc8-4921-821f-b0aad1d98922
http://data.europa.eu/esco/skill/12d7ea6f-ec1f-4f9a-a50b-8e2e9693f068,GreenSkill,hazardous materials transportation,"Regulations and safety procedures which are involved in the transportation of hazardous materials and products, such as hazardous waste, chemicals, explosives, and flammable materials.",knowledge,sector-specific,released,Green,high,GRN_12d7ea6f-ec1f-4f9a-a50b-8e2e9693f068
http://data.europa.eu/esco/skill/1565b401-1754-4b07-8f1a-eb5869e64d95,GreenSkill,climate change impact,The impact of climate change on biodiversity and life conditions for plants and animals.,knowledge,cross-sector,released,Green,high,GRN_1565b401-1754-4b07-8f1a-eb5869e64d95
http://data.europa.eu/esco/skill/15c522eb-cd6d-4b00-9d95-db20c0f8df88,GreenSkill,energy saving potential of automated shift systems,Potential to save energy in automated shift systems through mechanisms such as improved efficiency and better anticipation of upcoming events.,knowledge,occupation-specific,released,Green,high,GRN_15c522eb-cd6d-4b00-9d95-db20c0f8df88
http://data.europa.eu/esco/skill/17446f6d-d8b0-4945-a37b-9ad0dfc9f3e8,GreenSkill,design a solar absorption cooling system,"Design an absorption cooling generation system with solar regeneration by heat tube collectors. Calculate accurate cooling demand of the building in order to select the right capacity (kW). Make a detailed design of the installation, principle, automatisation strategy, using available products and concepts, select fitted products.",skill/competence,sector-specific,released,Green,high,GRN_17446f6d-d8b0-4945-a37b-9ad0dfc9f3e8
http://data.europa.eu/esco/skill/17447ce4-4c4a-4158-b1ea-03ed5364b4e8,GreenSkill,manage plans for the storage of organic by-products,Implement methods and procedures for the storage of organic by-products in line with existing legislation and health and safety policies. Monitor the plans implementation and react to potential issues.,skill/competence,occupation-specific,released,Green,high,GRN_17447ce4-4c4a-4158-b1ea-03ed5364b4e8
http://data.europa.eu/esco/skill/186da517-9a3e-41cd-9158-4001e3694459,GreenSkill,organic farming,"Principles, techniques and regulations of organic farming. Organic farming or ecological agriculture is an agricultural production method, which places a strong emphasis on environmental protection and ecological balance.",knowledge,sector-specific,released,Green,high,GRN_186da517-9a3e-41cd-9158-4001e3694459
http://data.europa.eu/esco/skill/189777b9-6e95-4f76-b8db-f8e0f0477bc6,GreenSkill,develop irrigation strategies,"Plan the deployment of methods and procedures for watering the land by artificial means, taking into account strategies for water use sustainability. Put in place measures for safe re-use of water, improve efficiency in the use of the water for irrigation and preserve the status of water bodies during the creation or expansion of new or existing irrigation systems.
 ",skill/competence,sector-specific,released,Green,high,GRN_189777b9-6e95-4f76-b8db-f8e0f0477bc6
http://data.europa.eu/esco/skill/18d3f89a-6ac5-4ca6-bf93-0baec4e13bcd,GreenSkill,install photovoltaic systems,"Install systems which generate electrical energy through the conversion of light into electric currents, the photovoltaic effect. Ensure compliance with regulations, and correct installation of the photovoltaic power system.",skill/competence,occupation-specific,released,Green,high,GRN_18d3f89a-6ac5-4ca6-bf93-0baec4e13bcd
http://data.europa.eu/esco/skill/192f3ca9-2232-40d0-b241-387966ce2de8,GreenSkill,waste transport legislation,"Regulations and legislation concerning the safe transportation of hazardous and non-hazardous waste materials, products, and appliances.",knowledge,cross-sector,released,Green,high,GRN_192f3ca9-2232-40d0-b241-387966ce2de8
http://data.europa.eu/esco/skill/1a09db78-cbcf-428a-a23c-5c3f3951cc4c,GreenSkill,monitor civic recycling sites,"Monitor sites and facilities which contain recycling points and in which individuals can dispose of domestic waste, in order to ensure safety, compliance with legislation, and that the public uses the facilities in compliance with waste regulations.",skill/competence,sector-specific,released,Green,high,GRN_1a09db78-cbcf-428a-a23c-5c3f3951cc4c
http://data.europa.eu/esco/skill/1a6c7e0d-fc13-41d7-a5c0-8ca00606de89,GreenSkill,promote sustainable energy,"Promote the use of renewable electricity and heat generation sources to organisations and individuals, in order to work towards a sustainable future and encourage sales of renewable energy equipment, such as solar power equipment.",skill/competence,sector-specific,released,Green,high,GRN_1a6c7e0d-fc13-41d7-a5c0-8ca00606de89
http://data.europa.eu/esco/skill/1aae38c8-f75a-4009-8aa0-c5fa94b06e6b,GreenSkill,manage water quality testing,"Direct the procedures surrounding the testing and quality analysis of water and subsequent purification procedures by managing operations from collection of samples to laboratory testing, managing staff, and ensuring compliance with legislation.",skill/competence,cross-sector,released,Green,high,GRN_1aae38c8-f75a-4009-8aa0-c5fa94b06e6b
http://data.europa.eu/esco/skill/1ab1449d-5b65-458b-b115-f5283a52da8e,GreenSkill,advise on utility consumption,"Advise individuals or organisations on methods in which they can reduce their consumption of utilities, such as heat, water, gas, and electricity, in order for them to save money and incorporate sustainable practices.",skill/competence,sector-specific,released,Green,high,GRN_1ab1449d-5b65-458b-b115-f5283a52da8e
http://data.europa.eu/esco/skill/1b270383-b30c-4092-a9ed-b1637ecf2b79,GreenSkill,use meteorological information,Use and interpret meteorological information for operations dependent on climatic conditions. Use this information to provide advise on safe operations in relation to weather conditions.,skill/competence,sector-specific,released,Green,high,GRN_1b270383-b30c-4092-a9ed-b1637ecf2b79
http://data.europa.eu/esco/skill/1b644187-7c16-4685-bc80-fe1279492dea,GreenSkill,coordinate sewage sludge handling,"Coordinate the treatment and disposal of the semi-solid residues resulting from the wastewater treatment such as energy winning through fermentation, drying and reuse as fertilizer.",skill/competence,sector-specific,released,Green,high,GRN_1b644187-7c16-4685-bc80-fe1279492dea
http://data.europa.eu/esco/skill/1b718a43-4295-44cc-9530-78323bbeb663,GreenSkill,lab scale fermentation,"The steps and requirements included in lab scale fermentation for the conversion of the biomass into chemicals, sugars or fuels.",knowledge,occupation-specific,released,Green,high,GRN_1b718a43-4295-44cc-9530-78323bbeb663
http://data.europa.eu/esco/skill/1b73b2a7-aefc-49ef-8b30-b90ca7429984,GreenSkill,advise customers on building materials,"Provide customers with detailed advice on various building materials; recommend sustainable development and promote the use of green materials such as wood, straw and bamboo; promote recycling and the use of renewable or non-toxic materials.",skill/competence,sector-specific,released,Green,high,GRN_1b73b2a7-aefc-49ef-8b30-b90ca7429984
http://data.europa.eu/esco/skill/1b94ad6c-c54d-4bdd-858d-81ebef51c5a4,GreenSkill,sustainable footwear materials and components,"Environment friendly materials and components including leather, textiles and synthetics, materials for soles and midsoles, miscellaneous components and accessories.",knowledge,sector-specific,released,Green,high,GRN_1b94ad6c-c54d-4bdd-858d-81ebef51c5a4
http://data.europa.eu/esco/skill/1c4fa8a3-7f7e-4c63-a36c-89e4321774d6,GreenSkill,determine historic climate changes,"Analyse samples taken from ice cores, tree rings, sediments, etc. in order to gain information on climate changes during the history of Earth and their consequences for life on the planet.",skill/competence,occupation-specific,released,Green,high,GRN_1c4fa8a3-7f7e-4c63-a36c-89e4321774d6
http://data.europa.eu/esco/skill/1c8a92d4-18b9-4279-898c-ad89233bb511,GreenSkill,monitor ingredient storage,Monitor ingredient storage and expiry dates via weekly reporting leading to good stock rotation and reduction of waste.,skill/competence,sector-specific,released,Green,high,GRN_1c8a92d4-18b9-4279-898c-ad89233bb511
http://data.europa.eu/esco/skill/1c9bb265-6ff7-428e-9a72-9c8df75178b8,GreenSkill,assess impact of industrial activities,Analyse data to estimate the impact of industrial activities on resource availability and groundwater quality.,skill/competence,cross-sector,released,Green,high,GRN_1c9bb265-6ff7-428e-9a72-9c8df75178b8
http://data.europa.eu/esco/skill/1cf20c3c-027e-45f4-bad1-c91b98726d28,GreenSkill,provide information on geothermal heat pumps,"Provide organisations and individuals searching for alternative methods to provide buildings with energy on the cost, benefits, and negative aspects of the installation and use of geothermal heat pumps for utility services, and what one must take into account when considering the purchase and installation of geothermal heat pumps.",skill/competence,sector-specific,released,Green,high,GRN_1cf20c3c-027e-45f4-bad1-c91b98726d28
http://data.europa.eu/esco/skill/1d4ddf05-510a-424a-85d3-2305558665c5,GreenSkill,research ocean energy projects,Conduct wave and tidal energy project research and develop the projects from concept to delivery.,skill/competence,sector-specific,released,Green,high,GRN_1d4ddf05-510a-424a-85d3-2305558665c5
http://data.europa.eu/esco/skill/1de91358-6ad3-4513-b975-396c61cf8858,GreenSkill,advise on fitted ventilation systems,"Investigate and advise on a ventilation system that fits the energy demands but also guarantees good indoor air quality according to minimum indoor air quality levels. Consider alternative ways of ventilation (e.g., stack ventilation, use of chimney effect, natural ventilation).",skill/competence,sector-specific,released,Green,high,GRN_1de91358-6ad3-4513-b975-396c61cf8858
http://data.europa.eu/esco/skill/1e2e8415-0a45-466b-ba7b-25c0e72538c1,GreenSkill,perform a feasibility study on district heating and cooling,"Perform the evaluation and assessment of the potential of district heating and cooling system. Realise a standardised study to determine the costs, restrictions, and the demand for heating and cooling of the buildings and conduct research to support the process of decision making.",skill/competence,sector-specific,released,Green,high,GRN_1e2e8415-0a45-466b-ba7b-25c0e72538c1
http://data.europa.eu/esco/skill/1e3222fa-724d-41f0-9b0a-e88d1003cd35,GreenSkill,perform a feasibility study on solar absorption cooling,"Perform the evaluation and assessment of the potential of the application of solar cooling. Realise a standardised study to estimate the cooling demand of the building, costs, benefits and life cycle analysis, and conduct research to support the process of decision making.",skill/competence,sector-specific,released,Green,high,GRN_1e3222fa-724d-41f0-9b0a-e88d1003cd35
http://data.europa.eu/esco/skill/1ead478f-4e9d-4aa7-a728-823fc1e894f5,GreenSkill,assess waste type,"Identify waste materials during collection and sorting operations in order to assess whether they need to be recycled, disposed of, or otherwise be treated.",skill/competence,sector-specific,released,Green,high,GRN_1ead478f-4e9d-4aa7-a728-823fc1e894f5
http://data.europa.eu/esco/skill/1ee7d019-9226-4844-925f-a8a8c4db3444,GreenSkill,coordinate airport environmental policies,"Direct and coordinate airport environmental policies and regulations to mitigate impact of airport activities e.g. noise, reduced air quality, heavy local traffic, or the presence of hazardous materials.",skill/competence,sector-specific,released,Green,high,GRN_1ee7d019-9226-4844-925f-a8a8c4db3444
http://data.europa.eu/esco/skill/1f632076-fd9b-4b18-a9a2-b59a59181d3e,GreenSkill,urban planning law,"Investments and urban development agreements. Legislative developments regarding construction in terms of environmental, sustainability, social and financial matters.",knowledge,cross-sector,released,Green,high,GRN_1f632076-fd9b-4b18-a9a2-b59a59181d3e
http://data.europa.eu/esco/skill/1fe682ad-b8a2-44bb-a557-7eccf79b2014,GreenSkill,operate recycling processing equipment,"Operate recycling processing equipment such as granulators, crushers and balers; process and sort materials to be recycled.",skill/competence,cross-sector,released,Green,high,GRN_1fe682ad-b8a2-44bb-a557-7eccf79b2014
http://data.europa.eu/esco/skill/203083ca-b051-4c28-8986-fc8731bacee5,GreenSkill,sustainable finance,"The process of integrating environmental, social and governance (ESG) considerations when making business or investment decisions, leading to increased longer-term investments into sustainable economic activities and projects.",knowledge,sector-specific,released,Green,high,GRN_203083ca-b051-4c28-8986-fc8731bacee5
http://data.europa.eu/esco/skill/21331900-9d2a-4806-9a0c-a1885e16dc3d,GreenSkill,perform forest analysis,Develop situation analysis reports on biodiversity and genetic resources relevant to forestry.,skill/competence,sector-specific,released,Green,high,GRN_21331900-9d2a-4806-9a0c-a1885e16dc3d
http://data.europa.eu/esco/skill/214c892e-e236-4e5f-9824-47316528cb42,GreenSkill,manage habitats to benefit game,Develop and apply a habitat management plan,skill/competence,occupation-specific,released,Green,high,GRN_214c892e-e236-4e5f-9824-47316528cb42
http://data.europa.eu/esco/skill/215d64d0-a698-4508-b1b4-3d8a56b3ce9e,GreenSkill,develop forestry strategies,Build up forestry policies in order to enhance their sustainable management and to improve communication linked to forestry operations. These plans are meant to tackle issues regarding correlated environmental and societal changes.,skill/competence,sector-specific,released,Green,high,GRN_215d64d0-a698-4508-b1b4-3d8a56b3ce9e
http://data.europa.eu/esco/skill/21934d08-3535-4dc2-ae67-fde9fd21dc60,GreenSkill,determine internal air quality parameters,Apply the knowledge of essential indoor environmental quality parameters to select the most appropriate ones for the Building Management System (BMS).,skill/competence,sector-specific,released,Green,high,GRN_21934d08-3535-4dc2-ae67-fde9fd21dc60
http://data.europa.eu/esco/skill/21c27eba-bd1f-42f5-a1d5-c250227030f7,GreenSkill,electricity consumption,"The different factors which are involved in the calculation and estimation of electricity consumption in a residence or facility, and methods in which electricity consumption can be lowered or made more efficient.",knowledge,cross-sector,released,Green,high,GRN_21c27eba-bd1f-42f5-a1d5-c250227030f7
http://data.europa.eu/esco/skill/22c45bf7-e52b-475f-847b-c32a87f65a5d,GreenSkill,circular economy,"The circular economy aims to keep materials and products in use for as long as possible, extracting the maximum value from them while in use and recycling them at the end of their life cycle. It improves resource efficiency and helps to reduce the demand for virgin materials.",knowledge,cross-sector,released,Green,high,GRN_22c45bf7-e52b-475f-847b-c32a87f65a5d
http://data.europa.eu/esco/skill/23072dbb-e93b-48ab-8756-c64f74aaab26,GreenSkill,apply forest legislation,Apply laws that govern activities in forest lands in order to protect resources and prevent harmful actions such as forest clearing and logging. ,skill/competence,cross-sector,released,Green,high,GRN_23072dbb-e93b-48ab-8756-c64f74aaab26
http://data.europa.eu/esco/skill/23759dba-1abd-4865-b0f9-608012348870,GreenSkill,geothermal power plant operations,"The different steps in the production of electricity from geothermal energy and the function of all the components of the required equipment such as pumps, compressors, heat exchangers and turbines.",knowledge,sector-specific,released,Green,high,GRN_23759dba-1abd-4865-b0f9-608012348870
http://data.europa.eu/esco/skill/23845010-4c1e-41d3-94a3-940bcab65bce,GreenSkill,monitor nature conservation,Evaluating and monitoring features of nature conservation interest in habitats and sites.,skill/competence,sector-specific,released,Green,high,GRN_23845010-4c1e-41d3-94a3-940bcab65bce
http://data.europa.eu/esco/skill/23872ce8-ea42-44ac-9b00-ccc0dc407209,GreenSkill,perform a feasibility study on electric heating,Perform the evaluation and assessment of the potential of electric heating. Realise a standardised study to determine whether the application of electric heating is appropriate under the given condition and conduct research to support the process of decision making.,skill/competence,sector-specific,released,Green,high,GRN_23872ce8-ea42-44ac-9b00-ccc0dc407209
http://data.europa.eu/esco/skill/23cb29ec-5738-4966-8453-09952ed8c1fc,GreenSkill,develop bioremediation techniques,Research and elaborate new methods to neutralise or remove contaminants using organisms that will transform pollutants into less toxic substances.,skill/competence,occupation-specific,released,Green,high,GRN_23cb29ec-5738-4966-8453-09952ed8c1fc
http://data.europa.eu/esco/skill/23d254ea-dfea-4e2e-b032-8f0ac7baa220,GreenSkill,plan tanning finishing operations,Plan the finishing operations to produce leather. Adjust the formulation of finishing operation according to each type of leather market destination. Avoid volatile organic compounds (VOCs) emissions.,skill/competence,occupation-specific,released,Green,high,GRN_23d254ea-dfea-4e2e-b032-8f0ac7baa220
http://data.europa.eu/esco/skill/23dc8bb2-1091-461e-9095-a048b7ffa009,GreenSkill,airport environmental regulations,"The official regulations for environmental standards in airports as dictated by national codes for planning airport facilities and related developments. These include regulatory aspects which govern noise and environmental aspects, sustainability measures, and impacts in relation to land use, emissions, and wildlife hazard mitigation.",knowledge,sector-specific,released,Green,high,GRN_23dc8bb2-1091-461e-9095-a048b7ffa009
http://data.europa.eu/esco/skill/2474e095-309f-4283-b880-6a3a9aec4d34,GreenSkill,assess harvesting impact on wildlife,Monitor wildlife populations and habitats for the impact of timber harvesting and other forest operations.,skill/competence,sector-specific,released,Green,high,GRN_2474e095-309f-4283-b880-6a3a9aec4d34
http://data.europa.eu/esco/skill/2479ac51-f43f-42d1-a912-ff000b351439,GreenSkill,coordinate forestry research,"Coordinate forestry research studies which involve forestry management and conservation, tree improvement, agroforestry, silviculture, pathology and soil selection aiming to improve productivity.",skill/competence,occupation-specific,released,Green,high,GRN_2479ac51-f43f-42d1-a912-ff000b351439
http://data.europa.eu/esco/skill/2492becf-6769-4431-8e95-bee41b36232a,GreenSkill,ensure responsible sourcing in food supply chains,Strive to ensure food supply chain products and ingredients are sourced sustainably. This involves full compliance with labour and environmental law as well as working with local suppliers to reduce the environmental footprint of the supply chain.,skill/competence,sector-specific,released,Green,high,GRN_2492becf-6769-4431-8e95-bee41b36232a
http://data.europa.eu/esco/skill/24ae68dc-59c5-4156-b25b-3070bfdaa79e,GreenSkill,follow environmentally sustainable work practices in the veterinary sector,"Contribute to the protection of the environment by complying with the sustainability principles, policies, and regulations related to working with animals.",skill/competence,occupation-specific,released,Green,high,GRN_24ae68dc-59c5-4156-b25b-3070bfdaa79e
http://data.europa.eu/esco/skill/25fb676a-cf69-487d-a9c1-273c6f291b6a,GreenSkill,wind energy,"Renewable energy that harnesses the power of wind, transforming air kinetic energy into electrical. Wind energy requires the construction of land or high sea wind farms as the extraction of energy takes place through wind turbines. ",knowledge,sector-specific,released,Green,high,GRN_25fb676a-cf69-487d-a9c1-273c6f291b6a
http://data.europa.eu/esco/skill/270c4de9-97f9-4a7a-95d1-63670f1ec3bc,GreenSkill,ecosystem management,The set of approaches that takes into account the effect of a management decision on other elements of an ecosystem. It also addresses the optimization of diverse management strategies and the challenges that arise from fragmented landscapes.,knowledge,sector-specific,released,Green,high,GRN_270c4de9-97f9-4a7a-95d1-63670f1ec3bc
http://data.europa.eu/esco/skill/27ad6528-0914-4049-87c0-2f05791d0e2e,GreenSkill,design a domotic system in buildings,"Design a complete domotic system for buildings, taking into account every chosen component. Make a weighting and balancing between which components and systems should be included in domotics and which are less useful to include, in relation to energy saving.",skill/competence,sector-specific,released,Green,high,GRN_27ad6528-0914-4049-87c0-2f05791d0e2e
http://data.europa.eu/esco/skill/27b6623b-e09c-4112-9672-8ddb9e354b9e,GreenSkill,land use for airport planning,"The principles that govern the use of land for human activities within and surrounding airports, including the impact on natural resources such as water, soil, nutrients and wildlife.",knowledge,occupation-specific,released,Green,high,GRN_27b6623b-e09c-4112-9672-8ddb9e354b9e
http://data.europa.eu/esco/skill/2879e8f6-037a-49ed-ba73-6f7d7766223e,GreenSkill,food waste monitoring systems,"The characteristics, benefits and ways of using digital tools to collect, monitor and evaluate data on food waste in an organisation or hospitality establishment.",knowledge,sector-specific,released,Green,high,GRN_2879e8f6-037a-49ed-ba73-6f7d7766223e
http://data.europa.eu/esco/skill/28ad7c97-9fb3-4b1d-846a-654e529ab8ac,GreenSkill,sustainable manufacturing,The generation of manufactured products using efficient and sustainable production process that enhances the conservation of natural and energy resources while minimizing negative environmental impacts. ,knowledge,cross-sector,released,Green,high,GRN_28ad7c97-9fb3-4b1d-846a-654e529ab8ac
http://data.europa.eu/esco/skill/28bc5334-5372-4bd6-8458-c2b516dd6104,GreenSkill,collect industrial waste,"Collect non-hazardous or hazardous waste which is produced by industrial activities, such as paints, chemicals, industrial byproducts, and radioactive waste.",skill/competence,cross-sector,released,Green,high,GRN_28bc5334-5372-4bd6-8458-c2b516dd6104
http://data.europa.eu/esco/skill/29bfe2cd-f011-4f94-a3aa-f77768e60460,GreenSkill,analyse energy consumption,Evaluate and analyse the total amount of energy used by a company or an institution by assessing the needs linked to the operative processes and by identifying the causes of superfluous consumption.,skill/competence,cross-sector,released,Green,high,GRN_29bfe2cd-f011-4f94-a3aa-f77768e60460
http://data.europa.eu/esco/skill/29c60c96-d71c-4a6e-ad81-fca0a4e48925,GreenSkill,habitat restoration,"The process of repairing and rehabilitating areas that suffered habitat destruction, alteration of seafloor or the threat of extinction of some animal and plant species. Habitat restoration also involves the mitigation of pollution, erosion, and deforestation. The restoration procedure to recreate biodiversity and an operating ecosystem requires knowledge on protection, management and re-establishment of species by returning biotic and abiotic factors to historical levels. ",knowledge,sector-specific,released,Green,high,GRN_29c60c96-d71c-4a6e-ad81-fca0a4e48925
http://data.europa.eu/esco/skill/29f57ff2-2f7f-41e2-a1ed-30b3175c91a3,GreenSkill,inspect roof for source of rainwater contamination,"Make sure the roof that will collect rainwater does not contaminate the water with chemicals, disease vectors and other biological contaminants.",skill/competence,sector-specific,released,Green,high,GRN_29f57ff2-2f7f-41e2-a1ed-30b3175c91a3
http://data.europa.eu/esco/skill/2a2e85d7-75cc-40b4-8a34-82277d72eb84,GreenSkill,supervise waste disposal,Supervise disposal of biological waste and chemical waste according to regulations.,skill/competence,sector-specific,released,Green,high,GRN_2a2e85d7-75cc-40b4-8a34-82277d72eb84
http://data.europa.eu/esco/skill/2a45f2d1-8f1a-4c62-9332-cfd3535d9d35,GreenSkill,maintain water treatment equipment,Perform repairs and routine maintenance tasks on equipment used in the purification and treatment processes of water and waste water.,skill/competence,sector-specific,released,Green,high,GRN_2a45f2d1-8f1a-4c62-9332-cfd3535d9d35
http://data.europa.eu/esco/skill/2a58e994-74b9-4211-85ac-cfb409a9b667,GreenSkill,botany,"The taxonomy or classification of plant life, phylogeny and evolution, anatomy and morphology, and physiology.",knowledge,sector-specific,released,Green,high,GRN_2a58e994-74b9-4211-85ac-cfb409a9b667
http://data.europa.eu/esco/skill/2a74063a-d4b1-42fb-bc90-cb8c06ff53ec,GreenSkill,install solar water heater,"Place solar water heaters, which use sunlight to heat water. Find a good location for the heaters, often on the roof of a structure, place them, and connect them to the water supply. Set up the water heater for use.",skill/competence,cross-sector,released,Green,high,GRN_2a74063a-d4b1-42fb-bc90-cb8c06ff53ec
http://data.europa.eu/esco/skill/2a910a87-2253-404c-b75d-05af9b3363e3,GreenSkill,perform forest diseases control,"Protect the forest crops against pests and diseases by applying chemical control measures, sanitation and eradication.",skill/competence,occupation-specific,released,Green,high,GRN_2a910a87-2253-404c-b75d-05af9b3363e3
http://data.europa.eu/esco/skill/2a95d8f8-dcd8-4052-9805-2dd9c507d372,GreenSkill,manage ocean-going oil tankers,Manage lightering operations of ocean-going oil tankers and ensure that procedures throughout the operations are safe and environmentally sound.,skill/competence,sector-specific,released,Green,high,GRN_2a95d8f8-dcd8-4052-9805-2dd9c507d372
http://data.europa.eu/esco/skill/2aaad52d-599e-4e77-a681-bbc236825821,GreenSkill,evaluate environmental impact of personal behaviour,Adopt a sustainability-oriented mindset in you daily life and reflect on your personal ecological attitude and on the environmental impact of your behaviour.,skill/competence,transversal,released,Green,high,GRN_2aaad52d-599e-4e77-a681-bbc236825821
http://data.europa.eu/esco/skill/2afefe51-4dcf-4314-a014-7c0477ee7372,GreenSkill,perform water treatments,"Perform regularly water testing, ensuring that water management and filtration processes follow reasonable management practices, industry standards, or commonly accepted farming practices. Record previous water contaminations, the source of contamination and contamination remedied. Take mitigation measures to guard against further contamination.",skill/competence,sector-specific,released,Green,high,GRN_2afefe51-4dcf-4314-a014-7c0477ee7372
http://data.europa.eu/esco/skill/2b281511-176e-4f7c-a581-0875d3c4cb51,GreenSkill,forestry regulations,"The legal rules applicable to forestry: agricultural law, rural law, and laws on hunting and fishing.",knowledge,sector-specific,released,Green,high,GRN_2b281511-176e-4f7c-a581-0875d3c4cb51
http://data.europa.eu/esco/skill/2b8d193d-4e87-41d0-8221-979c274b935c,GreenSkill,ensure compliance with aquaculture standards,Ensure that operations comply with standards for sustainable aquaculture.,skill/competence,sector-specific,released,Green,high,GRN_2b8d193d-4e87-41d0-8221-979c274b935c
http://data.europa.eu/esco/skill/2bc626f8-32ce-4131-9f65-c52929d55a95,GreenSkill,electric heating systems,"Electric heating systems contribute to indoor comfort and energy saving under the right conditions (low frequency use, or very highly insulated buildings). They include InfraRed and electric floor/wall heating.",knowledge,sector-specific,released,Green,high,GRN_2bc626f8-32ce-4131-9f65-c52929d55a95
http://data.europa.eu/esco/skill/2bdc2f65-b42f-4963-abff-d7214ca4caae,GreenSkill,emission standards,The legal limitations of the amount of pollutants that can be emitted into the environment. The EU legislative framework regulating emission standards for driving vehicles.,knowledge,cross-sector,released,Green,high,GRN_2bdc2f65-b42f-4963-abff-d7214ca4caae
http://data.europa.eu/esco/skill/2be2d20e-1191-4f85-8f8c-d49a60ca428a,GreenSkill,educate on recycling regulations,"Educate organisations and individuals on the correct procedures and legislation concerning the recycling of different types of waste in different types of containers, waste collection procedures, and on the sanctions following non-compliance to legislation.",skill/competence,sector-specific,released,Green,high,GRN_2be2d20e-1191-4f85-8f8c-d49a60ca428a
http://data.europa.eu/esco/skill/2c8199c8-4e40-49b3-b878-caee6e1c1bc0,GreenSkill,investigate pollution,"Identify the cause of pollution incidents, as well as its nature and the extent of the risks, by performing tests on the site of pollution as well as in a laboratory and performing research.",skill/competence,sector-specific,released,Green,high,GRN_2c8199c8-4e40-49b3-b878-caee6e1c1bc0
http://data.europa.eu/esco/skill/2cb27e30-2be7-4a09-9502-fdd2102c046b,GreenSkill,carry out training in environmental matters,Perform staff training and ensure all members of the workforce understand how they can contribute to improved environmental performance.,skill/competence,cross-sector,released,Green,high,GRN_2cb27e30-2be7-4a09-9502-fdd2102c046b
http://data.europa.eu/esco/skill/2d158a78-179e-48e3-ab6f-dd5df7aedadb,GreenSkill,manage aquatic habitat,"Remove artificial barriers to aquatic organism movement, such as culverts and dams. Maintain and restore natural vegetation along shorelines. Minimise erosion along developed shorelines.  Prevent the spread of aquatic invasive species and pathogens and control where possible.",skill/competence,occupation-specific,released,Green,high,GRN_2d158a78-179e-48e3-ab6f-dd5df7aedadb
http://data.europa.eu/esco/skill/2d73b2d4-2dfd-42e9-a9f4-106d9c58a4b9,GreenSkill,integrated food-energy systems,The integration of food and energy production into farming or food production systems.,knowledge,cross-sector,released,Green,high,GRN_2d73b2d4-2dfd-42e9-a9f4-106d9c58a4b9
http://data.europa.eu/esco/skill/2dd79277-f639-463d-b74f-00b7501d742d,GreenSkill,decontamination techniques,The methods and techniques used for the decontamination of waste by removing or neutralising the harmful substance.,knowledge,sector-specific,released,Green,high,GRN_2dd79277-f639-463d-b74f-00b7501d742d
http://data.europa.eu/esco/skill/2e55bf22-45f2-43f6-8aa0-28894263313d,GreenSkill,electric motors,Motors which are able to convert electrical energy into mechanical energy.,knowledge,sector-specific,released,Green,high,GRN_2e55bf22-45f2-43f6-8aa0-28894263313d
http://data.europa.eu/esco/skill/2e5d8410-00fd-4c3e-87fa-7c72c0d235ba,GreenSkill,marine biology ,The study of marine living organisms and ecosystems and their interaction underwater.,knowledge,sector-specific,released,Green,high,GRN_2e5d8410-00fd-4c3e-87fa-7c72c0d235ba
http://data.europa.eu/esco/skill/2e77d381-df21-4f84-b3dd-6062be7ef4e1,GreenSkill,protect plants during pest control,Apply techniques to protect plants from dangerous chemicals used in pest control.,skill/competence,occupation-specific,released,Green,high,GRN_2e77d381-df21-4f84-b3dd-6062be7ef4e1
http://data.europa.eu/esco/skill/2eea3fd6-82ee-4334-8e36-62a0707cade1,GreenSkill,design building air tightness,Address the air tightness of the building as a part of energy conservation concept. Guide the design on air tightness towards the desired level of air tightness.,skill/competence,sector-specific,released,Green,high,GRN_2eea3fd6-82ee-4334-8e36-62a0707cade1
http://data.europa.eu/esco/skill/2f05d09d-7e91-423c-9210-19da0b0e34c6,GreenSkill,maintain irrigation controllers,"Maintain and program different types of irrigation controllers including mechanical, solar battery, digital and computer controlled systems. Maintain procedures for safe re-use of water, render efficient the irrigation systems and keep water bodies in good status.",skill/competence,sector-specific,released,Green,high,GRN_2f05d09d-7e91-423c-9210-19da0b0e34c6
http://data.europa.eu/esco/skill/2f4cdc7e-d98d-4e6c-9811-3dc28255c7ff,GreenSkill,social entreprise,"The business that uses its profits to reinvest in social missions, which have a social or environmental impact on the society.",knowledge,sector-specific,released,Green,high,GRN_2f4cdc7e-d98d-4e6c-9811-3dc28255c7ff
http://data.europa.eu/esco/skill/303c6ab0-21c3-4b09-ac77-d405936857d9,GreenSkill,sustainable installation materials,"The types of installation material which minimize the negative impact of the building and its construction on the external environment, throughout their whole life cycle.",knowledge,sector-specific,released,Green,high,GRN_303c6ab0-21c3-4b09-ac77-d405936857d9
http://data.europa.eu/esco/skill/30685aeb-512f-4517-adc8-63bdc1eefb8e,GreenSkill,design a solar heating system,"Design a solar thermal energy system. Calculate accurate heating demand of the building, calculate accurate domestic hot water demand in order to select the right capacity (kW, litres). Make a detailed design of the installation, principle, automatisation strategy, using available products and concepts. Determine and calculate external heating.",skill/competence,sector-specific,released,Green,high,GRN_30685aeb-512f-4517-adc8-63bdc1eefb8e
http://data.europa.eu/esco/skill/306d9964-2d32-4952-927a-e836bf7041ab,GreenSkill,natural fertilisers,The composition and action of natural/organic fertilisers such as mineral fertilisers or fertilisers from animal or plant sources.,knowledge,occupation-specific,released,Green,high,GRN_306d9964-2d32-4952-927a-e836bf7041ab
http://data.europa.eu/esco/skill/30783499-3872-4b14-9684-6217e98c6e1d,GreenSkill,discharge of collected waste,The procedures to be followed to discharge the collected waste safely and in the designated place for doing this. Waste incineration treatments are excluded.,knowledge,sector-specific,released,Green,high,GRN_30783499-3872-4b14-9684-6217e98c6e1d
http://data.europa.eu/esco/skill/30dce29d-0518-4f5d-aeb0-2b5b49e3afbe,GreenSkill,aquaponics,"The principles and techniques combining hydroponics and aquaculture to produce human food in a sustainable manner, based on the recirculation of water between fish-farming and plant-cultivation compartments. ",knowledge,sector-specific,released,Green,high,GRN_30dce29d-0518-4f5d-aeb0-2b5b49e3afbe
http://data.europa.eu/esco/skill/311832d1-1167-47c7-b613-fc64784ffeed,GreenSkill,describe electric drive system,"Describe the complete electric drive system with all components needed. These components are the inverter, the e-motor and other auxiliaries like the DC/DC converter, and chargers.",skill/competence,sector-specific,released,Green,high,GRN_311832d1-1167-47c7-b613-fc64784ffeed
http://data.europa.eu/esco/skill/31efacf9-6623-4d88-947a-34613ce3c468,GreenSkill,advise on tree issues,"Advise organisations or private individuals on planting, caring for, pruning or removing trees.",skill/competence,sector-specific,released,Green,high,GRN_31efacf9-6623-4d88-947a-34613ce3c468
http://data.europa.eu/esco/skill/3217dc52-af06-4f59-8938-3178733128c6,GreenSkill,hazards associated with loading dangerous goods,"The hazards implied with the transport of determined dangerous goods, and the emergency actions and handling procedures in case of accidents with the goods during their loading or transportation.",knowledge,cross-sector,released,Green,high,GRN_3217dc52-af06-4f59-8938-3178733128c6
http://data.europa.eu/esco/skill/32a76797-6235-4659-869f-c691ffd30463,GreenSkill,palaeoclimatology,"The field of science that studies climate changes during the entire history of Earth by collecting and analysing samples of elements such as rocks, ice, tree rings, and sediments.",knowledge,occupation-specific,released,Green,high,GRN_32a76797-6235-4659-869f-c691ffd30463
http://data.europa.eu/esco/skill/33784b61-bd86-4451-8a89-741ada5f8475,GreenSkill,maintain photovoltaic systems,"Perform maintenance tasks and repairs on systems which generate electrical energy through the conversion of light into electric currents, the photovoltaic effect. Ensure compliance with regulations, and correct installation of the photovoltaic power system.",skill/competence,sector-specific,released,Green,high,GRN_33784b61-bd86-4451-8a89-741ada5f8475
http://data.europa.eu/esco/skill/34147067-562c-4e5f-8dec-40972ccf29b6,GreenSkill,plants contribution to indoor climate and health conditions,The way different plants influence the indoor climate and what plants may cause allergy,knowledge,occupation-specific,released,Green,high,GRN_34147067-562c-4e5f-8dec-40972ccf29b6
http://data.europa.eu/esco/skill/3419fac9-575d-4492-a018-edff6f4dae26,GreenSkill,environmental legislation in agriculture and forestry,"Awareness on environmental legislation, policies, principles relevant for agriculture and forestry. Awareness of the impact on the environment of local agricultural procedures and practices. Means to adjust the production to new environmental regulations and policies.",knowledge,cross-sector,released,Green,high,GRN_3419fac9-575d-4492-a018-edff6f4dae26
http://data.europa.eu/esco/skill/347b6a67-59ad-4408-bb9c-cfa502867e24,GreenSkill,monitor forest health,Monitor forest health to make sure all necessary actions are taken by the forestry workers team.,skill/competence,sector-specific,released,Green,high,GRN_347b6a67-59ad-4408-bb9c-cfa502867e24
http://data.europa.eu/esco/skill/351cd749-498c-4ed3-9e38-58fc9bbf8f0e,GreenSkill,ensure compliance with noise standards,"Make sure that buildings, roads, air traffic, and events comply with local, national or international noise standards and regulations in order to minimise nuisance for the neighbouring residents.",skill/competence,cross-sector,released,Green,high,GRN_351cd749-498c-4ed3-9e38-58fc9bbf8f0e
http://data.europa.eu/esco/skill/36359101-4488-4859-83a8-9600d9faf3f2,GreenSkill,engage local communities in the management of natural protected areas,Build a relationship with the local community at the destination to minimise conflicts by supporting the economic growth of local tourism businesses and respecting local traditional practices. ,skill/competence,sector-specific,released,Green,high,GRN_36359101-4488-4859-83a8-9600d9faf3f2
http://data.europa.eu/esco/skill/36f3b02f-4511-4be9-a257-94f53513aa84,GreenSkill,develop fish health and welfare management plans,"Develop a plan which lists risks from outdoor factors, such as predators, and pests.",skill/competence,sector-specific,released,Green,high,GRN_36f3b02f-4511-4be9-a257-94f53513aa84
http://data.europa.eu/esco/skill/3727f0d3-da1b-4ce3-a9cb-efe6130fe41f,GreenSkill,assess contamination,Analyse evidence of contamination. Advise on how to decontaminate.,skill/competence,cross-sector,released,Green,high,GRN_3727f0d3-da1b-4ce3-a9cb-efe6130fe41f
http://data.europa.eu/esco/skill/37ba5509-9665-4947-a5ae-f124d5769473,GreenSkill,make paper slurry,Create paper slurry or pulp from recycled or used paper with water in mixers and blenders or other equipment. Add colors by adding papers in different colors.,skill/competence,occupation-specific,released,Green,high,GRN_37ba5509-9665-4947-a5ae-f124d5769473
http://data.europa.eu/esco/skill/389bd8c7-32c4-4a77-b07c-572fc210d247,GreenSkill,store contaminated materials,"Package and store materials which pose risks to health and safety due to contamination, and awaiting disposal or treatment, in a manner compliant with safety regulations.",skill/competence,sector-specific,released,Green,high,GRN_389bd8c7-32c4-4a77-b07c-572fc210d247
http://data.europa.eu/esco/skill/38f7be4a-f6af-4f1d-a972-8c51b27d2cea,GreenSkill,enforce park rules,"Enforce environmental laws and rules related to forest management. Forest rangers enforce local, state and national regulations as applied to forest usage and wildlife conservation. They perform safety inspections on campsites and investigate complaints.",skill/competence,occupation-specific,released,Green,high,GRN_38f7be4a-f6af-4f1d-a972-8c51b27d2cea
http://data.europa.eu/esco/skill/3936cc7d-d045-4eb0-b951-b862a072c0a2,GreenSkill,design indicators for food waste reduction,"Determine key performance indicators (KPI) for reducing food waste and managing in line with established standards. Oversee the evaluation of methods, equipment and costs for food waste prevention.",skill/competence,cross-sector,released,Green,high,GRN_3936cc7d-d045-4eb0-b951-b862a072c0a2
http://data.europa.eu/esco/skill/3955cd15-a1fa-4c16-99b4-c39cb17db21d,GreenSkill,protective measures against the introduction of organisms,"The national and international protective measures against the introduction of organisms, e.g. Council Directive 2000/29/EC, on protective measures against the introduction into the Community of organisms harmful to plants or plant products and against their spread within the Community.",knowledge,sector-specific,released,Green,high,GRN_3955cd15-a1fa-4c16-99b4-c39cb17db21d
http://data.europa.eu/esco/skill/395ace35-e463-4dc7-8181-c2dd43885107,GreenSkill,perform a feasibility study on heat pumps,"Perform the evaluation and assessment of the potential of a heat pump system. Realise a standardised study to determine costs and restrictions, and conduct research to support the process of decision making.",skill/competence,sector-specific,released,Green,high,GRN_395ace35-e463-4dc7-8181-c2dd43885107
http://data.europa.eu/esco/skill/397412dc-47c4-4580-82d0-15a9f9a86ea2,GreenSkill,design drainage well systems,"Design systems which are found in residential properties as well as in public properties such as on streets and public building rooftops, and which function to drain excess water from these areas. They function to aid in flood remediation, remove rain, and minimise risk from heavy storms, and subsequently transport the untreated water into nature.",skill/competence,sector-specific,released,Green,high,GRN_397412dc-47c4-4580-82d0-15a9f9a86ea2
http://data.europa.eu/esco/skill/3a2f0b3f-8203-466f-89f9-207316ade4da,GreenSkill,dispose of soldering waste,Collect and transport solder dross in special containers for hazardous waste.,skill/competence,occupation-specific,released,Green,high,GRN_3a2f0b3f-8203-466f-89f9-207316ade4da
http://data.europa.eu/esco/skill/3a519990-ae6c-4c8b-a827-2bf96d949940,GreenSkill,manage conservation of natural and cultural heritage ,"Use revenue from tourism activities and donations to fund and preserve natural protected areas and intangible cultural heritage such as crafts, songs and stories of communities.",skill/competence,sector-specific,released,Green,high,GRN_3a519990-ae6c-4c8b-a827-2bf96d949940
http://data.europa.eu/esco/skill/3a560dc4-ee2e-4437-b94f-c076a2b5f25e,GreenSkill,inspect water wells,Examine water wells for pollution and conformity with construction standards. Order well closures if necessary.,skill/competence,cross-sector,released,Green,high,GRN_3a560dc4-ee2e-4437-b94f-c076a2b5f25e
http://data.europa.eu/esco/skill/3b4f2a64-9884-4f3d-8020-44dc95919a7c,GreenSkill,design the insulation concept,"Design the details of insulation and solutions for thermal bridges. Choose the most appropriate material for insulation, considering the needs of the building.",skill/competence,sector-specific,released,Green,high,GRN_3b4f2a64-9884-4f3d-8020-44dc95919a7c
http://data.europa.eu/esco/skill/3bf93cf6-2b6f-46ad-b0ba-3b161379bac1,GreenSkill,perform selective demolition,"Demolish a structure, or part of it, using selective demolition. Identify the different materials in the building and assess their reusability and value. Remove any reusable materials without damaging them.",skill/competence,sector-specific,released,Green,high,GRN_3bf93cf6-2b6f-46ad-b0ba-3b161379bac1
http://data.europa.eu/esco/skill/3c1622fc-6c95-4b51-98da-1814ebe6e889,GreenSkill,geothermal energy systems,"Low temperature heating and high temperature cooling, generated by use of geothermal energy, and their contribution to energy performance.",knowledge,sector-specific,released,Green,high,GRN_3c1622fc-6c95-4b51-98da-1814ebe6e889
http://data.europa.eu/esco/skill/3d69b305-4051-4c1d-ba1e-d8c5b35e22db,GreenSkill,monitor manufacturing impact,"Check the impact of manufacturing machinery on the environment, analysing temperature levels, water quality and air pollution.",skill/competence,cross-sector,released,Green,high,GRN_3d69b305-4051-4c1d-ba1e-d8c5b35e22db
http://data.europa.eu/esco/skill/3d9873e5-7128-49d9-9048-f72b8ea4b29e,GreenSkill,manage forests,Develop forestry management plans by applying business methods and forestry principles in order to efficiently manage forest resources.,skill/competence,sector-specific,released,Green,high,GRN_3d9873e5-7128-49d9-9048-f72b8ea4b29e
http://data.europa.eu/esco/skill/3de6d427-546b-450b-97ba-d3d50eb274da,GreenSkill,operate water purifying equipment,"Operate and adjust equipment controls to purify and clarify water, process and treat wastewater, air and solids, recycle or discharge treated water, and generate power.",skill/competence,cross-sector,released,Green,high,GRN_3de6d427-546b-450b-97ba-d3d50eb274da
http://data.europa.eu/esco/skill/3dffcb35-26d4-4fee-8517-002f9e40508a,GreenSkill,integrate biogas energy in buildings,Design and calculate installations for heating and potable hot water (PWH) making use of biogas.,skill/competence,sector-specific,released,Green,high,GRN_3dffcb35-26d4-4fee-8517-002f9e40508a
http://data.europa.eu/esco/skill/3e25fd3e-2bcd-4320-9587-0aadf7fb93b1,GreenSkill,advise on soil and water protection,Advise on methods to protect soil and water sources against pollution such as  nitrate leaching which is responsible for soil erosion.,skill/competence,sector-specific,released,Green,high,GRN_3e25fd3e-2bcd-4320-9587-0aadf7fb93b1
http://data.europa.eu/esco/skill/3e37d714-4d65-416d-a138-46f7e2a98073,GreenSkill,design heat pump installations,"Design a heat pump system, including calculations of heat loss or transmission, needed capacity, mono- or bivalent, energy balances, and noise reduction.",skill/competence,sector-specific,released,Green,high,GRN_3e37d714-4d65-416d-a138-46f7e2a98073
http://data.europa.eu/esco/skill/3ecde258-d1c6-4d6a-bfa7-ec4c5e4fc700,GreenSkill,develop green compounding solutions,"Develop compounding solutions that employ biological instead of synthetic ingredients. Evaluate the potential for vegetable oils, fillers and polymers and their recent advancements.",skill/competence,occupation-specific,released,Green,high,GRN_3ecde258-d1c6-4d6a-bfa7-ec4c5e4fc700
http://data.europa.eu/esco/skill/3edfa33c-c644-4a9a-acd1-e82039daa663,GreenSkill,promote the use of sustainable transport,"Promote the use of sustainable transport to reduce the carbon footprint and noise and increase safety and efficiency of transport systems. Determine performance regarding the use of sustainable transport, set objectives for promoting the use of sustainable transport and propose environmentally friendly alternatives of transport. ",skill/competence,sector-specific,released,Green,high,GRN_3edfa33c-c644-4a9a-acd1-e82039daa663
http://data.europa.eu/esco/skill/3f82a026-8a37-4b54-9ebb-7702b66eeb24,GreenSkill,perform environmental investigations,"Perform environmental investigations as required, checking regulatory proceedings, possible legal actions or other types of complaint.",skill/competence,sector-specific,released,Green,high,GRN_3f82a026-8a37-4b54-9ebb-7702b66eeb24
http://data.europa.eu/esco/skill/4021ae85-8f3d-44e8-ac64-eeebac97f3ce,GreenSkill,understand game species,"Understan biology and ecology of relevant game specieis including game birds, deer, and fisheries.",knowledge,sector-specific,released,Green,high,GRN_4021ae85-8f3d-44e8-ac64-eeebac97f3ce
http://data.europa.eu/esco/skill/407b1474-7cfb-4538-823b-7667604f0267,GreenSkill,restore natural environment after drilling proofs,Restore drilling site to its natural environmental condition in the event that drilling will not take place.,skill/competence,occupation-specific,released,Green,high,GRN_407b1474-7cfb-4538-823b-7667604f0267
http://data.europa.eu/esco/skill/40f65a56-ccbe-4601-9f32-1cc6cdd24f28,GreenSkill,waste management,"The methods, materials and regulations used to collect, transport, treat and dispose of waste. This includes recycling and monitoring of waste disposal. It excludes procedures related to waste incineration.",knowledge,cross-sector,released,Green,high,GRN_40f65a56-ccbe-4601-9f32-1cc6cdd24f28
http://data.europa.eu/esco/skill/40fa39b5-0f69-432a-b5ea-b01b5d98649a,GreenSkill,dispose of hazardous waste,Dispose of dangerous materials such as chemical or radioactive substances according to environmental and to health and safety regulations.,skill/competence,cross-sector,released,Green,high,GRN_40fa39b5-0f69-432a-b5ea-b01b5d98649a
http://data.europa.eu/esco/skill/41168850-6e3f-4fc8-afd5-9337f0c66190,GreenSkill,assess environmental impact in aquaculture operations,"Measure the environmental impact of a company's aquaculture operations. Take into account factors such as quality of the sea and surface water, fish and sea plant habitats and risks regarding the quality of air, odour and noise.",skill/competence,sector-specific,released,Green,high,GRN_41168850-6e3f-4fc8-afd5-9337f0c66190
http://data.europa.eu/esco/skill/41de7eb8-be07-4822-ba85-b76e9b8d6e4e,GreenSkill,sustainable forest management,"The stewardship and use of forest lands in a way and at a rate that maintains their productivity, biodiversity, regeneration capacity, vitality and their potential to fulfil now and in the future relevant ecological, economic and social functions at local, national and global levels and that does not cause damage to other ecosystems.",knowledge,sector-specific,released,Green,high,GRN_41de7eb8-be07-4822-ba85-b76e9b8d6e4e
http://data.europa.eu/esco/skill/4300b453-9bcf-474c-9ee3-92ec2229720c,GreenSkill,global standards for sustainability reporting,"The global, standardised reporting framework that enable organisations to quantify and communicate about their environmental, social and governance impact.",knowledge,sector-specific,released,Green,high,GRN_4300b453-9bcf-474c-9ee3-92ec2229720c
http://data.europa.eu/esco/skill/442328a8-8a11-4e15-b80c-402a9bd5844d,GreenSkill,conduct research on climate processes,Conduct research on the characteristic events occurring in the atmosphere during the interactions and transformations of various atmospheric components and conditions.,skill/competence,cross-sector,released,Green,high,GRN_442328a8-8a11-4e15-b80c-402a9bd5844d
http://data.europa.eu/esco/skill/44493977-83c4-49e0-88b2-28435da57cd0,GreenSkill,minimise environmental impact on the surrounding area,"Minimise the waste of materials and dispose of debris correctly. Minimise the damage to plants, features and surrounding areas.",skill/competence,occupation-specific,released,Green,high,GRN_44493977-83c4-49e0-88b2-28435da57cd0
http://data.europa.eu/esco/skill/444d3725-902f-49aa-9363-7de405bb991d,GreenSkill,measure the impact of specific aquaculture activity,"Identify and measure the biological, physico-chemical impacts of specific aquaculture farm activity on the environment. Carry out all necessary tests, including collection and processing of samples for analysis.",skill/competence,sector-specific,released,Green,high,GRN_444d3725-902f-49aa-9363-7de405bb991d
http://data.europa.eu/esco/skill/44a4f189-7414-402c-9c1d-c85743f34d0c,GreenSkill,maintain recycling records,Maintain records and process facts and figures about type and volume of different recycling operations.,skill/competence,cross-sector,released,Green,high,GRN_44a4f189-7414-402c-9c1d-c85743f34d0c
http://data.europa.eu/esco/skill/44d5340c-45df-4478-9e55-2363342a7324,GreenSkill,design building retrofitting solutions,"Providing something with a component or feature not fitted during manufacture or adding something that it did not have when first constructed. used in relation to the installation of new building systems, such as heating systems, but it might also refer to the fabric of a building, for example, retrofitting insulation or double glazing. Design solutions to retrofit existing residential and commercial building space in order to upgrade their performance, for example by reducing energy and water usage. Evaluate the range of retrofit technologies available and select the more suitable ones based on the characteristics of the building.",skill/competence,sector-specific,released,Green,high,GRN_44d5340c-45df-4478-9e55-2363342a7324
http://data.europa.eu/esco/skill/450aeb6d-5f23-4e08-b088-3bbefbfb9f2d,GreenSkill,aquatic ecology,"Aquatic ecology is the study of aquatic organisms, how they interact, where they live, and what they do.",knowledge,cross-sector,released,Green,high,GRN_450aeb6d-5f23-4e08-b088-3bbefbfb9f2d
http://data.europa.eu/esco/skill/4562497f-836c-415a-b5ce-4ec3b5766d09,GreenSkill,propose alternative rubber compound ingredients,Identify potentially toxic ingredients inside rubber compounds and propose alternative ingredients or compounds with similar functionality.,skill/competence,occupation-specific,released,Green,high,GRN_4562497f-836c-415a-b5ce-4ec3b5766d09
http://data.europa.eu/esco/skill/456f68b4-ca28-4029-a67f-7813b2c6cb4d,GreenSkill,food ethics,"Set of ethical values and principles that guide the production, distribution, and consumption of food. It embraces a broad range of matters, including food safety, environmental sustainability, cultural sensivity , fair labour practices, animal welfare, and social responsibility. Food ethics can encompass collective and individual responsibility.",knowledge,sector-specific,released,Green,high,GRN_456f68b4-ca28-4029-a67f-7813b2c6cb4d
http://data.europa.eu/esco/skill/458d8ab9-a385-4e78-9638-1c3f9ce3c586,GreenSkill,dispose of chemicals,Dispose of chemicals and treatments safely according to site waste management procedures.,skill/competence,sector-specific,released,Green,high,GRN_458d8ab9-a385-4e78-9638-1c3f9ce3c586
http://data.europa.eu/esco/skill/45b2a257-1c28-4c84-bc71-a4871e398c54,GreenSkill,research locations for wind farms,"Perform research on-site and using a wind atlas in order to evaluate different locations which could be suitable for the construction of groups of wind turbines, as well as perform follow-up research on the location in order to aid in the development of construction plans.",skill/competence,sector-specific,released,Green,high,GRN_45b2a257-1c28-4c84-bc71-a4871e398c54
http://data.europa.eu/esco/skill/45b79278-465a-4eed-8809-369318bab119,GreenSkill,develop site remediation strategies,Conduct field studies and and provide advice on areas with polluted soil or groundwater at industrial sites and mining sites. Devise methods to store excavated soil. Develop strategies to rehabilitate exhausted mining sites back into a natural state.,skill/competence,sector-specific,released,Green,high,GRN_45b79278-465a-4eed-8809-369318bab119
http://data.europa.eu/esco/skill/46454506-fb7c-4ad7-84e0-d4a6a5589ea1,GreenSkill,zero-energy building design,The design and building principle whereby the net amount of energy used by the building equals the amount of renewable energy created by the building itself. The concept refers to self-sustaining constructions.,knowledge,sector-specific,released,Green,high,GRN_46454506-fb7c-4ad7-84e0-d4a6a5589ea1
http://data.europa.eu/esco/skill/467cfa0a-f6d8-4f07-a770-11d2ea3546cd,GreenSkill,reduce tanning emissions,Adjust the formulation of finishing operation according to each type of leather market destination avoiding reduce volatile organic compounds (VOC) emissions.,skill/competence,sector-specific,released,Green,high,GRN_467cfa0a-f6d8-4f07-a770-11d2ea3546cd
http://data.europa.eu/esco/skill/469e19ed-a0bd-445a-ae2d-4ba9430e296b,GreenSkill,promote sustainability,"Promote the concept of sustainability to the public, colleagues and fellow professionals through speeches, guided tours, displays and workshops.",skill/competence,cross-sector,released,Green,high,GRN_469e19ed-a0bd-445a-ae2d-4ba9430e296b
http://data.europa.eu/esco/skill/47d491a9-f7c0-4b13-a10f-983d3aa0113e,GreenSkill,safety engineering,"The study of the risks associated with engineered designs and systems, accident prevention as well as the safety benefits of reducing deaths and injuries. The discipline focuses on analysing and mitigating potential hazards in engineering processes.",knowledge,cross-sector,released,Green,high,GRN_47d491a9-f7c0-4b13-a10f-983d3aa0113e
http://data.europa.eu/esco/skill/492214f5-5bfd-4f2a-9a48-c36240ce100d,GreenSkill,follow an environmental friendly policy while processing food,"Assure an environmental-friendly policy when working with natural resources like meat, fruits and vegetables. This means handling resources in the most efficient and nature-friendly way while trying to minimalise pressure on the ecosystem.",skill/competence,sector-specific,released,Green,high,GRN_492214f5-5bfd-4f2a-9a48-c36240ce100d
http://data.europa.eu/esco/skill/49298916-2090-4b08-ac57-5cfedaa5af36,GreenSkill,reduce environmental impact of footwear manufacturing,Assess the environmental impact of footwear manufacture and minimise environmental risks. Reduce environmentally harmful work practices in different stages of the footwear manufacturing.,skill/competence,sector-specific,released,Green,high,GRN_49298916-2090-4b08-ac57-5cfedaa5af36
http://data.europa.eu/esco/skill/4aba6668-6118-4953-804b-869cef94422a,GreenSkill,dispose of non-hazardous waste,Dispose of waste materials which pose no risk to health and safety in a manner which complies with recycling and waste management procedures except for waste incineration.,skill/competence,cross-sector,released,Green,high,GRN_4aba6668-6118-4953-804b-869cef94422a
http://data.europa.eu/esco/skill/4b5f0aeb-875b-4afb-befc-2465b45602d8,GreenSkill,inspect recycling procedures,"Inspect the implementation of waste management and recycling procedures in an organisation, and the applicable legislation, in order to ensure compliance.",skill/competence,sector-specific,released,Green,high,GRN_4b5f0aeb-875b-4afb-befc-2465b45602d8
http://data.europa.eu/esco/skill/4c3ab565-747c-4db3-8c47-79e8d6f98cf4,GreenSkill,adopt ways to reduce negative impact of consumption,"Apply principles, policies and regulations aimed at environmental sustainability, including the reduction of waste, energy and water consumption, the reuse and recycling of products, and the engagement in the sharing economy.",skill/competence,transversal,released,Green,high,GRN_4c3ab565-747c-4db3-8c47-79e8d6f98cf4
http://data.europa.eu/esco/skill/4c4235a9-a1fb-403f-a173-37d9297c218c,GreenSkill,recycle livestock manure,Apply livestock manure management techniques at appropriate application windows to recycle livestock manure as organic nutrients for soil and lower the impact on the environment.,skill/competence,sector-specific,released,Green,high,GRN_4c4235a9-a1fb-403f-a173-37d9297c218c
http://data.europa.eu/esco/skill/4c5fed97-939f-4050-adc0-7adaf15065e5,GreenSkill,plan water resource development,Monitor rainfall and the use of water in order to organise water resource development.,skill/competence,occupation-specific,released,Green,high,GRN_4c5fed97-939f-4050-adc0-7adaf15065e5
http://data.europa.eu/esco/skill/4ca83b9d-afa0-49f8-b7af-e4e6a42ad299,GreenSkill,crop production principles,"Principles in growing crops, the natural cycle, nursing of nature, growth conditions and principles of organic and sustainable production. Quality criterias and requirements of seeds, plants and crop.",knowledge,sector-specific,released,Green,high,GRN_4ca83b9d-afa0-49f8-b7af-e4e6a42ad299
http://data.europa.eu/esco/skill/4d032f82-6279-48e6-9892-116440a071e3,GreenSkill,advise on pollution prevention,Advise individuals and organisations on the development and implementation of actions which aid in the prevention of pollution and its related risks.,skill/competence,cross-sector,released,Green,high,GRN_4d032f82-6279-48e6-9892-116440a071e3
http://data.europa.eu/esco/skill/4e09e2d2-e317-47d2-bf5e-1d6c66be3efc,GreenSkill,energy performance of buildings,Factors that contribute to lower energy consumption of buildings. Building and renovation techniques used to achieve this. Legislation and procedures regarding energy performance of buildings.,knowledge,cross-sector,released,Green,high,GRN_4e09e2d2-e317-47d2-bf5e-1d6c66be3efc
http://data.europa.eu/esco/skill/4e0a7f6e-b546-4cc6-9f8b-53e4fa31a426,GreenSkill,design smart grids ,"Design and calculate the smart grid system, based on heat load, duration curves, energy simulations etc.",skill/competence,sector-specific,released,Green,high,GRN_4e0a7f6e-b546-4cc6-9f8b-53e4fa31a426
http://data.europa.eu/esco/skill/4e0ba879-1cf3-4260-822b-2c2e3cc5e269,GreenSkill,install onshore wind energy systems,"Install systems which generate electrical energy through onshore wind energy technologies. Set the turbines on the foundations, complete electric connection, and connect the grids of the wind farm. ",skill/competence,occupation-specific,released,Green,high,GRN_4e0ba879-1cf3-4260-822b-2c2e3cc5e269
http://data.europa.eu/esco/skill/4e6cfb60-9579-4822-8a5e-424bc0c8835c,GreenSkill,animal welfare,"Universally recognized animal welfare needs as applied to species, situation and occupation. These are:

 
	 need for a suitable environment 
	 need for a suitable diet 
	 need to be able to exhibit normal behaviour patterns 
	 need to be housed with, or apart, from other animals 
	 need to be protected from pain, suffering, injury and disease. 
 
",knowledge,cross-sector,released,Green,high,GRN_4e6cfb60-9579-4822-8a5e-424bc0c8835c
http://data.europa.eu/esco/skill/4e87c852-602a-4a0e-b8d8-20709ce14ac5,GreenSkill,assess the life cycle of resources,"Evaluate the use and possible recycling of raw materials in the whole product life cycle. Consider applicable regulations, such as the European Commission's Circular Economy Policy Package.",skill/competence,sector-specific,released,Green,high,GRN_4e87c852-602a-4a0e-b8d8-20709ce14ac5
http://data.europa.eu/esco/skill/4ee4ed1d-dc38-48e0-a9e6-a6b64f316ea6,GreenSkill,water policies,"The framework of policies, strategies, institutions, and regulations concerning water.",knowledge,cross-sector,released,Green,high,GRN_4ee4ed1d-dc38-48e0-a9e6-a6b64f316ea6
http://data.europa.eu/esco/skill/4efb00d2-e8b3-4d13-8ab7-70bc7a0a8af9,GreenSkill,investigate microclimates for buildings,"Investigate appropriate solutions concerning microclimate conditions for buildings to ensure responsible energy consumption and thermal comfort. Consider passive design strategies such as daylight, passive cooling, natural cooling, thermal mass, solar heating, and others.",skill/competence,sector-specific,released,Green,high,GRN_4efb00d2-e8b3-4d13-8ab7-70bc7a0a8af9
http://data.europa.eu/esco/skill/4f21fbb3-5b34-42b3-a6aa-46c24f1a2a83,GreenSkill,monitor tree health,"Monitor trees for pests and diseases, aiming to improve their health.",skill/competence,sector-specific,released,Green,high,GRN_4f21fbb3-5b34-42b3-a6aa-46c24f1a2a83
http://data.europa.eu/esco/skill/4f499e02-2983-40c5-a493-c720e6b03b23,GreenSkill,provide information on hydrogen,"Provide organisations and individuals searching for alternative energy fuels information on costs, benefits, and negative aspects of the use of hydrogen. Inform about what one must take into account when considering the implementation of hydrogen solutions.",skill/competence,sector-specific,released,Green,high,GRN_4f499e02-2983-40c5-a493-c720e6b03b23
http://data.europa.eu/esco/skill/4fb7f781-9362-426a-9eb6-65c360f83e31,GreenSkill,perform cleaning activities in an environmentally friendly way,"Undertake all cleaning duties in a manner which minimises environmental damage, follow methods that lessen pollution and wastage of resources.",skill/competence,cross-sector,released,Green,high,GRN_4fb7f781-9362-426a-9eb6-65c360f83e31
http://data.europa.eu/esco/skill/4fdcf911-b738-4cf4-80ab-aa5a14d22f73,GreenSkill,conduct reforestation surveys,"Determine  the maintenance and  distribution of seedling. Identify disease and damage done by animals. Prepare and submit notifications, written plans and budgets for reforestation.",skill/competence,sector-specific,released,Green,high,GRN_4fdcf911-b738-4cf4-80ab-aa5a14d22f73
http://data.europa.eu/esco/skill/507e2b21-1285-47e9-bf09-0db794df1bf0,GreenSkill,develop environmental policy,Develop an organisational policy on sustainable development and compliance with environmental legislation in line with policy mechanisms used in the field of environmental protection.,skill/competence,cross-sector,released,Green,high,GRN_507e2b21-1285-47e9-bf09-0db794df1bf0
http://data.europa.eu/esco/skill/509ff122-3546-40a7-ae02-3ee7395b3a76,GreenSkill,road transport legislation,"The regulations at regional, national, and European level on safety and environmental requirements for road transport operations.",knowledge,sector-specific,released,Green,high,GRN_509ff122-3546-40a7-ae02-3ee7395b3a76
http://data.europa.eu/esco/skill/50ac5186-bb18-4ffb-9f29-00636853c8ea,GreenSkill,design solar energy systems,Develop design specifications for solar energy systems and their components. Create checklists for the inspection and monitoring of completed solar installation projects.,skill/competence,sector-specific,released,Green,high,GRN_50ac5186-bb18-4ffb-9f29-00636853c8ea
http://data.europa.eu/esco/skill/50b7b13a-4e58-43b8-b7c4-edbd09145798,GreenSkill,care for the wildlife,"Care for the wildlife, trees and plants of the forest and maintain it.",skill/competence,occupation-specific,released,Green,high,GRN_50b7b13a-4e58-43b8-b7c4-edbd09145798
http://data.europa.eu/esco/skill/50e6eba0-4440-4ba5-bb58-3ee78a96e29b,GreenSkill,hydroelectricity,"The generation of electrical power through the usage of hydropower, which uses gravitational force of moving water, and the benefits and negative aspects of using hydropower as a renewable source of energy.",knowledge,cross-sector,released,Green,high,GRN_50e6eba0-4440-4ba5-bb58-3ee78a96e29b
http://data.europa.eu/esco/skill/51399b1c-15d6-4e4c-8673-30c25a094fce,GreenSkill,promote sustainable packaging,Apply safe and healthy packaging policies; maximise the use of recycled or renewable source materials; implement clean production technologies.,skill/competence,occupation-specific,released,Green,high,GRN_51399b1c-15d6-4e4c-8673-30c25a094fce
http://data.europa.eu/esco/skill/5195eebc-f400-467c-97a3-6f9fbf136169,GreenSkill,geothermal energy,Geothermal energy refers to the renewable energy derived from heat generated and stored within the Earth. It involves harnessing the naturally occurring heat from the Earth's interior to produce electricity or provide direct heating and cooling for various applications. This energy originates from the radioactive decay of minerals and the residual heat from the Earth's formation. Geothermal energy can be accessed through geothermal power plants or geothermal heat pumps.,knowledge,sector-specific,released,Green,high,GRN_5195eebc-f400-467c-97a3-6f9fbf136169
http://data.europa.eu/esco/skill/519e5731-4d6c-4f98-938e-0976a202c6ba,GreenSkill,hazardous waste treatment,"The methods applied in the treatment and disposal of hazardous waste such as asbestos, dangerous chemicals, and various contaminants, as well as the surrounding environmental regulations and legislation. They exclude treatments of waste through incineration.",knowledge,cross-sector,released,Green,high,GRN_519e5731-4d6c-4f98-938e-0976a202c6ba
http://data.europa.eu/esco/skill/5206a9b8-8337-4f0b-ae00-163a2f55d8cf,GreenSkill,carry out waste water treatment,Perform waste water treatment according to regulations checking for biological waste and chemical waste.,skill/competence,cross-sector,released,Green,high,GRN_5206a9b8-8337-4f0b-ae00-163a2f55d8cf
http://data.europa.eu/esco/skill/52242966-692f-4a4f-8279-cadbc7874183,GreenSkill,inspect wind turbines,"Perform routine inspections on wind turbines by climbing the turbines and carefully inspecting all parts to identify any problems, and to assess whether repairs have to be arranged.",skill/competence,cross-sector,released,Green,high,GRN_52242966-692f-4a4f-8279-cadbc7874183
http://data.europa.eu/esco/skill/5354a726-ee64-4f34-90f8-8436f9f374b8,GreenSkill,analyse ecological data,"Analyse and interpret ecological and biological data, using specialist software programs.",skill/competence,cross-sector,released,Green,high,GRN_5354a726-ee64-4f34-90f8-8436f9f374b8
http://data.europa.eu/esco/skill/5368a46a-54b5-4874-a06f-964d557c1cfb,GreenSkill,green space strategies,"The authority’s vision on how to use its green space. This includes the goals it wants to achieve, the resources, methods, legislative framework, and time needed to meet these goals. ",knowledge,cross-sector,released,Green,high,GRN_5368a46a-54b5-4874-a06f-964d557c1cfb
http://data.europa.eu/esco/skill/538f8bc6-a5bf-422b-8112-5ad3fe9de9a0,GreenSkill,urban sustainability,"The branch of urban planning that aims to improve, social, economic and environmental conditions of a city.",knowledge,sector-specific,released,Green,high,GRN_538f8bc6-a5bf-422b-8112-5ad3fe9de9a0
http://data.europa.eu/esco/skill/53af2b85-fac4-4c3f-afe2-44aa4a545ff3,GreenSkill,manage rivers and streams,Protect and manage rivers and streams as habitats for trout and salmon.,skill/competence,occupation-specific,released,Green,high,GRN_53af2b85-fac4-4c3f-afe2-44aa4a545ff3
http://data.europa.eu/esco/skill/53d89f4e-c819-490d-ad32-fed731f32639,GreenSkill,research locations for offshore farms,"Perform research on-site and using an oceanographic information in order to evaluate different locations which could be suitable for the construction of offshore energy farms, as well as perform follow-up research on the location in order to aid in the development of construction plans.",skill/competence,sector-specific,released,Green,high,GRN_53d89f4e-c819-490d-ad32-fed731f32639
http://data.europa.eu/esco/skill/5483c363-e942-4787-8686-0f29c593357f,GreenSkill,avoid contamination,Avoid the mixing or contamination of materials.,skill/competence,cross-sector,released,Green,high,GRN_5483c363-e942-4787-8686-0f29c593357f
http://data.europa.eu/esco/skill/54c8490d-067a-40f1-96ca-4960a30d6eb5,GreenSkill,participate as observer in different types of audits in the food sector,"Participate as an observer in audits for efficiency, safety, environmental, quality, and food safety on a regular basis.",skill/competence,sector-specific,released,Green,high,GRN_54c8490d-067a-40f1-96ca-4960a30d6eb5
http://data.europa.eu/esco/skill/550ed2f5-be07-4fee-9dbc-0299209a933a,GreenSkill,identify plants characteristics,"Identify and classify crop characteristics. Be able to recognise different types of bulbs by name, graded sizes, field markings and stock markings.",skill/competence,sector-specific,released,Green,high,GRN_550ed2f5-be07-4fee-9dbc-0299209a933a
http://data.europa.eu/esco/skill/55116536-a3e0-4c32-818d-cc567fd3023e,GreenSkill,minimize risks in tree operations,"Evaluate risks and hazards, perform efficient actions in order to minimize risks and to restore the trees to their orginal state or to replant new ones.",skill/competence,sector-specific,released,Green,high,GRN_55116536-a3e0-4c32-818d-cc567fd3023e
http://data.europa.eu/esco/skill/55a4ae74-45e3-4f5c-8646-17149edfbddb,GreenSkill,conduct ecological research,"Conduct ecological and biological research in a field, under controlled conditions and using scientific methods and equipment.",skill/competence,cross-sector,released,Green,high,GRN_55a4ae74-45e3-4f5c-8646-17149edfbddb
http://data.europa.eu/esco/skill/5641a2af-9eb2-4209-9fc6-856f78f2d2f2,GreenSkill,pollution legislation,Be familiar with European and National legislation regarding the risk of pollution.,knowledge,sector-specific,released,Green,high,GRN_5641a2af-9eb2-4209-9fc6-856f78f2d2f2
http://data.europa.eu/esco/skill/564e86a6-0916-44e6-b3d6-d99bc0c1f194,GreenSkill,mitigate environmental impact of pipeline projects,"Strive to mitigate the potential impact that pipelines and the goods transported in them can have on the environment. Invest time and resources into consideration of the environmental effects of the pipeline, the actions that could be taken to protect the environment, and the potential increase in the costs of the project.",skill/competence,cross-sector,released,Green,high,GRN_564e86a6-0916-44e6-b3d6-d99bc0c1f194
http://data.europa.eu/esco/skill/585593ef-d0a3-47a2-82da-14f26d75d83e,GreenSkill,biosafety in biomedical laboratory,"The principles and methods for managing infectious materials in the laboratory environment, biosafety levels, classification and risk assessment, pathogenicity and toxicity of a living organism and their possible hazards in order to minimise any risks for human health and the environment.",knowledge,sector-specific,released,Green,high,GRN_585593ef-d0a3-47a2-82da-14f26d75d83e
http://data.europa.eu/esco/skill/589f0d24-0846-4971-bc6c-a42bb274f69a,GreenSkill,airtight construction,Airtight construction makes sure that there are no unintended gaps in the building envelope that allow air to leak in or out of the building and contributes to energy performance.,knowledge,sector-specific,released,Green,high,GRN_589f0d24-0846-4971-bc6c-a42bb274f69a
http://data.europa.eu/esco/skill/58c089ab-338b-4e4c-8117-7c1fcc89af69,GreenSkill,manage donated goods in second-hand shop,Coordinate the donated goods in a second-hand store; select appropriate items for recycling or sale.,skill/competence,occupation-specific,released,Green,high,GRN_58c089ab-338b-4e4c-8117-7c1fcc89af69
http://data.europa.eu/esco/skill/59004ee8-3975-4877-bf82-ff0b8070ef28,GreenSkill,implement environmental action plans,"Apply plans that address the management of environmental matters in projects, natural site interventions, companies, and others.",skill/competence,sector-specific,released,Green,high,GRN_59004ee8-3975-4877-bf82-ff0b8070ef28
http://data.europa.eu/esco/skill/5944cee9-763e-4b08-99e4-f514bdde14a6,GreenSkill,hazardous waste types,"The different types of waste which poses risks to the environment or public health and safety, such as radioactive waste, chemicals and solvents, electronics, and mercury-containing waste.",knowledge,cross-sector,released,Green,high,GRN_5944cee9-763e-4b08-99e4-f514bdde14a6
http://data.europa.eu/esco/skill/59998878-fa14-458a-9085-06b45e89df1b,GreenSkill,types of heat pumps,"Various types of heat pumps, used to produce heating, cooling and potable hot water making use of an energy source with low temperature and bringing it to a higher temperature.",knowledge,sector-specific,released,Green,high,GRN_59998878-fa14-458a-9085-06b45e89df1b
http://data.europa.eu/esco/skill/5aec5b83-df71-483e-90b9-21e56a0a3cb2,GreenSkill,measure pollution,"Conduct pollution measurements to determine whether the prescribed pollutant limits are respected. Check firing systems and exhaust paths of gas water heaters, air heaters, and similar equipment.",skill/competence,sector-specific,released,Green,high,GRN_5aec5b83-df71-483e-90b9-21e56a0a3cb2
http://data.europa.eu/esco/skill/5b91b6d4-345e-4195-a078-218514871e7b,GreenSkill,ensure efficient utilisation of warehouse space,Pursue an effective use of warehouse space ensuring maximum efficiency while meeting environmental and budgetary goals.,skill/competence,sector-specific,released,Green,high,GRN_5b91b6d4-345e-4195-a078-218514871e7b
http://data.europa.eu/esco/skill/5be72e00-e506-45ca-a251-b59500d7fca7,GreenSkill,protect wilderness areas,Protect a wilderness area by monitoring uses and enforcing regulations.,skill/competence,occupation-specific,released,Green,high,GRN_5be72e00-e506-45ca-a251-b59500d7fca7
http://data.europa.eu/esco/skill/5bf756dd-a54a-47cd-80fe-3418fedd1c51,GreenSkill,calculate solar panel orientation,"Calculate the optimal placement of solar panels. Take into account the longitude, seasonal insolation values, the direction of true south, and the placement of any shadow-casting structures in order to find the best location and inclination for the panels.",skill/competence,cross-sector,released,Green,high,GRN_5bf756dd-a54a-47cd-80fe-3418fedd1c51
http://data.europa.eu/esco/skill/5bf97b49-74b4-4d4d-9d07-5b51ab1cd704,GreenSkill,develop wildlife programs,Educate the public and respond to requests for aid and information about an area's wildlife.,skill/competence,occupation-specific,released,Green,high,GRN_5bf97b49-74b4-4d4d-9d07-5b51ab1cd704
http://data.europa.eu/esco/skill/5cddc62d-3958-4390-b17e-0aecb5848c40,GreenSkill,dispose of sewage sludge,"Operate equipment to pump the sewage sludge and store it into containers in order to transform the gases it emits into energy. After this phase, dry the sludge and evaluate its potential reuse as fertilizer. Dispose of the sludge if it contains hazardous elements.",skill/competence,cross-sector,released,Green,high,GRN_5cddc62d-3958-4390-b17e-0aecb5848c40
http://data.europa.eu/esco/skill/5def6d00-daed-4d21-af9e-47938cf1877f,GreenSkill,sustainable building design,The process of creating buildings with the lowest possible impact on the environment. It also aims to improve the health of the occupants of a building.,knowledge,occupation-specific,released,Green,high,GRN_5def6d00-daed-4d21-af9e-47938cf1877f
http://data.europa.eu/esco/skill/5dfd1b83-8b77-444b-94cd-72f8e13472fa,GreenSkill,legislation in agriculture,"Body of regional, national and European laws enacted in the field of agriculture and forestry concerning various issues such as product quality, environmental protection and trade.",knowledge,cross-sector,released,Green,high,GRN_5dfd1b83-8b77-444b-94cd-72f8e13472fa
http://data.europa.eu/esco/skill/5e641832-dafe-46fa-8e0a-b29b223f985a,GreenSkill,assess hydrogen production technologies,"Compare technological and economic characteristics of different options to produce hydrogen. This includes comparing sources (natural gas, water and electricity, biomass, coal) and related technologies.",skill/competence,sector-specific,released,Green,high,GRN_5e641832-dafe-46fa-8e0a-b29b223f985a
http://data.europa.eu/esco/skill/5efdcf3b-9c19-4b1c-ac41-7347493da37d,GreenSkill,store sorted waste,"Store waste materials, products, and appliances which have been sorted into separate categories for recycling or disposal into the appropriate containers and storage equipment or facilities.",skill/competence,sector-specific,released,Green,high,GRN_5efdcf3b-9c19-4b1c-ac41-7347493da37d
http://data.europa.eu/esco/skill/5f1f365c-ad8c-4291-9ba5-79e2132a334d,GreenSkill,fuel cell types,Fuel cells functionalities and types. It includes the operating conditions of fuel cells and possible related problems.,knowledge,cross-sector,released,Green,high,GRN_5f1f365c-ad8c-4291-9ba5-79e2132a334d
http://data.europa.eu/esco/skill/60032986-43ac-4c26-a830-c825f3fa205a,GreenSkill,design district heating and cooling energy systems,"Design a district heating and cooling system, including calculations of heat loss and cooling load, determining of capacity, flow, temperatures, hydraulic concepts etc.",skill/competence,sector-specific,released,Green,high,GRN_60032986-43ac-4c26-a830-c825f3fa205a
http://data.europa.eu/esco/skill/60097ab6-722e-4a22-9f3e-40aecb24daef,GreenSkill,organic building materials,The types and processing of organic materials to build products or parts of products.,knowledge,sector-specific,released,Green,high,GRN_60097ab6-722e-4a22-9f3e-40aecb24daef
http://data.europa.eu/esco/skill/6044d62b-7499-4c5d-81ae-2fea443013b2,GreenSkill,wood preservation,"Measures and techniques used to ensure the wood's durability and resistance against humidity, insects, and fungi.",knowledge,sector-specific,released,Green,high,GRN_6044d62b-7499-4c5d-81ae-2fea443013b2
http://data.europa.eu/esco/skill/609d6bb4-db16-4578-87fc-57b11a701cc2,GreenSkill,bioeconomy,"The production of renewable biological resources and the conversion of these resources and waste streams into value added products, such as food, feed, bio-based products and bioenergy.",knowledge,cross-sector,released,Green,high,GRN_609d6bb4-db16-4578-87fc-57b11a701cc2
http://data.europa.eu/esco/skill/60ab2bf7-c812-4a88-86c0-7c81a9b2f77c,GreenSkill,carry out environmental audits,Use equipment to measure various environmental parameters in order to identify environmental problems and investigate manners in which they can be resolved. Perform inspections in order to ensure compliance with environmental legislation.,skill/competence,cross-sector,released,Green,high,GRN_60ab2bf7-c812-4a88-86c0-7c81a9b2f77c
http://data.europa.eu/esco/skill/60c4cdfa-1aa3-452d-a989-10fd61706911,GreenSkill,European pesticide legislation,The EU framework for community action which promotes the sustainable use of pesticides.,knowledge,sector-specific,released,Green,high,GRN_60c4cdfa-1aa3-452d-a989-10fd61706911
http://data.europa.eu/esco/skill/610ccf09-e9f2-4268-bb93-442dde5bf26e,GreenSkill,advise on offshore renewable energies subjects,"Provide information and advice on maritime laws, energy sector policies, and any specific regulation applying to the offshore renewable energies.",skill/competence,cross-sector,released,Green,high,GRN_610ccf09-e9f2-4268-bb93-442dde5bf26e
http://data.europa.eu/esco/skill/62685d7a-a8be-4070-89e9-8699ad1201b6,GreenSkill,ecological principles,The understanding of how an ecosystem functions and its relationship to environmental planning and design.,knowledge,cross-sector,released,Green,high,GRN_62685d7a-a8be-4070-89e9-8699ad1201b6
http://data.europa.eu/esco/skill/6385444a-2e10-41c9-9a65-88455655543d,GreenSkill,inspire enthusiasm for nature,Spark a passion for the natural character of fauna and flora and human interaction with it.,skill/competence,cross-sector,released,Green,high,GRN_6385444a-2e10-41c9-9a65-88455655543d
http://data.europa.eu/esco/skill/63e92f65-e70d-421e-94ac-40f944966161,GreenSkill,promote ethical eating,"Campaign for and promote ethical considerations in food choices and nutritional behaviours of consumers, related among others to the protection of the environment, food shortages and scarcity of resources and animal welfare. ",skill/competence,sector-specific,released,Green,high,GRN_63e92f65-e70d-421e-94ac-40f944966161
http://data.europa.eu/esco/skill/63eee3cc-9864-485e-bb95-5daa145d0c78,GreenSkill,educate on hazardous waste,"Educate the public or specific organisations on the importance of correct handling of hazardous waste in order to promote public safety, ensure compliance with legislation, and raise awareness of the different types of hazardous waste and their threats to public health and safety as well as the environment.",skill/competence,sector-specific,released,Green,high,GRN_63eee3cc-9864-485e-bb95-5daa145d0c78
http://data.europa.eu/esco/skill/63f9a5bc-f070-46a6-bea7-c6b9e9dbacc3,GreenSkill,envelope systems for buildings,The physical characteristics of envelope systems for buildings and their limitations. The heat transfer principle in the envelope systems.,knowledge,sector-specific,released,Green,high,GRN_63f9a5bc-f070-46a6-bea7-c6b9e9dbacc3
http://data.europa.eu/esco/skill/64091c5d-a448-4f01-8a80-058ff91483ab,GreenSkill,install offshore renewable energy systems,"Install systems which generate electrical energy through offshore renewable energy technologies, ensuring compliance with regulations, and correct installation of the power system.",skill/competence,sector-specific,released,Green,high,GRN_64091c5d-a448-4f01-8a80-058ff91483ab
http://data.europa.eu/esco/skill/6444575a-b656-4de3-abd3-e89118b36b34,GreenSkill,oversee park land use,"Supervise the development of the land, such as camping sites or places of interest. Oversee the management of natural lands of different types.",skill/competence,occupation-specific,released,Green,high,GRN_6444575a-b656-4de3-abd3-e89118b36b34
http://data.europa.eu/esco/skill/6561f116-70de-47d8-80b8-f0e2a1d2cf11,GreenSkill,perform feasibility study on solar heating,"Perform the evaluation and assessment of the potential of solar heating systems. Realise a standardised study to estimate the heat loss of the building and the heating demand, the demand of domestic hot water, the needed storage volume and the possible types of storage tank, and conduct research to support the process of decision making.",skill/competence,sector-specific,released,Green,high,GRN_6561f116-70de-47d8-80b8-f0e2a1d2cf11
http://data.europa.eu/esco/skill/66db424f-2abe-420d-8e5b-186607266b61,GreenSkill,corporate social responsibility,The handling or managing of business processes in a responsible and ethical manner considering the economic responsibility towards shareholders as equally important as the responsibility towards environmental and social stakeholders.,knowledge,sector-specific,released,Green,high,GRN_66db424f-2abe-420d-8e5b-186607266b61
http://data.europa.eu/esco/skill/66dbdb89-74ca-45b7-b8af-2479fc0e22c0,GreenSkill,manage animal welfare,"Plan, manage and evaluate the application of the five universally recognised animal welfare needs as appropriate to species, situation and own occupation.",skill/competence,sector-specific,released,Green,high,GRN_66dbdb89-74ca-45b7-b8af-2479fc0e22c0
http://data.europa.eu/esco/skill/670ebf56-761c-4d3d-865a-db14085b77f7,GreenSkill,apply procedures and regulations for eco-labelling,"Identify, select and apply procedures and regulations to verify the compliance of specific requirements of EU eco-labelling.  ",skill/competence,sector-specific,released,Green,high,GRN_670ebf56-761c-4d3d-865a-db14085b77f7
http://data.europa.eu/esco/skill/6742977a-aa00-4c8c-9861-898b0373907e,GreenSkill,advise on sustainable management policies,"Contribute to planning and policy development for sustainable management, including input in environmental impact assessments.",skill/competence,cross-sector,released,Green,high,GRN_6742977a-aa00-4c8c-9861-898b0373907e
http://data.europa.eu/esco/skill/6825a7dd-c2da-40fa-b745-508ff20ee293,GreenSkill,natural areas maintenance,"The methods to maintain the assets (both natural and constructed) of natural areas, including program development and implementation.",knowledge,sector-specific,released,Green,high,GRN_6825a7dd-c2da-40fa-b745-508ff20ee293
http://data.europa.eu/esco/skill/6853886b-ebc5-4b91-98af-9a4ecca803bd,GreenSkill,types of wind turbines,"The two main types of wind turbines, namely those which rotate along a horizontal or those which rotate along a vertical axis, and their subtypes. The properties and uses of each.",knowledge,cross-sector,released,Green,high,GRN_6853886b-ebc5-4b91-98af-9a4ecca803bd
http://data.europa.eu/esco/skill/691c7db6-bad8-4a09-a3c4-4bf799375a35,GreenSkill,sustainable agricultural production principles,Principles and conditions of organic and sustainable agricultural production.,knowledge,sector-specific,released,Green,high,GRN_691c7db6-bad8-4a09-a3c4-4bf799375a35
http://data.europa.eu/esco/skill/6937f761-607c-4f9f-ab56-549e875a5deb,GreenSkill,drain hazardous liquids,"Drain substances which pose health and safety risks from equipment, appliances or installations in order to store the liquids according to safety guidelines and dispose or treat them as required.",skill/competence,sector-specific,released,Green,high,GRN_6937f761-607c-4f9f-ab56-549e875a5deb
http://data.europa.eu/esco/skill/6962058d-9808-4820-a6bc-d7cabce60cde,GreenSkill,implement sustainable procurement,"Incorporate strategic public policy goals into procurement procedures, such as green public procurement (GPP) and socially responsible public procurement (SRPP). Contribute to reducing the environmental impact of procurement, to achieving social goals and to improving value for money for the organisation and for society at large.",skill/competence,sector-specific,released,Green,high,GRN_6962058d-9808-4820-a6bc-d7cabce60cde
http://data.europa.eu/esco/skill/6af000e5-a451-4f78-9feb-723971f2ad05,GreenSkill,develop water purification methods,"Develop strategies for the development and use of water purification equipment and plans, by aiding in the design of equipment, planning purification procedures, and identifying the necessary actions and potential risks.",skill/competence,cross-sector,released,Green,high,GRN_6af000e5-a451-4f78-9feb-723971f2ad05
http://data.europa.eu/esco/skill/6b41fcd8-85eb-4b27-b409-05ffcc663a3d,GreenSkill,prevent sea pollution,Organize and monitor environment protection applying the regulations for pollution prevention at sea.,skill/competence,sector-specific,released,Green,high,GRN_6b41fcd8-85eb-4b27-b409-05ffcc663a3d
http://data.europa.eu/esco/skill/6b5d032a-b85a-44ea-9dad-5201048d2dd2,GreenSkill,develop flood remediation strategies,"Develop plans and design equipment for the prevention of floods and efficient aid in the event of a flood, by assessing the risks, identifying improvements in existing strategies, and designing new strategies in flood remediation.",skill/competence,cross-sector,released,Green,high,GRN_6b5d032a-b85a-44ea-9dad-5201048d2dd2
http://data.europa.eu/esco/skill/6c1143b7-1a4c-49ba-849a-ae328673e566,GreenSkill,soil structure,Diversity of soil elements and types of soil in relation to plant growth.,knowledge,sector-specific,released,Green,high,GRN_6c1143b7-1a4c-49ba-849a-ae328673e566
http://data.europa.eu/esco/skill/6c2182f9-9068-42e8-8855-31252d62fbb0,GreenSkill,ecotourism,"The practice of sustainable travel to natural areas that conserve and support the local environment, fostering environmental and cultural understanding. It usually involves the observation of natural wildlife in exotic natural environments.",knowledge,sector-specific,released,Green,high,GRN_6c2182f9-9068-42e8-8855-31252d62fbb0
http://data.europa.eu/esco/skill/6c6daac0-80f5-431f-a33f-c5b722094657,GreenSkill,energy storage systems,"The systems to capture the energy produced at one time for use at a later time. This includes the differences between the main battery types, super capacitors and hydrogen or fuel tanks.",knowledge,cross-sector,released,Green,high,GRN_6c6daac0-80f5-431f-a33f-c5b722094657
http://data.europa.eu/esco/skill/6d355a4e-d9b6-4a24-a79b-30176e15589e,GreenSkill,beverages filtration processes,"Safe and economic method for removing impurities from food products and extending its shelf life. Importance of contamination control and how it contributes to superior quality product, a significant reduction of waste and a minimum of product spoilage.",knowledge,sector-specific,released,Green,high,GRN_6d355a4e-d9b6-4a24-a79b-30176e15589e
http://data.europa.eu/esco/skill/6d53015b-6867-408f-8f3a-4eb9d5dae101,GreenSkill,maintain plant soil nutrition,Manage and support overall soil nutrition. Practice sustainable gardening techniques and integrated pest management in gardens both outdoor and indoor.,skill/competence,sector-specific,released,Green,high,GRN_6d53015b-6867-408f-8f3a-4eb9d5dae101
http://data.europa.eu/esco/skill/6e19c179-3b5f-4c43-b6f5-16ce05b5e548,GreenSkill,oceanography,"The scientific discipline that studies oceanic phenomena such as marine organisms, plate tectonics, and the geology of the ocean bottom.",knowledge,cross-sector,released,Green,high,GRN_6e19c179-3b5f-4c43-b6f5-16ce05b5e548
http://data.europa.eu/esco/skill/6e84c2b5-935a-4958-a410-da42efaf7c27,GreenSkill,pest management techniques,"Techniques and measures used to prevent unwanted pests in houses, buildings and their surroundings by preventing access or by deploying other techniques such as wood protection and bird management devices.",knowledge,occupation-specific,released,Green,high,GRN_6e84c2b5-935a-4958-a410-da42efaf7c27
http://data.europa.eu/esco/skill/6f30181d-65b5-4527-b36e-a686d47fed84,GreenSkill,bicycle sharing systems,The different public and private services offering bicycles to individuals for their short term use based against the payment of a price or a fee.,knowledge,cross-sector,released,Green,high,GRN_6f30181d-65b5-4527-b36e-a686d47fed84
http://data.europa.eu/esco/skill/6f5850ea-5785-4e2c-b062-743066fd5bdb,GreenSkill,environmental legislation,The environmental policies and legislation applicable in a certain domain.,knowledge,cross-sector,released,Green,high,GRN_6f5850ea-5785-4e2c-b062-743066fd5bdb
http://data.europa.eu/esco/skill/6f900dcb-c7ff-4d97-8015-9c45b99f7097,GreenSkill,dispose medical waste,"Carry out the appropriate technique to safely dispose all types of medical waste such as infective, toxic and radioactive waste.",skill/competence,cross-sector,released,Green,high,GRN_6f900dcb-c7ff-4d97-8015-9c45b99f7097
http://data.europa.eu/esco/skill/6fcf2fc7-7b74-42e5-845f-f5854fd44f37,GreenSkill,ensure correct goods labelling,"Ensure that goods are labeled with all necessary labeling information (e.g. legal, technological, hazardous and others) regarding the product. Ensure that labels respects the legal requirements and adhere to regulations.",skill/competence,sector-specific,released,Green,high,GRN_6fcf2fc7-7b74-42e5-845f-f5854fd44f37
http://data.europa.eu/esco/skill/705f5906-9b08-4562-9544-46f6ab944a7e,GreenSkill,forest conservation,The practice of planting and maintaining forested areas for preserving and protecting forests and the environment.,knowledge,cross-sector,released,Green,high,GRN_705f5906-9b08-4562-9544-46f6ab944a7e
http://data.europa.eu/esco/skill/709ba9cf-ad8c-41d8-b09f-3de1ca0692ee,GreenSkill,develop food policy,"Participate in the decision-making around production and processing techniques, marketing, availability, utilization and consumption of food, in the interest of meeting or furthering social objectives to influence the operation of the food and agriculture system. Food policymakers engage in activities such as regulation of food-related industries, establishing eligibility standards for food assistance programs for the poor, ensuring safety of the food supply, food labeling, and even the qualifications of a product to be considered organic. ",skill/competence,sector-specific,released,Green,high,GRN_709ba9cf-ad8c-41d8-b09f-3de1ca0692ee
http://data.europa.eu/esco/skill/7109d172-c370-47fe-ac81-8fe93550a9e3,GreenSkill,impact investing,"Investment strategy aimed at investing in organisations or initiatives with a social or environmental outlook, which in turn generates financial gains but also a positive impact in society.",knowledge,sector-specific,released,Green,high,GRN_7109d172-c370-47fe-ac81-8fe93550a9e3
http://data.europa.eu/esco/skill/722058b4-2b90-453c-8ba1-88f74e8fb645,GreenSkill,compare alternative vehicles,Compare the performance of alternative vehicles based on factors such as their energy consumption and the energy density per volume and per mass of different fuels employed.,skill/competence,sector-specific,released,Green,high,GRN_722058b4-2b90-453c-8ba1-88f74e8fb645
http://data.europa.eu/esco/skill/72627d40-488a-4ef5-9c72-3c048361102c,GreenSkill,dismantle broken appliances,"Dismantle equipment and appliances which are broken and ineligible for repair so that their separate components can be sorted, recycled, and disposed of in a manner which is compliant with waste and recycling legislation.",skill/competence,sector-specific,released,Green,high,GRN_72627d40-488a-4ef5-9c72-3c048361102c
http://data.europa.eu/esco/skill/72886bc5-eeb0-42d5-9b01-f83b4cf138b4,GreenSkill,water consumption,"The factors which are involved in the calculation and estimation of water consumption in a residence or facility, and methods in which water consumption can be lowered or made more efficient.",knowledge,occupation-specific,released,Green,high,GRN_72886bc5-eeb0-42d5-9b01-f83b4cf138b4
http://data.europa.eu/esco/skill/73576419-31c2-4e45-8e30-ab1afec3db4e,GreenSkill,use sustainable materials and components,"Identify, select environmentally friendly materials and components. Decide on the substitution of certain materials by the one that are environmentally friendly, maintaining the same level of functionality and other characteristics of the product.",skill/competence,cross-sector,released,Green,high,GRN_73576419-31c2-4e45-8e30-ab1afec3db4e
http://data.europa.eu/esco/skill/73997f48-cd9d-4724-872d-86ecbb2ed9a2,GreenSkill,plant species,"The variety of plants, trees and shrubs and their special characteristics. ",knowledge,sector-specific,released,Green,high,GRN_73997f48-cd9d-4724-872d-86ecbb2ed9a2
http://data.europa.eu/esco/skill/73a9561d-112c-4d8a-9d5f-b2c11c5bbd5f,GreenSkill,manage waste,"Manage or dispose of significant amounts of waste materials and/or hazardous materials, in accordance with legislation, thereby respecting environmental and company responsibilities. Ensure required licenses and permits are in place and reasonable management practices, industry standards, or commonly accepted farming practices followed.",skill/competence,cross-sector,released,Green,high,GRN_73a9561d-112c-4d8a-9d5f-b2c11c5bbd5f
http://data.europa.eu/esco/skill/73cc1ce2-4ada-4ae1-9f8e-d7efadcd52f6,GreenSkill,design an electric heating system,Design the details of electric heating systems. Calculate the needed capacity for space heating under given conditions complying with available electrical power supply.,skill/competence,sector-specific,released,Green,high,GRN_73cc1ce2-4ada-4ae1-9f8e-d7efadcd52f6
http://data.europa.eu/esco/skill/7493634f-30ea-4f2f-8fd4-c78b4a309bf7,GreenSkill,fresh water ecosystems,"The types and natural characteristics of fresh water ecosystems such as lakes, ponds, rivers, wetlands, streams etc. ",knowledge,sector-specific,released,Green,high,GRN_7493634f-30ea-4f2f-8fd4-c78b4a309bf7
http://data.europa.eu/esco/skill/75f312e1-622b-4751-8d93-815b32feaf8d,GreenSkill,pollution prevention,"The processes used to prevent pollution: precautions to pollution of the environment, procedures to counter pollution and associated equipment, and possible measures to protect the environment.",knowledge,cross-sector,released,Green,high,GRN_75f312e1-622b-4751-8d93-815b32feaf8d
http://data.europa.eu/esco/skill/7608e884-6f73-4205-a02a-ea7062a2337e,GreenSkill,monitor disposal of radioactive substances,"Ensure correct management and disposal of radioactive substances used for medical purposes, in compliance with established procedures.",skill/competence,cross-sector,released,Green,high,GRN_7608e884-6f73-4205-a02a-ea7062a2337e
http://data.europa.eu/esco/skill/761de590-ca64-423f-a5a7-8639abd8c615,GreenSkill,energy micro-generation technologies,"The technologies which allow the small-scale generation process of harvesting low carbon sources such as the sun, wind, or water flow, to produce heat or electricity. Energy micro-generation technologies are not taking place in large power plants, thus increasing their efficiency, and eliminating distribution costs. ",knowledge,sector-specific,released,Green,high,GRN_761de590-ca64-423f-a5a7-8639abd8c615
http://data.europa.eu/esco/skill/761e1acc-d38b-4524-9890-6a119fb7e98c,GreenSkill,support local tourism,Promote local products and services to visitors and encourage the use of local tourism operators in a destination.,skill/competence,sector-specific,released,Green,high,GRN_761e1acc-d38b-4524-9890-6a119fb7e98c
http://data.europa.eu/esco/skill/76f552ef-bb2d-4f66-83a8-ad205086967e,GreenSkill,educate people about nature,"Speak to a variety of audiences about e.g. information, concepts, theories and/or activities related to nature and its conservation. Produce written information. This information may be presented in a range of formats e.g. display signs, information sheets, posters, website text etc.",skill/competence,sector-specific,released,Green,high,GRN_76f552ef-bb2d-4f66-83a8-ad205086967e
http://data.europa.eu/esco/skill/77390acd-7cf6-4cb2-895a-16bc6b6d2058,GreenSkill,wildlife,"Undomesticated animal species, as well as all plants, fungi and other organisms that grow or live wild in an area without being introduced by humans. Wildlife can be found in all ecosystems such as deserts, forests, rain forests, plains, grasslands and other areas, including the most developed urban areas, which all have distinct forms of wildlife.",knowledge,sector-specific,released,Green,high,GRN_77390acd-7cf6-4cb2-895a-16bc6b6d2058
http://data.europa.eu/esco/skill/77f109c4-3107-4d2a-a512-5160ac103933,GreenSkill,analyse environmental data,Analyse data that interpret correlations between human activities and environmental effects.,skill/competence,sector-specific,released,Green,high,GRN_77f109c4-3107-4d2a-a512-5160ac103933
http://data.europa.eu/esco/skill/7808ccb8-9797-4864-80e3-37119ca32b30,GreenSkill,monitor composting,Mix the biodegradable materials respecting the appropriate proportion and monitor the degradation process of organic waste.,skill/competence,occupation-specific,released,Green,high,GRN_7808ccb8-9797-4864-80e3-37119ca32b30
http://data.europa.eu/esco/skill/7832b684-580c-4eaf-a8b3-322164b041ab,GreenSkill,provide information on solar panels,"Provide organisations and individuals searching for alternative methods to provide facilities and residences with energy on the costs, benefits, and negative aspects of the installation and use of solar panels, and what one must take into account when considering the purchase and installation of solar systems.",skill/competence,cross-sector,released,Green,high,GRN_7832b684-580c-4eaf-a8b3-322164b041ab
http://data.europa.eu/esco/skill/79a5bc25-5b59-47bc-a4c2-fb8e8cb1ddf6,GreenSkill,smart grids systems,"Smart grids are a digital electricity network. The system involves the electronic digital control of production, distribution and use of electricity, information management of the components and energy saving.",knowledge,sector-specific,released,Green,high,GRN_79a5bc25-5b59-47bc-a4c2-fb8e8cb1ddf6
http://data.europa.eu/esco/skill/7ac88283-80aa-4a1f-93f8-213cd2a469cb,GreenSkill,design offshore energy systems,"Develop design specifications for offshore energy systems and their components, ensuring that the design is optimised to ensure safe and efficient production of energy. Create checklists for the inspection and monitoring of completed offshore installation projects.",skill/competence,sector-specific,released,Green,high,GRN_7ac88283-80aa-4a1f-93f8-213cd2a469cb
http://data.europa.eu/esco/skill/7afd29d7-9c9f-4151-83f2-562b8c94a3af,GreenSkill,apply transportation management concepts,"Apply transport industry management concepts in order to improve transportation processes, reduce waste, increase efficiency, and improve schedule preparation.",skill/competence,sector-specific,released,Green,high,GRN_7afd29d7-9c9f-4151-83f2-562b8c94a3af
http://data.europa.eu/esco/skill/7b3717e4-e963-44e0-b94f-1088a7242da0,GreenSkill,nurse plants,"Determine the need for nursing activities and carry out nursing by cultivating, maintaining, watering and spraying the plants and trees manually or using appropriate equipment, taking into account the plant species and following safety requirements.",skill/competence,sector-specific,released,Green,high,GRN_7b3717e4-e963-44e0-b94f-1088a7242da0
http://data.europa.eu/esco/skill/7c2c81fe-b5f5-4691-a58d-7fd0a8b6c0e1,GreenSkill,prevent kiln loss of heat,Prevent the waste of heat by sealing the kiln door with bricks and clay.,skill/competence,occupation-specific,released,Green,high,GRN_7c2c81fe-b5f5-4691-a58d-7fd0a8b6c0e1
http://data.europa.eu/esco/skill/7cefbd03-d544-4184-a9b4-caa1eea2a646,GreenSkill,environmental impact of tourism,The study of the environmental impact of travel and tourist activities on tour destinations.,knowledge,sector-specific,released,Green,high,GRN_7cefbd03-d544-4184-a9b4-caa1eea2a646
http://data.europa.eu/esco/skill/7d70ed20-1c29-4ce3-bda5-9ba6c957a2d2,GreenSkill,types of wave energy converters,"Different types of devices to exploit wave power, such as point absorber buoys, surface attenuators, oscillating wave surge converters, overtopping devices, or submerged pressure differential converters.",knowledge,sector-specific,released,Green,high,GRN_7d70ed20-1c29-4ce3-bda5-9ba6c957a2d2
http://data.europa.eu/esco/skill/7f321b88-3d16-4e30-8163-5494ca8ce978,GreenSkill,engage others in environment friendly behaviours,Inform about and promote environmental friendly behaviours in social networks and at work.,skill/competence,transversal,released,Green,high,GRN_7f321b88-3d16-4e30-8163-5494ca8ce978
http://data.europa.eu/esco/skill/7f4d1dee-bc5a-495a-926b-17b383b8d8fd,GreenSkill,green building standards,The guidelines on how to design and construct sustainable buildings. They follow the criterion of mitigating the environmental impact of buildings while promoting green practices among the occupants.  ,knowledge,sector-specific,released,Green,high,GRN_7f4d1dee-bc5a-495a-926b-17b383b8d8fd
http://data.europa.eu/esco/skill/7feca0cc-f0b3-470d-ba03-48c0f7cff286,GreenSkill,educate on sustainable tourism,"Develop educational programmes and resources for individuals or guided groups, to provide information about sustainable tourism and the impact of human interaction on the environment, local culture and natural heritage. Educate travellers about making a positive impact and raise awareness of environmental issues.",skill/competence,sector-specific,released,Green,high,GRN_7feca0cc-f0b3-470d-ba03-48c0f7cff286
http://data.europa.eu/esco/skill/7ff9cce1-6518-48db-8f59-2beb81508fb2,GreenSkill,provide information on wind turbines,"Provide organisations and individuals searching for alternative energy methods on the cost, benefits, and negative aspects of the installation and use of wind turbines, both residential and common, and what one must take into account when considering the implementation of wind turbine technology.",skill/competence,sector-specific,released,Green,high,GRN_7ff9cce1-6518-48db-8f59-2beb81508fb2
http://data.europa.eu/esco/skill/8034a1ea-5ee0-4a84-8fd3-16411c8d86fb,GreenSkill,agroforestry,The application of land management systems and technologies that integrate trees and other woody perennials with traditional cropland farming in order to sustain agricultural production while ensuring the protection of the natural environment.,knowledge,sector-specific,released,Green,high,GRN_8034a1ea-5ee0-4a84-8fd3-16411c8d86fb
http://data.europa.eu/esco/skill/81af8698-9873-4b3d-b6d2-8eb275bf170b,GreenSkill,environmental threats,"The threats for the environment which are related to biological, chemical, nuclear, radiological, and physical hazards.",knowledge,sector-specific,released,Green,high,GRN_81af8698-9873-4b3d-b6d2-8eb275bf170b
http://data.europa.eu/esco/skill/82423b5c-486f-42e7-b00e-7358757a8de5,GreenSkill,test samples for pollutants,Measure concentrations of pollutants within samples. Calculate air pollution or gas flow in industrial processes. Identify potential safety or health risks such as radiation.,skill/competence,sector-specific,released,Green,high,GRN_82423b5c-486f-42e7-b00e-7358757a8de5
http://data.europa.eu/esco/skill/8248a071-5307-4a64-a62d-643a35ec31e2,GreenSkill,types of photovoltaic panels,"Different types of photovoltaic cells and panels, with different efficiencies in different types of weather, costs, durability and lifespan ratings, and mounting possibilities.",knowledge,cross-sector,released,Green,high,GRN_8248a071-5307-4a64-a62d-643a35ec31e2
http://data.europa.eu/esco/skill/824fc4ec-4217-46c5-8a5c-f752bb0d2d73,GreenSkill,pest biology,Biological characteristics of insect and rodent pest and their influence on choosing a pest management method.,knowledge,occupation-specific,released,Green,high,GRN_824fc4ec-4217-46c5-8a5c-f752bb0d2d73
http://data.europa.eu/esco/skill/829d1376-41bf-4c41-9bc3-62dce647677c,GreenSkill,artificial lighting systems,"Types of artificial lighting and their power consumption. HF fluorescent lighting, LED lighting, natural daylight and programmed control systems allow an efficient use of energy.",knowledge,sector-specific,released,Green,high,GRN_829d1376-41bf-4c41-9bc3-62dce647677c
http://data.europa.eu/esco/skill/82fea746-853f-4f1b-8ab7-55de8619cccd,GreenSkill,lean manufacturing,Lean manufacturing is a methodology that focuses on minimizing waste within manufacturing systems while simultaneously maximizing productivity.,knowledge,cross-sector,released,Green,high,GRN_82fea746-853f-4f1b-8ab7-55de8619cccd
http://data.europa.eu/esco/skill/8318ca1f-117e-4a21-a07a-5d7515a21035,GreenSkill,provide training in sustainable tourism development and management,"Deliver training and capacity building for staff working in the tourism industry to inform them about best practices in developing and managing tourist destinations and packages, while ensuring a minimum impact on the environment and local communities and strict preservation of protected areas and fauna and flora species.",skill/competence,sector-specific,released,Green,high,GRN_8318ca1f-117e-4a21-a07a-5d7515a21035
http://data.europa.eu/esco/skill/83331548-2159-4b87-9177-c3cb29978540,GreenSkill,inspect trees,Carry out tree inspections and surveys.,skill/competence,cross-sector,released,Green,high,GRN_83331548-2159-4b87-9177-c3cb29978540
http://data.europa.eu/esco/skill/83fc0b2b-6cd2-46af-b1ff-d3fc83604c26,GreenSkill,energy efficiency,"Field of information concerning the reduction of the use of energy. It encompasses calculating the consumption of energy, providing certificates and support measures, saving energy by reducing the demand, encouraging efficient use of fossil fuels, and promoting the use of renewable energy.",knowledge,sector-specific,released,Green,high,GRN_83fc0b2b-6cd2-46af-b1ff-d3fc83604c26
http://data.europa.eu/esco/skill/8550a96d-3970-46e1-83e1-371c59473ec4,GreenSkill,provide agri-touristic services,"Provide services for agri-tourism activities on the farm. This may include providing B &amp; B services, small scale catering, supporting agri-tourism activities and leisure such as riding, locally guide tours, giving information on farm production and history, selling of small-scale local farm products.",skill/competence,sector-specific,released,Green,high,GRN_8550a96d-3970-46e1-83e1-371c59473ec4
http://data.europa.eu/esco/skill/8570573a-937b-406a-b4b2-1def0387d0d1,GreenSkill,maintain concentrated solar power systems,"Perform routine maintenance as well as repairs on systems which use reflective materials, such as lenses and mirrors, and tracking systems to concentrate sunlight into a beam, which powers an electrical power plant through its heat generation.",skill/competence,sector-specific,released,Green,high,GRN_8570573a-937b-406a-b4b2-1def0387d0d1
http://data.europa.eu/esco/skill/85947873-e99a-4b08-a4e3-743942710fea,GreenSkill,manage fisheries projects,Consult with contractors from both the governmental and private sectors in fisheries projects such as restoration efforts. Go over the proposed plans and provide expertise. Prepare applications for fisheries program grants. Provide technical assistance to civic fisheries projects. Study the impact of environmental changes on waters. Resolve complaints from the public. Prepare prescriptions to identify fisheries problems and recommend solutions.,skill/competence,sector-specific,released,Green,high,GRN_85947873-e99a-4b08-a4e3-743942710fea
http://data.europa.eu/esco/skill/85f73cdf-fb6f-434d-8fff-fcd723834a90,GreenSkill,perform environmental remediation,"Carry out activities which ensure the removal of sources of pollution and contamination from the environment, in compliance with environmental remediation regulations.",skill/competence,sector-specific,released,Green,high,GRN_85f73cdf-fb6f-434d-8fff-fcd723834a90
http://data.europa.eu/esco/skill/8604cb5f-9e1f-427c-ba23-3c4a6853fe95,GreenSkill,design wind farm collector systems,"Design systems which interconnect individual wind turbines on a wind farm and collect the energy and transfer it to a substation, which will allow for the transmission of the generated electrical energy, ensuring that the system connects the turbines to each other and the substation in a safe and efficient manner.",skill/competence,sector-specific,released,Green,high,GRN_8604cb5f-9e1f-427c-ba23-3c4a6853fe95
http://data.europa.eu/esco/skill/8614b988-b907-473e-a701-47b525959dc8,GreenSkill,advise on heating systems energy efficiency,Provide information and advice to clients on how to preserve an energy efficient heating system in their home or office and possible alternatives.,skill/competence,cross-sector,released,Green,high,GRN_8614b988-b907-473e-a701-47b525959dc8
http://data.europa.eu/esco/skill/862920c8-f2d0-4058-8fb8-9f06fbfc2446,GreenSkill,develop recycling programs,Develop and coordinate recycling programs; collect and process recyclable materials in order to reduce waste.,skill/competence,sector-specific,released,Green,high,GRN_862920c8-f2d0-4058-8fb8-9f06fbfc2446
http://data.europa.eu/esco/skill/86df7af2-f9f3-4c06-a500-7f1fba9e78fe,GreenSkill,follow health and safety procedures in construction,"Apply the relevant health and safety procedures in construction in order to prevent accidents, pollution and other risks.",skill/competence,cross-sector,released,Green,high,GRN_86df7af2-f9f3-4c06-a500-7f1fba9e78fe
http://data.europa.eu/esco/skill/86f0bb12-6491-4be7-8306-c88900e91a63,GreenSkill,green bonds,The financial instruments traded in financial markets that aim at raising capitals for projects with specific environmental benefits.,knowledge,sector-specific,released,Green,high,GRN_86f0bb12-6491-4be7-8306-c88900e91a63
http://data.europa.eu/esco/skill/87af00b5-30fa-41c8-bfa5-357f22c8d589,GreenSkill,replace defect components,Remove defective parts and replace them with functioning components.,skill/competence,cross-sector,released,Green,high,GRN_87af00b5-30fa-41c8-bfa5-357f22c8d589
http://data.europa.eu/esco/skill/885808f7-f42b-406e-95f2-28efcd45ddda,GreenSkill,carry out energy management of facilities,Contribute to develop effective strategies for energy management and making sure that these are sustainable for buildings. Review buildings and facilities to identify where improvements can be made in energy efficiency.,skill/competence,cross-sector,released,Green,high,GRN_885808f7-f42b-406e-95f2-28efcd45ddda
http://data.europa.eu/esco/skill/88de7361-2054-4402-8e1a-a6feb61d8ba9,GreenSkill,conduct airport environmental studies,"Prepare and conduct environmental studies, air quality modelling, and land use planning studies.",skill/competence,sector-specific,released,Green,high,GRN_88de7361-2054-4402-8e1a-a6feb61d8ba9
http://data.europa.eu/esco/skill/89a94a26-29d4-4cd7-9e9d-faebc300c1b1,GreenSkill,conduct erosion control,Manage erosion control processes and projects. Plan erosion control actions to control or prevent erosion from occurring and avoid water pollution or soil loss.,skill/competence,sector-specific,released,Green,high,GRN_89a94a26-29d4-4cd7-9e9d-faebc300c1b1
http://data.europa.eu/esco/skill/89f5fa96-ae45-4906-902c-d50ca51009c6,GreenSkill,identify new recycling opportunities,"Investigate ideas and spot opportunities to improve the collection, process and recycling of waste materials.",skill/competence,cross-sector,released,Green,high,GRN_89f5fa96-ae45-4906-902c-d50ca51009c6
http://data.europa.eu/esco/skill/8a5d67b6-4abf-4fae-bedf-78c8882d7d47,GreenSkill,types of vehicle engines,"Types of car engines in road and racing cars, including those with emerging technologies like hybrids and electric motors, and how they work.",knowledge,cross-sector,released,Green,high,GRN_8a5d67b6-4abf-4fae-bedf-78c8882d7d47
http://data.europa.eu/esco/skill/8abdc43c-2bfd-417c-97c2-27fcdaf53171,GreenSkill,promote environmental awareness,Promote sustainability and raise awareness about the environmental impact of human and industrial activity based on the carbon footprints of business processes and other practices.,skill/competence,cross-sector,released,Green,high,GRN_8abdc43c-2bfd-417c-97c2-27fcdaf53171
http://data.europa.eu/esco/skill/8bcf4ef0-edda-4f6a-a1ce-7defb1d324d6,GreenSkill,perform water treatment procedures,"Perform operations such as filtering, sterilising, and dechlorinating in order to purify water for consumption and food production using different procedures and technologies such as micro-filtration, reverse osmosis, ozonation, carbon filtration, or ultraviolet (UV) light.",skill/competence,sector-specific,released,Green,high,GRN_8bcf4ef0-edda-4f6a-a1ce-7defb1d324d6
http://data.europa.eu/esco/skill/8bdd25f8-4b6e-40fe-a2cf-c1badc594114,GreenSkill,geology,"Solid earth, rock types, structures and the processes by which they are altered.",knowledge,cross-sector,released,Green,high,GRN_8bdd25f8-4b6e-40fe-a2cf-c1badc594114
http://data.europa.eu/esco/skill/8be4540d-db79-4213-8820-bda0d3fb74a7,GreenSkill,aeroponics,The cultivation of plants without the use of an aggregate medium such as soil. The roots of plants are directly exposed to the surrounding air or mist and irrigated with nutrient solutions.,knowledge,sector-specific,released,Green,high,GRN_8be4540d-db79-4213-8820-bda0d3fb74a7
http://data.europa.eu/esco/skill/8c609e7c-5002-41a7-b629-0b98f132afb0,GreenSkill,regulation on the discharge of raw materials into the sea,"The environmental regulations for the discharge of raw materials into the sea, including the use of chemical disinfection and dechlorination to produce a clean and safe effluent suitable for discharging at sea.",knowledge,occupation-specific,released,Green,high,GRN_8c609e7c-5002-41a7-b629-0b98f132afb0
http://data.europa.eu/esco/skill/8c7707b3-cd9b-405a-b2e5-9df24172d4f9,GreenSkill,monitor grounds,"Monitor grounds during special events to insure protection of the system, report condition of the grounds and loss of water or plants due to system malfunction.",skill/competence,occupation-specific,released,Green,high,GRN_8c7707b3-cd9b-405a-b2e5-9df24172d4f9
http://data.europa.eu/esco/skill/8ca08a35-2d2e-46f5-b440-8fc8ce736287,GreenSkill,apply precision farming,"Using modern technologies and equipment with high precision positioning systems, geo-mapping and/or automated steering systems for agricultural activities.",skill/competence,sector-specific,released,Green,high,GRN_8ca08a35-2d2e-46f5-b440-8fc8ce736287
http://data.europa.eu/esco/skill/8dcdd2f0-1784-488f-9821-82a09c4f2cee,GreenSkill,investigate complaints about improper waste handling,Respond to and investigate accusations and complaints about improper industrial waste handling and disposal.,skill/competence,cross-sector,released,Green,high,GRN_8dcdd2f0-1784-488f-9821-82a09c4f2cee
http://data.europa.eu/esco/skill/8df12fb1-7f41-4068-8d05-007e8fec8f33,GreenSkill,conserve forests,"Strive to conserve and restore forest structures, biodiversity and ecological functions.",skill/competence,sector-specific,released,Green,high,GRN_8df12fb1-7f41-4068-8d05-007e8fec8f33
http://data.europa.eu/esco/skill/8df86db8-dfcd-414b-854f-ad1cdb18d733,GreenSkill,communicate on the environmental impact of mining,"Prepare talks, lectures, consultations with stakeholders and public hearings on environmental issues related to mining.",skill/competence,sector-specific,released,Green,high,GRN_8df86db8-dfcd-414b-854f-ad1cdb18d733
http://data.europa.eu/esco/skill/8e01e994-0e09-4fbb-a76b-7f615678cc7d,GreenSkill,maintain biogas plant,"Perform routine maintenance and repairs on equipment which treats energy crops and waste from farms, called anaerobic digesters. Ensure the equipment functions correctly in the transformation of biomass to biogas which is used for the generation of heat and electricity.",skill/competence,occupation-specific,released,Green,high,GRN_8e01e994-0e09-4fbb-a76b-7f615678cc7d
http://data.europa.eu/esco/skill/8f585def-6ade-41b3-b897-3d71fba4151d,GreenSkill,alternative energy,Sources of energy that do not originate from fossil fuels and have few greenhouse emissions.,knowledge,cross-sector,released,Green,high,GRN_8f585def-6ade-41b3-b897-3d71fba4151d
http://data.europa.eu/esco/skill/8f98653a-4aee-4619-91c7-0cdc2f8e225a,GreenSkill,manage plans for the utilisation of organic by-products,"Implement plans for the utilisation of organic by-products. Ensure that plans for the utilisation of organic by-products are in accordance with relevant legislation, codes of practice and cropping policies. Ensure that systems are in place to protect humans and animals from the dangers of working with organic by-products such as slurry gasses. Monitor the utilisation of organic by-products and take appropriate action if problems are identified.",skill/competence,occupation-specific,released,Green,high,GRN_8f98653a-4aee-4619-91c7-0cdc2f8e225a
http://data.europa.eu/esco/skill/901297b8-9f66-431b-a6ab-bc2235acf056,GreenSkill,collect broken appliances,"Collect or receive products which are no longer functional and cannot be repaired from households, organisations or collection facilities so that they can be sorted for disposal or recycling.",skill/competence,occupation-specific,released,Green,high,GRN_901297b8-9f66-431b-a6ab-bc2235acf056
http://data.europa.eu/esco/skill/907039e2-5b33-4ea5-96ca-b6082711b491,GreenSkill,recognise the hazards of dangerous goods,"Be aware of the threats posed by potentially dangerous goods such as polluting, toxic, corrosive, or explosive materials.",skill/competence,sector-specific,released,Green,high,GRN_907039e2-5b33-4ea5-96ca-b6082711b491
http://data.europa.eu/esco/skill/90d04cf8-dcc1-45cf-93e1-a2eba80aed6f,GreenSkill,hybrid vehicle architecture,"Hybrid vehicle nomenclature, classification and architectures including efficiency considerations. Pros and cons of series, parallel and power split solutions. It excludes the architecture and R&D in non plug-in hybrid vehicles.",knowledge,sector-specific,released,Green,high,GRN_90d04cf8-dcc1-45cf-93e1-a2eba80aed6f
http://data.europa.eu/esco/skill/91a6da8d-24dc-4453-9821-de305864677c,GreenSkill,soil science,"The field of science that studies soil as a natural resource, its characteristics, formation, and classification. It also examines the physical, biological, and chemical potential of soil.",knowledge,cross-sector,released,Green,high,GRN_91a6da8d-24dc-4453-9821-de305864677c
http://data.europa.eu/esco/skill/9263f0d8-7266-4782-b0ee-38f62656e97e,GreenSkill,promote sustainable interior design,Develop an environmental friendly interior design and promote the use of cost-effective and renewable materials.,skill/competence,cross-sector,released,Green,high,GRN_9263f0d8-7266-4782-b0ee-38f62656e97e
http://data.europa.eu/esco/skill/9349f502-9c11-476c-957d-2e016790a2ee,GreenSkill,coordinate waste management procedures,"Coordinate the operations of a facility or organisation which deal with the management of waste, such as waste collection, sorting, recycling, and disposal, excluding waste incineration, in order to ensure optimal efficiency of operations, improve methods for waste reduction, and ensure compliance with legislation.",skill/competence,sector-specific,released,Green,high,GRN_9349f502-9c11-476c-957d-2e016790a2ee
http://data.europa.eu/esco/skill/9433da85-70fa-4a25-8f96-71fa59dd1989,GreenSkill,biology,"Tissues, cells, and functions of plant and animal organisms and their interdependencies and interactions with each other and the environment.",knowledge,cross-sector,released,Green,high,GRN_9433da85-70fa-4a25-8f96-71fa59dd1989
http://data.europa.eu/esco/skill/9438b0dc-062a-4893-b176-959706e4ae1e,GreenSkill,use environmental friendly materials,Work with ecofriendly materials such as water based finishing materials systems or formaldehyde free adhesives.,skill/competence,cross-sector,released,Green,high,GRN_9438b0dc-062a-4893-b176-959706e4ae1e
http://data.europa.eu/esco/skill/944e06e8-7b12-4064-9e72-d80cd6d0cbba,GreenSkill,Earth science,"The science preoccupied with studying planet earth, this includes geology, meteorology, oceanography, and astronomy. It also includes the composition of the earth, earth structures, and processes.",knowledge,cross-sector,released,Green,high,GRN_944e06e8-7b12-4064-9e72-d80cd6d0cbba
http://data.europa.eu/esco/skill/94747ff4-603d-47d4-9780-bf53be41e190,GreenSkill,inspect industrial equipment,"Inspect equipment used during industrial activities such as manufacturing or construction equipment in order to ensure that the equipment complies with health, safety, and environmental legislation.",skill/competence,cross-sector,released,Green,high,GRN_94747ff4-603d-47d4-9780-bf53be41e190
http://data.europa.eu/esco/skill/95013213-ee67-493b-86d0-e383e0f72482,GreenSkill,domestic heating systems,"The modern and traditional heating systems alimented by gas, wood, oil, biomass, solar power and other renewable energy sources and their energy saving principles.",knowledge,cross-sector,released,Green,high,GRN_95013213-ee67-493b-86d0-e383e0f72482
http://data.europa.eu/esco/skill/9582094d-e08c-4df2-a6f1-7c321724f273,GreenSkill,natural food resources,"The location, qualities, and preparations of safe, edible, and potable natural products, such as fruit, plants, meat, and fresh or recycled water.",knowledge,occupation-specific,released,Green,high,GRN_9582094d-e08c-4df2-a6f1-7c321724f273
http://data.europa.eu/esco/skill/95bff246-c3ce-4181-a11b-e4363453c2f8,GreenSkill,environmental management standards,The requirements for an organisation to implement the environmental management system in order to enhance its environmental performance such as ISO 14001.,knowledge,cross-sector,released,Green,high,GRN_95bff246-c3ce-4181-a11b-e4363453c2f8
http://data.europa.eu/esco/skill/96835f47-da71-415b-8cbf-d37386dc98d4,GreenSkill,conduct environmental surveys,Conduct surveys in order to collect information for analysis and management of environmental risks within an organisation or in a wider context.,skill/competence,cross-sector,released,Green,high,GRN_96835f47-da71-415b-8cbf-d37386dc98d4
http://data.europa.eu/esco/skill/96d901a6-c931-4e8d-b685-a47e1deaaa1b,GreenSkill,identify energy needs,"Identify the type and amount of energy supply necessary in a building or facility, in order to provide the most beneficial, sustainable, and cost-effective energy services for a consumer.",skill/competence,sector-specific,released,Green,high,GRN_96d901a6-c931-4e8d-b685-a47e1deaaa1b
http://data.europa.eu/esco/skill/97725325-5287-4ebb-9f83-1ba2c38f465c,GreenSkill,produce sustainable products,"Manufacture goods in a sustainable manner throughout the product lifecycle which involves promoting social responsibility, conserving resources, and minimizing negative environmental impacts. ",skill/competence,cross-sector,released,Green,high,GRN_97725325-5287-4ebb-9f83-1ba2c38f465c
http://data.europa.eu/esco/skill/97902800-f9e0-4a73-8826-6cc42f874a18,GreenSkill,green logistics,The approaches and activities aimed at minimising the ecological impact of logistics activities.,knowledge,cross-sector,released,Green,high,GRN_97902800-f9e0-4a73-8826-6cc42f874a18
http://data.europa.eu/esco/skill/97b473ae-8535-498d-9999-cc77549c5e50,GreenSkill,identify fitted source for heat pumps,"Determine available heat and energy sources choosing among different types of available heat sources, taking into account the influence of source temperature on energy efficiency.",skill/competence,sector-specific,released,Green,high,GRN_97b473ae-8535-498d-9999-cc77549c5e50
http://data.europa.eu/esco/skill/982ccb23-102c-4d7a-a899-4df50a032def,GreenSkill,install concentrated solar power systems,"Install systems which use reflective materials, such as lenses and mirrors, and tracking systems to concentrate sunlight into a beam, which powers an electrical power plant through its heat generation.",skill/competence,occupation-specific,released,Green,high,GRN_982ccb23-102c-4d7a-a899-4df50a032def
http://data.europa.eu/esco/skill/988f696e-01c9-4aa5-b024-4aa96505ee0c,GreenSkill,operate water-heating equipment,"Operate water-heating equipment, such as electrical equipment, heat exchangers, heat pumps and solar heaters.",skill/competence,sector-specific,released,Green,high,GRN_988f696e-01c9-4aa5-b024-4aa96505ee0c
http://data.europa.eu/esco/skill/995f7d9c-45c9-4622-b704-739982ff9070,GreenSkill,watershed development,"The study of the relevant characteristics of a watershed aimed at the sustainable distribution of its resources and the process of creating and implementing plans, programs, and projects to sustain and enhance watershed functions that affect the plant, animal and human communities within a watershed boundary.",knowledge,sector-specific,released,Green,high,GRN_995f7d9c-45c9-4622-b704-739982ff9070
http://data.europa.eu/esco/skill/9a354775-1a03-4258-a357-be4ab0a07465,GreenSkill,establish green roof,"Establish vegetation on roofs, takinig into account water and drainage, filters and soil. Plant suitable grasses, and possibly bushes and trees. Establish the green roof with regards to health and safety regulations.",skill/competence,sector-specific,released,Green,high,GRN_9a354775-1a03-4258-a357-be4ab0a07465
http://data.europa.eu/esco/skill/9b04cd15-b9c4-442d-9bbb-32e1b2058dca,GreenSkill,offshore constructions and facilities,"Structures and facilities installed in a marine environment, usually for the production and transmission of electricity, oil, gas and other resources.",knowledge,sector-specific,released,Green,high,GRN_9b04cd15-b9c4-442d-9bbb-32e1b2058dca
http://data.europa.eu/esco/skill/9b242812-7d88-4219-bac7-1195ecc4db51,GreenSkill,recirculation systems,"The characteristics and functioning of complex circulation, aeration and biofilter systems.",knowledge,sector-specific,released,Green,high,GRN_9b242812-7d88-4219-bac7-1195ecc4db51
http://data.europa.eu/esco/skill/9b5aa426-7daa-4143-8d70-c3623e8c7e60,GreenSkill,design window and glazing systems,Design window/glazing system for optimal comfort and energy performance. Evaluate and design optimal shading system and its control strategy.,skill/competence,sector-specific,released,Green,high,GRN_9b5aa426-7daa-4143-8d70-c3623e8c7e60
http://data.europa.eu/esco/skill/9be02d2d-9d45-400b-aa05-1e9aee7bd815,GreenSkill,mini wind power generation,"Mini wind turbines for electricity generation on-site (on roofs etc.), and their contribution to energy performance.",knowledge,sector-specific,released,Green,high,GRN_9be02d2d-9d45-400b-aa05-1e9aee7bd815
http://data.europa.eu/esco/skill/9c07b3e2-b919-4594-b6f2-e01df6e9390f,GreenSkill,design microclimates in buildings,"Discuss and evaluate climatic and local conditions on the site for application of optimal passive strategies (micro and macro climate). Combine several design strategies, including the main passive design strategies, and evaluate their performance as a whole building energy concept.",skill/competence,sector-specific,released,Green,high,GRN_9c07b3e2-b919-4594-b6f2-e01df6e9390f
http://data.europa.eu/esco/skill/9ccb56ee-3d5f-4d48-8692-8f96fe1e4adb,GreenSkill,solar absorption cooling system,Solar absorption cooling is a heat-activated cooling system based on a solution absorption process. It contributes to energy performance.,knowledge,sector-specific,released,Green,high,GRN_9ccb56ee-3d5f-4d48-8692-8f96fe1e4adb
http://data.europa.eu/esco/skill/9cf2856d-0375-4ec3-a51f-7f9c82119859,GreenSkill,maintain solar energy systems,"Test the performance of the solar panels, read the measuring meters to check electricity indicators, identify and remedy malfunctions, and clean the panels if necessary.",skill/competence,cross-sector,released,Green,high,GRN_9cf2856d-0375-4ec3-a51f-7f9c82119859
http://data.europa.eu/esco/skill/9d04490c-cea5-4765-a15e-99c46b543c1d,GreenSkill,coordinate shipments of recycling materials,Coordinate and oversee shipments of recycling materials. Communicate with processing companies and shipping brokers.,skill/competence,cross-sector,released,Green,high,GRN_9d04490c-cea5-4765-a15e-99c46b543c1d
http://data.europa.eu/esco/skill/9d3490b2-a0e6-415b-81a4-a3a4a63268b0,GreenSkill,maintain plant health,Manage and support overall plant health. Practice sustainable gardening techniques and integrated pest management in gardens both outdoor and indoor.,skill/competence,sector-specific,released,Green,high,GRN_9d3490b2-a0e6-415b-81a4-a3a4a63268b0
http://data.europa.eu/esco/skill/9d75efb9-0c77-4f86-b5e7-99100808564a,GreenSkill,pest control in plants,"Types and features of pests in plants and crops. Different kinds of pest control methods, activities using conventional or biological methods taking into account the type of plant or crop, environmental and climate conditions and health and safety regulations. Storage and handling of products.",knowledge,cross-sector,released,Green,high,GRN_9d75efb9-0c77-4f86-b5e7-99100808564a
http://data.europa.eu/esco/skill/9dfab993-ecab-4292-9cb2-528a93eb3161,GreenSkill,employ habitat survey techniques,"Apply sampling strategies and employ a range of habitat survey techniques, such as Geographic Information Systems (GIS), Global Positioning Systems (GPS), aerial photography, records and maps.",skill/competence,sector-specific,released,Green,high,GRN_9dfab993-ecab-4292-9cb2-528a93eb3161
http://data.europa.eu/esco/skill/9ecd4016-b9de-480d-8ec3-9881644f0eda,GreenSkill,use sound measuring instruments,Operate instruments such as transducers and sound level meters to measure noise levels in an environment in order to prevent noise pollution.,skill/competence,occupation-specific,released,Green,high,GRN_9ecd4016-b9de-480d-8ec3-9881644f0eda
http://data.europa.eu/esco/skill/9f719da2-5ba8-46b8-b20b-3d5f59208f49,GreenSkill,solar panel mounting systems,"Different ways of setting up solar panels, such as pole mounting, where the panels are fixed to a surface, ballasted mounting, where weights are used to keep the panels in place, and solar tracking, where panels are mounted on a moving surface in order to follow the sun through the sky for optimal insolation.",knowledge,sector-specific,released,Green,high,GRN_9f719da2-5ba8-46b8-b20b-3d5f59208f49
http://data.europa.eu/esco/skill/9f763ac3-1d6c-48d2-ab54-324b1b144f40,GreenSkill,manage air quality,"Monitoring, audit and management of air quality, including remedial measures.",skill/competence,cross-sector,released,Green,high,GRN_9f763ac3-1d6c-48d2-ab54-324b1b144f40
http://data.europa.eu/esco/skill/a118a699-7258-48d1-bc45-45fc04f792c8,GreenSkill,ingredient threats,"Ingredients and potential risks which could damage humans, the flora and the fauna. Functions in ingredient formulas.",knowledge,sector-specific,released,Green,high,GRN_a118a699-7258-48d1-bc45-45fc04f792c8
http://data.europa.eu/esco/skill/a2723f98-0fb2-469b-8c79-7ad2d0f73660,GreenSkill,handle mining plant waste,"Make sure mining plant waste is disposed of safely, efficiently, and in an environmentally sound manner.",skill/competence,sector-specific,released,Green,high,GRN_a2723f98-0fb2-469b-8c79-7ad2d0f73660
http://data.europa.eu/esco/skill/a281365c-a432-4e82-97ce-2dcc4907685f,GreenSkill,plant trees,Transplant and plant trees or tree seeds in woodland areas and forests.,skill/competence,occupation-specific,released,Green,high,GRN_a281365c-a432-4e82-97ce-2dcc4907685f
http://data.europa.eu/esco/skill/a28c96cd-a43d-4143-b992-903356d0923e,GreenSkill,manage habitats,Create and manage natural habitats.,skill/competence,cross-sector,released,Green,high,GRN_a28c96cd-a43d-4143-b992-903356d0923e
http://data.europa.eu/esco/skill/a366bfc5-8d17-4792-a9f0-db0951528dda,GreenSkill,advise on environmental risk management systems,Evaluate requirements and advise on systems for environmental risk management. Ensure the customer does his part in preventing or limiting adverse environmental impact through the use of technology. Ensure required licenses and permits are obtained.,skill/competence,cross-sector,released,Green,high,GRN_a366bfc5-8d17-4792-a9f0-db0951528dda
http://data.europa.eu/esco/skill/a3f1d933-728d-494a-a260-293132b8fdd4,GreenSkill,characteristics of plants,"The varieties, characteristics and structural and functional features of plants, depending on their habitat.",knowledge,cross-sector,released,Green,high,GRN_a3f1d933-728d-494a-a260-293132b8fdd4
http://data.europa.eu/esco/skill/a5f836cc-7e6d-4f3d-a7ee-0146ebb84260,GreenSkill,create soil and plant improvement programmes,Develop and advise on implementation of soil health and plant nutrition programs.,skill/competence,sector-specific,released,Green,high,GRN_a5f836cc-7e6d-4f3d-a7ee-0146ebb84260
http://data.europa.eu/esco/skill/a7573f65-d00c-417f-b952-441ebaeed675,GreenSkill,create crop protection plans,Monitor crops for issues with crop protection. Design integrated control strategies. Assess the consequences of pesticide application. Keep up with developments in biotechnology to help reduce usage of chemicals. Manage pesticide resistance.,skill/competence,sector-specific,released,Green,high,GRN_a7573f65-d00c-417f-b952-441ebaeed675
http://data.europa.eu/esco/skill/a8429098-ddac-481b-91e7-688d021c092e,GreenSkill,ecology,The study of how organisms interact and their relation to the ambient environment.,knowledge,cross-sector,released,Green,high,GRN_a8429098-ddac-481b-91e7-688d021c092e
http://data.europa.eu/esco/skill/a8f1c3cf-bd8b-4c85-80d3-c69955f6bd00,GreenSkill,pruning techniques,The techniques of selectively removing parts of trees and plants to foster better growth and regeneration.,knowledge,sector-specific,released,Green,high,GRN_a8f1c3cf-bd8b-4c85-80d3-c69955f6bd00
http://data.europa.eu/esco/skill/a929f335-e5b9-4f8f-a052-0a8b166d595c,GreenSkill,geothermal power generation methods,"Different ways to extract the thermal energy stored in the earth in order to produce electricity by extracting steam to activate turbines, by extracting hot water and converting it into steam, or by using a binary system that transforms a secondary liquid into steam.",knowledge,occupation-specific,released,Green,high,GRN_a929f335-e5b9-4f8f-a052-0a8b166d595c
http://data.europa.eu/esco/skill/a9c1a772-8ef6-4dd7-93a4-c6bbf3293688,GreenSkill,code of Conduct for Responsible Fisheries,Food and Agriculture Organisation of the United Nations (FAO) Code of Conduct for Responsible Fisheries and the guidelines established for professional fishers.,knowledge,cross-sector,released,Green,high,GRN_a9c1a772-8ef6-4dd7-93a4-c6bbf3293688
http://data.europa.eu/esco/skill/aaa84f7f-4006-4d9b-81e0-e8eeacdde025,GreenSkill,perform a feasibility study on biogas energy,"Perform the evaluation and assessment of the potential of generating biogas from waste materials. Realise a standardised study to determine the total cost of ownership, and the pros and cons of using this form of energy, and conduct research to support the process of decision making.",skill/competence,sector-specific,released,Green,high,GRN_aaa84f7f-4006-4d9b-81e0-e8eeacdde025
http://data.europa.eu/esco/skill/aac9e93a-106a-4cdc-8d27-ac3a9ffce0ac,GreenSkill,International Convention for the Prevention of Pollution from Ships,"The fundamental principals and requirements laid in the International Regulation for the Prevention of Pollution from Ships (MARPOL): Regulations for the Prevention of Pollution by Oil, Regulations for the Control of Pollution by Noxious Liquid Substances in Bulk, prevention of Pollution by Harmful Substances Carried by Sea in Packaged Form, Prevention of Pollution by Sewage from Ships, Prevention of Pollution by Garbage from Ships, Prevention of Air Pollution from Ships.",knowledge,cross-sector,released,Green,high,GRN_aac9e93a-106a-4cdc-8d27-ac3a9ffce0ac
http://data.europa.eu/esco/skill/aadf267e-08f0-4bf3-ae4a-f1670b8e9e5d,GreenSkill,offshore renewable energy technologies,"The different technologies used to implement the marine renewable energy to an increasing degree, such as wind, wave and tidal turbines, floating photovoltaics, hydrocratic generators and ocean thermal energy conversion (OTEC).",knowledge,sector-specific,released,Green,high,GRN_aadf267e-08f0-4bf3-ae4a-f1670b8e9e5d
http://data.europa.eu/esco/skill/ab0deac2-b872-45c8-ad65-657938d2fe79,GreenSkill,operate solar thermal energy systems for hot water and heating,"Use solar tube collectors systems to generate and store domestic potable hot water and heating, in order to increase energy performance.",skill/competence,sector-specific,released,Green,high,GRN_ab0deac2-b872-45c8-ad65-657938d2fe79
http://data.europa.eu/esco/skill/ae6d655d-bbce-4701-ba04-d687cfa90eda,GreenSkill,safeguard biodiversity,"Protect biodiversity among animals, plants and microorganism by adopting environmentally sustainable actions such as maintaining natural habitats and preserving nature. ",skill/competence,sector-specific,released,Green,high,GRN_ae6d655d-bbce-4701-ba04-d687cfa90eda
http://data.europa.eu/esco/skill/aeb400b6-d38c-45cc-9252-3c6983c614bb,GreenSkill,conduct ecological surveys,Conduct field surveys to collect information about the numbers and distribution of organisms.,skill/competence,sector-specific,released,Green,high,GRN_aeb400b6-d38c-45cc-9252-3c6983c614bb
http://data.europa.eu/esco/skill/afdcb380-ef9f-4785-b877-cc551f035034,GreenSkill,agronomy,The study of combining agriculture production and protection and regeneration of natural environment. It includes the principles and methods of critical selection and adequate application methods for sustainability in agriculture.,knowledge,cross-sector,released,Green,high,GRN_afdcb380-ef9f-4785-b877-cc551f035034
http://data.europa.eu/esco/skill/affb720b-98e7-4ae6-b833-b12e94fa8987,GreenSkill,hydroponics,"The cultivation of plants without the use of soil, by applying mineral nutrient solutions.",knowledge,sector-specific,released,Green,high,GRN_affb720b-98e7-4ae6-b833-b12e94fa8987
http://data.europa.eu/esco/skill/b013ae1f-5efc-42b5-8dab-8a8add39bbd8,GreenSkill,enforce fuel storage regulations,"Enforce fuel storage regulations, in accordance with governmental and environmental policies and regulations.",skill/competence,sector-specific,released,Green,high,GRN_b013ae1f-5efc-42b5-8dab-8a8add39bbd8
http://data.europa.eu/esco/skill/b115cabc-c030-45b2-ac8e-922d45716183,GreenSkill,biomass conversion,"Conversion process whereby biological material becomes heat through combustion or biofuel through chemical, thermal, and biochemical methods.",knowledge,sector-specific,released,Green,high,GRN_b115cabc-c030-45b2-ac8e-922d45716183
http://data.europa.eu/esco/skill/b13e0689-636d-42d0-86c3-df9d6f85a882,GreenSkill,manage environmental management system,Develop and implement an environmental management system.,skill/competence,cross-sector,released,Green,high,GRN_b13e0689-636d-42d0-86c3-df9d6f85a882
http://data.europa.eu/esco/skill/b1b118c4-3291-484e-b64d-6d51fd5da8b3,GreenSkill,environmental engineering,"The application of scientific and engineering theories and principles aimed at improving the environment and sustainability, such as the provision of clean habitation necessities (such as air, water, and land) for humans and other organisms, for environmental remediation in the event of pollution, sustainable energy development, and improved waste management and waste reduction methods.",knowledge,cross-sector,released,Green,high,GRN_b1b118c4-3291-484e-b64d-6d51fd5da8b3
http://data.europa.eu/esco/skill/b21072bc-7c50-4ec7-a822-5233e9363b53,GreenSkill,prepared animal feeds contamination hazards,Contamination and spoilage hazards related to animal feeds. Prevention and reaction.,knowledge,sector-specific,released,Green,high,GRN_b21072bc-7c50-4ec7-a822-5233e9363b53
http://data.europa.eu/esco/skill/b251544f-7b92-46d5-8e14-97f59ce1c7dc,GreenSkill,promote innovative infrastructure design,"Throughout the coordination of an engineering project, promote the development of infrastructure that is innovative and sustainable, in line with the latest developments in the field.",skill/competence,sector-specific,released,Green,high,GRN_b251544f-7b92-46d5-8e14-97f59ce1c7dc
http://data.europa.eu/esco/skill/b25c3eb8-fd63-4d77-8308-7061dbd271c1,GreenSkill,conserve natural resources,Protect waters and natural resources and coordinate actions. Work with environmental agencies and resource management personnel.,skill/competence,sector-specific,released,Green,high,GRN_b25c3eb8-fd63-4d77-8308-7061dbd271c1
http://data.europa.eu/esco/skill/b2b970ad-0276-4069-ba31-899a53191b95,GreenSkill,biofilter systems,The techniques used to control pollution via biofiltration processes.,knowledge,occupation-specific,released,Green,high,GRN_b2b970ad-0276-4069-ba31-899a53191b95
http://data.europa.eu/esco/skill/b2f05068-c409-43ec-ba58-b5dfe991ca5e,GreenSkill,advise on corporate social responsibility ,Inform others about the social responsibility of companies and organisations in society and advise about matters to prolong their sustainability.,skill/competence,occupation-specific,released,Green,high,GRN_b2f05068-c409-43ec-ba58-b5dfe991ca5e
http://data.europa.eu/esco/skill/b30c2dd2-996c-4984-9c68-ce05bf26f1e1,GreenSkill,train staff on recycling programs,Train employees on the type of recycling methods and programs available for a company and all its procedures and policies that should be taken account of.,skill/competence,cross-sector,released,Green,high,GRN_b30c2dd2-996c-4984-9c68-ce05bf26f1e1
http://data.europa.eu/esco/skill/b34f8562-9fcc-4e58-bd1c-8088ebadd315,GreenSkill,advise on nature conservation,Provide information and suggested actions relating to the conservation of nature.,skill/competence,sector-specific,released,Green,high,GRN_b34f8562-9fcc-4e58-bd1c-8088ebadd315
http://data.europa.eu/esco/skill/b422efe7-b151-4120-86ae-db11a48dd0fa,GreenSkill,advise on environmental remediation,Advise on the development and implementation of actions which aim to remove sources of pollution and contamination from the environment.,skill/competence,cross-sector,released,Green,high,GRN_b422efe7-b151-4120-86ae-db11a48dd0fa
http://data.europa.eu/esco/skill/b4bd4b00-be51-4631-b202-dcb0e33c0899,GreenSkill,protect game,Prevent unlicensed hunting by patrolling the area at night.,skill/competence,occupation-specific,released,Green,high,GRN_b4bd4b00-be51-4631-b202-dcb0e33c0899
http://data.europa.eu/esco/skill/b4db1a85-2488-4dc9-bd53-3dcb3f9deac7,GreenSkill,fertilisation principles,"The study of plant, soil structure, climatic and environmental issues in agronomical production.",knowledge,cross-sector,released,Green,high,GRN_b4db1a85-2488-4dc9-bd53-3dcb3f9deac7
http://data.europa.eu/esco/skill/b552832c-ad26-4901-b76c-232a53c74aba,GreenSkill,coordinate electricity generation,Communicate the current demand of electricity generation to electricity generation workers and facilities in order to ensure that the generation of electrical power can be increased or decreased accordingly.,skill/competence,sector-specific,released,Green,high,GRN_b552832c-ad26-4901-b76c-232a53c74aba
http://data.europa.eu/esco/skill/b55376e1-41c3-45f8-9b35-d3e7b1288a33,GreenSkill,evaluate vehicle ecological footprint,Evaluate the ecological footprint of vehicles and use various methods to analyse green-house gas emissions such as CO2 emissions.,skill/competence,sector-specific,released,Green,high,GRN_b55376e1-41c3-45f8-9b35-d3e7b1288a33
http://data.europa.eu/esco/skill/b589ce7c-588f-4045-be2d-9332c2d2278d,GreenSkill,surface engineering,"The engineering discipline that studies ways to counteract environmental deterioration, such as corrosion and deformation of surfaces of materials, by altering the properties of the surfaces and making them resistant to the environment in which they will be used.",knowledge,cross-sector,released,Green,high,GRN_b589ce7c-588f-4045-be2d-9332c2d2278d
http://data.europa.eu/esco/skill/b589fa82-f177-4cce-9fb4-31bbbebf792b,GreenSkill,green chemistry,The process of creating chemical products that diminish or cancel the negative impact on the environment caused by the use of hazardous substances. It follows all the phases of chemical product generation from the design to the manufacturing and its disposal.,knowledge,sector-specific,released,Green,high,GRN_b589fa82-f177-4cce-9fb4-31bbbebf792b
http://data.europa.eu/esco/skill/b71fc6e4-14eb-488b-9f26-a7c15fd6d6e8,GreenSkill,perform feasibility study on geothermal energy,"Perform the evaluation and assessment of the potential of a geothermal energy system. Realise a standardised study to determine the costs, restrictions, and available components and conduct research to support the process of decision making. Investigate the best type of system in combination with the available heat pump type.",skill/competence,sector-specific,released,Green,high,GRN_b71fc6e4-14eb-488b-9f26-a7c15fd6d6e8
http://data.europa.eu/esco/skill/b7a26b32-c457-49aa-9a78-25ade10090e3,GreenSkill,maintain wind turbines,"Perform all required activities to maintain the wind turbines in functional order. Lubricate moving parts such as gearboxes and bearings, check connections within the system, and resolve any major issues that may develop.",skill/competence,sector-specific,released,Green,high,GRN_b7a26b32-c457-49aa-9a78-25ade10090e3
http://data.europa.eu/esco/skill/b970e437-2f8b-42e3-ae49-6718a0cca44f,GreenSkill,water reuse,Principles of water re-use processes in complex circulation systems.,knowledge,cross-sector,released,Green,high,GRN_b970e437-2f8b-42e3-ae49-6718a0cca44f
http://data.europa.eu/esco/skill/b9931096-a9b9-4db4-b210-6fcada68c2ff,GreenSkill,coordinate shipments of waste materials,"Organise the transportation of hazardous or non-hazardous waste from a client to a waste treatment, storage, or disposal facility, and ensure that all procedures are compliant with environmental legislation.",skill/competence,occupation-specific,released,Green,high,GRN_b9931096-a9b9-4db4-b210-6fcada68c2ff
http://data.europa.eu/esco/skill/ba54cf3c-dd64-48ea-8a9d-ee621a05fb07,GreenSkill,assess energy consumption of ventilation systems,"Calculate and evaluate the total energy use of the ventilation system regarding electrical power consumption, heat loss of the system and the building, on a yearly base, in order to select a fitted concept.",skill/competence,sector-specific,released,Green,high,GRN_ba54cf3c-dd64-48ea-8a9d-ee621a05fb07
http://data.europa.eu/esco/skill/ba8b530e-8f6f-4667-b734-3358797c0595,GreenSkill,vehicle type-approval,"The process for certifying that a vehicle or its systems and components meet the requirements set by the applicable environmental, administrative and technical standards and regulations.",knowledge,sector-specific,released,Green,high,GRN_ba8b530e-8f6f-4667-b734-3358797c0595
http://data.europa.eu/esco/skill/bb4f3174-8d64-478b-8d9b-5f37cbf557b7,GreenSkill,manage visitor flows in natural protected areas,"Direct visitor flows in natural protected areas, so as to minimise the long-term impact of visitors and ensure the preservation of local flora and fauna, in line with environmental regulations. ",skill/competence,sector-specific,released,Green,high,GRN_bb4f3174-8d64-478b-8d9b-5f37cbf557b7
http://data.europa.eu/esco/skill/bb859329-0cd8-45c0-a09f-48b6dcd9fc1a,GreenSkill,protect trees,Preserve trees taking into account the health and conditions of the tree(s) and plans for preservation and conservation of the area. This includes the cutting of trees or branches on trees applying knowlege of the biology of the tree.,skill/competence,sector-specific,released,Green,high,GRN_bb859329-0cd8-45c0-a09f-48b6dcd9fc1a
http://data.europa.eu/esco/skill/bbfb0e36-807c-492f-bed2-267224ba7bc7,GreenSkill,conduct research on food waste prevention,"Research and evaluate methods, equipment and costs for reducing and managing food waste. Monitor recorded measurement data and identify areas for improvement relating to food waste prevention.",skill/competence,cross-sector,released,Green,high,GRN_bbfb0e36-807c-492f-bed2-267224ba7bc7
http://data.europa.eu/esco/skill/bc97c755-2174-4d02-adaf-21b8b1863742,GreenSkill,manage environmental aspects of inland waterway transportation,Consider ecological aspects of the operation of ships in order to use vessels in an efficient and environmentally friendly manner. Understand environmental aspects when navigating inland waterways.,skill/competence,sector-specific,released,Green,high,GRN_bc97c755-2174-4d02-adaf-21b8b1863742
http://data.europa.eu/esco/skill/bce60ecd-ceee-4dbd-b619-70c9789ec634,GreenSkill,test tightness and pressure of refrigeration circuits,"Perform system pressure tests on refrigeration, air condition or heat pump equipment using pressurised gas and vacuum pump to check tightness of the refrigeration circuit and its parts. ",skill/competence,occupation-specific,released,Green,high,GRN_bce60ecd-ceee-4dbd-b619-70c9789ec634
http://data.europa.eu/esco/skill/bd70f004-e1d6-43f0-96f1-59c014a4ea01,GreenSkill,coordinate environmental efforts,"Organise and integrate all environmental efforts of the company, including pollution control, recycling, waste management, environmental health, conservation and renewable energy.",skill/competence,cross-sector,released,Green,high,GRN_bd70f004-e1d6-43f0-96f1-59c014a4ea01
http://data.europa.eu/esco/skill/be973dc1-6aa9-4aed-954c-644affe78639,GreenSkill,apply insulation strips,"Apply insulation strips, which prevent air exchange between outdoors and indoors areas.",skill/competence,cross-sector,released,Green,high,GRN_be973dc1-6aa9-4aed-954c-644affe78639
http://data.europa.eu/esco/skill/bed97655-cb0c-4f05-bfd7-9a79d058619d,GreenSkill,wildlife projects,"Wildlife and animal conservation projects, which aim to protect and preserve ecosystems and habitats of a wide range of animals under threat from urbanisation.",knowledge,sector-specific,released,Green,high,GRN_bed97655-cb0c-4f05-bfd7-9a79d058619d
http://data.europa.eu/esco/skill/bf4779c9-ce55-4110-a996-a7014ca3f1f9,GreenSkill,green automotive technologies,"Technologies that allow the development of sustainable practices within the automotive industry. They are focused on lowering the negative effects of this industry on the environment such as air pollution or the use of non-renewable sources, and on using green methods in the design and manufacture of automotive products.",knowledge,sector-specific,released,Green,high,GRN_bf4779c9-ce55-4110-a996-a7014ca3f1f9
http://data.europa.eu/esco/skill/bf9a2403-850d-4dd3-b266-edaabebc8ab0,GreenSkill,evaluate integrated design of buildings,"Use goals and targets as means of measuring success of design proposals. Apply, combine and evaluate advanced methods for analysis of the interplay between energy systems, architectural concepts, building design, building use, outdoor climate and HVAC systems.",skill/competence,sector-specific,released,Green,high,GRN_bf9a2403-850d-4dd3-b266-edaabebc8ab0
http://data.europa.eu/esco/skill/c0133edf-845a-47bf-968b-bd4a5bd03bbf,GreenSkill,use aquacultural heating equipment,"Operate water heating and pump equipment as appropriate such as electrical heaters, heat exchangers, heat pumps, and solar pumps.",skill/competence,sector-specific,released,Green,high,GRN_c0133edf-845a-47bf-968b-bd4a5bd03bbf
http://data.europa.eu/esco/skill/c0ccbd15-36f3-4515-ae0b-b4062d225ee2,GreenSkill,abide by regulations on banned materials,"Comply with regulations banning heavy metals in solder, flame retardants in plastics, and phthalate plasticisers in plastics and wiring harness insulations, under EU RoHS/WEEE Directives and China RoHS legislation.",skill/competence,sector-specific,released,Green,high,GRN_c0ccbd15-36f3-4515-ae0b-b4062d225ee2
http://data.europa.eu/esco/skill/c1de3963-05eb-4e45-8496-58156a345fb1,GreenSkill,shift energy demands,Accommodate a temporary shutdown of electric power generation systems by shifting energy demands. The goal is to limit power disruptions for customers while a certain problem is identified and dealt with.,skill/competence,sector-specific,released,Green,high,GRN_c1de3963-05eb-4e45-8496-58156a345fb1
http://data.europa.eu/esco/skill/c214d86e-fbb8-45c0-87d4-f2cefc954057,GreenSkill,select sustainable technologies in design,"Produce a holistic design, which includes passive measures that are complemented by active technologies in a sensible way.",skill/competence,sector-specific,released,Green,high,GRN_c214d86e-fbb8-45c0-87d4-f2cefc954057
http://data.europa.eu/esco/skill/c291df22-0d6b-4cea-8feb-11c350a33081,GreenSkill,monitor radiation levels,"Use measuring and testing equipment and techniques to identify the levels of radiation or radioactive substances in order to control exposure and minimise health, safety, and environmental risks.",skill/competence,cross-sector,released,Green,high,GRN_c291df22-0d6b-4cea-8feb-11c350a33081
http://data.europa.eu/esco/skill/c29fed5c-f03b-4389-b110-29b6db00cd01,GreenSkill,dispose non-food waste within the food industry,Dispose non-food waste within the food industry applying environmentally accepted procedures to dispose it.,skill/competence,sector-specific,released,Green,high,GRN_c29fed5c-f03b-4389-b110-29b6db00cd01
http://data.europa.eu/esco/skill/c3108ed8-de97-41fc-9ff7-8c028e662734,GreenSkill,biotechnology in aquaculture,Biotechnology and polymerase chain reactions for studies in sustainable aquaculture production methods.,knowledge,cross-sector,released,Green,high,GRN_c3108ed8-de97-41fc-9ff7-8c028e662734
http://data.europa.eu/esco/skill/c345ad5f-6b37-4861-98b2-769d819309a0,GreenSkill,animal biology,"The structure, evolution and classification of animals and how they interact with their ecosystems.",knowledge,cross-sector,released,Green,high,GRN_c345ad5f-6b37-4861-98b2-769d819309a0
http://data.europa.eu/esco/skill/c36dc79e-3414-4283-a85d-f664a523837f,GreenSkill,educate the public about wildlife,Speak with groups of adults and children to teach them how to enjoy the forest without harming it or themselves. Speak in schools or with specific youth groups if called upon. Develop and teach programs related to nature conservation.,skill/competence,cross-sector,released,Green,high,GRN_c36dc79e-3414-4283-a85d-f664a523837f
http://data.europa.eu/esco/skill/c3ac5c4c-b4b9-4842-b871-43e12cfc0442,GreenSkill,green building practices,"The practices involved in the design and creation of building structures in an environmentally responsible, cost effective and resource-effective way. Green building practices such as using eco-friendly construction materials complement classical building practices seeking a sustainable and high-performance building life cycle.",knowledge,sector-specific,released,Green,high,GRN_c3ac5c4c-b4b9-4842-b871-43e12cfc0442
http://data.europa.eu/esco/skill/c3bb5700-a94d-407a-8cd0-147727378f25,GreenSkill,urban pollution implications,"Collection of pollutants created by cities and its effects on air, water and ground the entire environment. 
 
 
 ",knowledge,sector-specific,released,Green,high,GRN_c3bb5700-a94d-407a-8cd0-147727378f25
http://data.europa.eu/esco/skill/c4867766-50f8-489e-98d7-262da5589c0a,GreenSkill,solar products,"The varieties and key features of solar products such as solar panels, solar water heaters or solar-powered chargers. Moreover, the knowledge of their functionalities, components and legal requirements. ",knowledge,cross-sector,released,Green,high,GRN_c4867766-50f8-489e-98d7-262da5589c0a
http://data.europa.eu/esco/skill/c49eb4a4-7b5f-44e6-b346-7153879ac86b,GreenSkill,industrial heating systems,"Heating systems fuelled by gas, wood, oil, biomass, solar power, and other reneable energy sources and their energy saving principles, applicable specifically to industrial buildings and facilities.",knowledge,cross-sector,released,Green,high,GRN_c49eb4a4-7b5f-44e6-b346-7153879ac86b
http://data.europa.eu/esco/skill/c4b03a17-a93e-4a8e-9846-4c4d469d4001,GreenSkill,agroecology,The study and application of ecological and agronomic concepts and principles to agricultural production systems.,knowledge,sector-specific,released,Green,high,GRN_c4b03a17-a93e-4a8e-9846-4c4d469d4001
http://data.europa.eu/esco/skill/c4ba12d1-4698-42fa-8abb-789462ea2586,GreenSkill,protect the environment from the impact of the digital technologies,Be aware of the environmental impact of digital technologies and their use.,skill/competence,occupation-specific,released,Green,high,GRN_c4ba12d1-4698-42fa-8abb-789462ea2586
http://data.europa.eu/esco/skill/c4e9f0d0-bbdd-42d7-83a5-2c131f6d67c2,GreenSkill,develop energy policy,Develop and maintain an organisation's strategy regarding its energy performance.,skill/competence,sector-specific,released,Green,high,GRN_c4e9f0d0-bbdd-42d7-83a5-2c131f6d67c2
http://data.europa.eu/esco/skill/c4f97536-866b-4a4f-b91d-da07809ef2d8,GreenSkill,execute feasibility study on hydrogen,"Perform the evaluation and assessment of the use of hydrogen as an alternative fuel. Compare costs, technologies and available sources to produce, transport and store hydrogen. Take into account the environmental impact to support the process of decision making.",skill/competence,sector-specific,released,Green,high,GRN_c4f97536-866b-4a4f-b91d-da07809ef2d8
http://data.europa.eu/esco/skill/c5320743-60f2-40dc-bc13-337cc3834892,GreenSkill,study groundwater,"Prepare and conduct field studies in order to determine groundwater quality. Analyse and interpret maps, models and geographical data. Compose a picture of area groundwater and land contamination. File reports on issues with landfill groundwater, e.g. area pollution caused by coal combustion products.",skill/competence,sector-specific,released,Green,high,GRN_c5320743-60f2-40dc-bc13-337cc3834892
http://data.europa.eu/esco/skill/c565e722-0e14-4f57-99ff-267dd9ea2510,GreenSkill,collaborate on international energy projects,"Provide expertise with regard to energy saving and energy efficiency for the realisation of international projects, including projects in the field of development cooperation.",skill/competence,sector-specific,released,Green,high,GRN_c565e722-0e14-4f57-99ff-267dd9ea2510
http://data.europa.eu/esco/skill/c582dd36-a83d-4d61-b87a-364b84950a3f,GreenSkill,install recycling containers,"Take care of the installation of containers for recyclable waste, such as cardboard paper, glass bottles and clothing, in the appropriate places.",skill/competence,sector-specific,released,Green,high,GRN_c582dd36-a83d-4d61-b87a-364b84950a3f
http://data.europa.eu/esco/skill/c5afeb33-4291-44c9-a89a-373185d0bfef,GreenSkill,"study the relationship between buildings, people and the environment","Understand the relationships and the interactions between people, buildings, and the environment in order to adapt architectural works to the human needs.",skill/competence,occupation-specific,released,Green,high,GRN_c5afeb33-4291-44c9-a89a-373185d0bfef
http://data.europa.eu/esco/skill/c65ac31c-fdaf-4e87-beca-8ed952c3aa35,GreenSkill,biogas energy,"Energy production for heating and potable hot water making use of biogas (the biogas is generated off-site), and its contribution to energy performance.",knowledge,sector-specific,released,Green,high,GRN_c65ac31c-fdaf-4e87-beca-8ed952c3aa35
http://data.europa.eu/esco/skill/c71e5209-dfb8-456d-a1ad-5ac657a92812,GreenSkill,use agronomic modelling,"Build and apply physical and mathematical formulae in order to study farmer's fertilisation, manage irrigation scheduling, define breeding targets, support cultivation choices in a given environment and evaluate the environmental performance of crop productions.",skill/competence,sector-specific,released,Green,high,GRN_c71e5209-dfb8-456d-a1ad-5ac657a92812
http://data.europa.eu/esco/skill/c76ea1b8-25a3-4084-a684-dcf10b7c880c,GreenSkill,ecopedagogy,An educational approach that promotes environmental awareness by integrating ecological and sustainability principles into teaching. It aims to increase social responsibility and end socio-environmental injustices.,knowledge,sector-specific,released,Green,high,GRN_c76ea1b8-25a3-4084-a684-dcf10b7c880c
http://data.europa.eu/esco/skill/c8195036-dab3-4d87-b83b-395a59b18a42,GreenSkill,make decisions regarding forestry management,Decide on issues regarding various aspects concerning the management of natural resources such as forests and woodland areas.,skill/competence,sector-specific,released,Green,high,GRN_c8195036-dab3-4d87-b83b-395a59b18a42
http://data.europa.eu/esco/skill/c89a3068-fe2d-404a-b505-eeeee71b3da0,GreenSkill,manage agritourism activities,"Manage staff for agri-tourism activities on the farm such as planning and promoting products and services, B&B services, small scale catering, agri-tourism activities and leisure or selling of small-scale local farm products. Train staff to carry out the different services according to the plan.",skill/competence,sector-specific,released,Green,high,GRN_c89a3068-fe2d-404a-b505-eeeee71b3da0
http://data.europa.eu/esco/skill/c8b4b02c-d9ce-4e24-ab43-5dd52c6dff48,GreenSkill,advise on carbon emissions reduction,"Give companies advice on reducing industry carbon emissions, identify incentives, and keep them to date with carbon emissions regulations and policies, as well as with innovative reduction methods. ",skill/competence,cross-sector,released,Green,high,GRN_c8b4b02c-d9ce-4e24-ab43-5dd52c6dff48
http://data.europa.eu/esco/skill/c9b97523-d520-4494-aa60-e3bc9ef0d8a4,GreenSkill,grind wasted plastic,Grind the wasted plastic into powder for further reuse.,skill/competence,sector-specific,released,Green,high,GRN_c9b97523-d520-4494-aa60-e3bc9ef0d8a4
http://data.europa.eu/esco/skill/ca2a7a85-43cf-43c0-b703-f18fed7dfba5,GreenSkill,husbandry and harvesting effects on aquatic resources,"The effects on aquatic resources, fish, mollusks and crustaceans of husbandry and harvesting activities.",knowledge,sector-specific,released,Green,high,GRN_ca2a7a85-43cf-43c0-b703-f18fed7dfba5
http://data.europa.eu/esco/skill/ca4ae285-244f-4321-83d6-b109bd1693bc,GreenSkill,follow recycling collection schedules,"Follow and apply waste collection schedules, handed out by the organisations who collect and process the materials for recycling, in order to optimise efficiency and service.",skill/competence,cross-sector,released,Green,high,GRN_ca4ae285-244f-4321-83d6-b109bd1693bc
http://data.europa.eu/esco/skill/cb21f7c2-6bf6-46b5-a638-ad494e95ffbf,GreenSkill,apply road transport environmental measures,Apply European Commission (EC) strategies to mitigate emission of CO²; enforce environmental measures to ensure that CO² emission reduction targets are met.,skill/competence,occupation-specific,released,Green,high,GRN_cb21f7c2-6bf6-46b5-a638-ad494e95ffbf
http://data.europa.eu/esco/skill/cc0a45a7-4883-4122-af11-7ca6c45a37c2,GreenSkill,design building envelope systems,"Design an envelope system as a part of complete building energy system, taking into account energy saving concepts.",skill/competence,sector-specific,released,Green,high,GRN_cc0a45a7-4883-4122-af11-7ca6c45a37c2
http://data.europa.eu/esco/skill/ce689fb5-2c21-4f96-a4b0-d02d4af35923,GreenSkill,design passive energy measures,"Design systems that achieve energy performance using passive measures (i.e. natural light and ventilation, control of solar gains), are less prone to failures and without maintenance costs and requirements. Complement passive measures with as few as necessary active measures.",skill/competence,sector-specific,released,Green,high,GRN_ce689fb5-2c21-4f96-a4b0-d02d4af35923
http://data.europa.eu/esco/skill/cf2005ee-c788-4283-81d9-b443dfdf2c2e,GreenSkill,types of wood,"Types of wood, such as birch, pine, poplar, mahogany, maple and tulipwood.",knowledge,cross-sector,released,Green,high,GRN_cf2005ee-c788-4283-81d9-b443dfdf2c2e
http://data.europa.eu/esco/skill/cfbe1cdb-1738-45a1-b442-75cbda1fff06,GreenSkill,mine dump design,Develop and implement safe and effective waste and dump management. Minimise the ecological footprint of the operation and follow legal requirements.,skill/competence,cross-sector,released,Green,high,GRN_cfbe1cdb-1738-45a1-b442-75cbda1fff06
http://data.europa.eu/esco/skill/cfccea88-0558-40d4-b896-56a1e7993e24,GreenSkill,climatology,The scientific field of study that deals with researching average weather conditions over a specified period of time and how they affected nature on Earth.,knowledge,cross-sector,released,Green,high,GRN_cfccea88-0558-40d4-b896-56a1e7993e24
http://data.europa.eu/esco/skill/d0fc1d32-c64d-4b53-923f-953f648715ab,GreenSkill,carpooling services,Services promoting shared car journeys in order to reduce travel costs and promote sustainability. These services should be provided through plug-in hybrid or zero emissions vehicles.,knowledge,occupation-specific,released,Green,high,GRN_d0fc1d32-c64d-4b53-923f-953f648715ab
http://data.europa.eu/esco/skill/d10030a4-f49c-4125-8646-6b091efe5089,GreenSkill,monitor the welfare of animals,"Monitor animals’ physical condition and behaviour and report any concerns or unexpected changes, including signs of health or ill-health, appearance, condition of the animals' accommodation, intake of food and water and environmental conditions.",skill/competence,cross-sector,released,Green,high,GRN_d10030a4-f49c-4125-8646-6b091efe5089
http://data.europa.eu/esco/skill/d13f1685-9848-4c9e-a40a-686ddb407858,GreenSkill,asbestos removal regulations,"The legislation and regulations surrounding the removal of asbestos contamination from buildings or structures, the safe removal of contaminated materials and the regulations to avoid and prevent contamination.",knowledge,cross-sector,released,Green,high,GRN_d13f1685-9848-4c9e-a40a-686ddb407858
http://data.europa.eu/esco/skill/d168d98c-b7bb-4b9a-b1dc-eac008af4df3,GreenSkill,implement biodiversity action plans,Promoting and implementing local and national biodiversity action plans in partnership with local/national statutory and voluntary organisations.,skill/competence,sector-specific,released,Green,high,GRN_d168d98c-b7bb-4b9a-b1dc-eac008af4df3
http://data.europa.eu/esco/skill/d1ee1caa-1956-48f6-a009-318204bf908e,GreenSkill,model groundwater,Model groundwater flow. Analyse groundwater temperature and characteristics. Identify geological formations and man-made influence.,skill/competence,occupation-specific,released,Green,high,GRN_d1ee1caa-1956-48f6-a009-318204bf908e
http://data.europa.eu/esco/skill/d1f73ae9-d348-4aac-b5d5-9b6d508401d3,GreenSkill,resource-efficient technologies,"Sustainable technologies which allow to produce more value using limited resources while reducing the impact on the environment, restraining the risks of scarcity.",knowledge,cross-sector,released,Green,high,GRN_d1f73ae9-d348-4aac-b5d5-9b6d508401d3
http://data.europa.eu/esco/skill/d2c3fe66-d01a-473e-a7b1-cb463a617f86,GreenSkill,hydrography,"The scientific discipline that studies and measures the physical features of bodies of water such as oceans, lakes and rivers. It studies the current situation for navigational purposes and predicts change over time.",knowledge,sector-specific,released,Green,high,GRN_d2c3fe66-d01a-473e-a7b1-cb463a617f86
http://data.europa.eu/esco/skill/d2c81ad1-2439-43cf-9c63-204187b8f771,GreenSkill,mitigate waste of resources,Evaluate and identify opportunities to use resources more efficiently with continuously striving to reduce waste of utilities.,skill/competence,cross-sector,released,Green,high,GRN_d2c81ad1-2439-43cf-9c63-204187b8f771
http://data.europa.eu/esco/skill/d2fd219f-5cb1-4f67-8db5-be6c5fc865c7,GreenSkill,operate hydrogen extraction equipment,Operate the equipment used in hydrogen extraction and processing.,skill/competence,cross-sector,released,Green,high,GRN_d2fd219f-5cb1-4f67-8db5-be6c5fc865c7
http://data.europa.eu/esco/skill/d3672a07-6a5b-49f4-bdd3-fcd539594556,GreenSkill,biodiesel,The vegetable oil or animal fat based diesel fuel made by lipids reacting with alcohols.,knowledge,occupation-specific,released,Green,high,GRN_d3672a07-6a5b-49f4-bdd3-fcd539594556
http://data.europa.eu/esco/skill/d3a8ef9c-8572-438c-91dc-010537070be3,GreenSkill,manage environmental impact,"Implement measures to minimise the biological, chemical and physical impacts of mining activity on the environment.",skill/competence,cross-sector,released,Green,high,GRN_d3a8ef9c-8572-438c-91dc-010537070be3
http://data.europa.eu/esco/skill/d483ae95-5f25-4601-ba97-113bbb7a31b0,GreenSkill,monitor the farm environmental management plan,Identify environmental designations and directives that relate to a given farm and incorporate their requirements in to the farm planning process. Monitor the implementation of the farm environmental management plan and review timescales.,skill/competence,sector-specific,released,Green,high,GRN_d483ae95-5f25-4601-ba97-113bbb7a31b0
http://data.europa.eu/esco/skill/d53eab76-e8ff-4e28-af26-7e012951c763,GreenSkill,measure company's sustainability performance,"Keep track of sustainability indicators and analyse how well the company is doing in sustainability performance, in relation to the Sustainable Development Goals or the global standards for sustainability reporting.",skill/competence,cross-sector,released,Green,high,GRN_d53eab76-e8ff-4e28-af26-7e012951c763
http://data.europa.eu/esco/skill/d589970b-933d-4656-bcb6-a43b3cc67888,GreenSkill,monitor water quality,"Measure water quality: temperature, oxygen, salinity, pH, N2, NO2,NH4, CO2, turbidity, chlorophyll. Monitor microbiological water quality.",skill/competence,cross-sector,released,Green,high,GRN_d589970b-933d-4656-bcb6-a43b3cc67888
http://data.europa.eu/esco/skill/d7d39ebe-3960-4c8f-a504-19b441990cfa,GreenSkill,dispose prepared animal feeds waste,Dispose prepared animal feeds waste while striving to minimise the environmental impact of feed compositions. Follow the relevant legislation.,skill/competence,occupation-specific,released,Green,high,GRN_d7d39ebe-3960-4c8f-a504-19b441990cfa
http://data.europa.eu/esco/skill/d7d53919-5313-4f23-a701-d12f86c03a60,GreenSkill,use resource-efficient technologies in hospitality,"Implement technological improvements in hospitality establishments, as connectionless food steamers, pre-rinse spray valves and low flow sink taps, which optimise the water and energy consumption in dishwashing, cleaning and food preparation. ",skill/competence,sector-specific,released,Green,high,GRN_d7d53919-5313-4f23-a701-d12f86c03a60
http://data.europa.eu/esco/skill/d81b58ba-52e4-45fa-9f7c-f59b87fa6041,GreenSkill,domotic systems,"Residential intelligent building installations for lighting, heating, security, etc that can be controlled remotely. Domotic systems aim at improving the quality of life inside houses and buildings, including enhancing the independence of people with disabilities and contributing to energy saving.",knowledge,sector-specific,released,Green,high,GRN_d81b58ba-52e4-45fa-9f7c-f59b87fa6041
http://data.europa.eu/esco/skill/d84326c9-a3d3-4e22-a6a1-1ad42a356f10,GreenSkill,sustainability consulting,The consulting approach that is used to help businesses to know more about their sustainability impact and implement strategies to become eco-friendly and efficient.,knowledge,sector-specific,released,Green,high,GRN_d84326c9-a3d3-4e22-a6a1-1ad42a356f10
http://data.europa.eu/esco/skill/d86babea-bf8b-4552-81a8-daf706066ad6,GreenSkill,manage environmental impact of operations,"Manage the interaction with and impact on the environment by companies. Identify and assess environmental impacts of the production process and related services, and regulate a reduction of the effects on the environment and on people. Organise action plans and monitor any indicators of improvement.",skill/competence,cross-sector,released,Green,high,GRN_d86babea-bf8b-4552-81a8-daf706066ad6
http://data.europa.eu/esco/skill/d96b6330-c73f-443f-9048-702b2226f62b,GreenSkill,treat contaminated water,Treat contaminated water using a variety of techniques such as lagoons and reed beds.,skill/competence,sector-specific,released,Green,high,GRN_d96b6330-c73f-443f-9048-702b2226f62b
http://data.europa.eu/esco/skill/d9beab8e-1bd0-42a3-bf3e-58a8f647ad96,GreenSkill,install water purity mechanism,Install different types of mechanisms that prevent impurities from getting into the recovered water. Install micron filters and membranes to filter out debris and prevent mosquitoes from entering the water supply. Place ball mechanisms to filter out the first flush from rooftop rainwater.,skill/competence,sector-specific,released,Green,high,GRN_d9beab8e-1bd0-42a3-bf3e-58a8f647ad96
http://data.europa.eu/esco/skill/d9d3eb78-a7c6-4076-9e19-df225af2ec62,GreenSkill,manage recycling program budget,Manage the annual recycling program and respective budget of an organisation.,skill/competence,cross-sector,released,Green,high,GRN_d9d3eb78-a7c6-4076-9e19-df225af2ec62
http://data.europa.eu/esco/skill/da896663-08b3-409d-aa3d-31f39a8e8d2b,GreenSkill,perform a feasibility study on biomass systems,"Perform the evaluation and assessment of the potential of a biomass installation. Realise a standardised study to determine the costs, restrictions, and available components and conduct research to support the process of decision making.",skill/competence,sector-specific,released,Green,high,GRN_da896663-08b3-409d-aa3d-31f39a8e8d2b
http://data.europa.eu/esco/skill/dacaebb5-5d85-4f3e-9adb-7c82b4f53189,GreenSkill,dispose food waste,Dispose or collect food waste with the purpose of recycling or throwing away from the production process. Follow established procedures for their disposal taking care of the environment and the safety matters according to legislations.,skill/competence,sector-specific,released,Green,high,GRN_dacaebb5-5d85-4f3e-9adb-7c82b4f53189
http://data.europa.eu/esco/skill/dada8e80-2a53-41bf-9eac-f8c1f9971bed,GreenSkill,sustainable building materials,"The types of building material which minimize the negative impact of the building on the external environment, throughout their whole life cycle.",knowledge,sector-specific,released,Green,high,GRN_dada8e80-2a53-41bf-9eac-f8c1f9971bed
http://data.europa.eu/esco/skill/dbbe485f-b9c2-42df-ba1c-144a2ecfb119,GreenSkill,evaluate potential aquaculture conflicts,Assess potential conflicts with other interested parties with regard to environmental impacts of aquaculture and conflicts of interest with other coastal zone users.,skill/competence,occupation-specific,released,Green,high,GRN_dbbe485f-b9c2-42df-ba1c-144a2ecfb119
http://data.europa.eu/esco/skill/dbe63ddf-76f8-4177-a482-fee995a57b77,GreenSkill,integrated pest management,An integrated approach to the prevention and/or suppression of organisms harmful to plants that aims to keep the use of pesticides and other forms of intervention only to levels that are economically and ecologically justified and which reduce or minimise risks for the human health and the environment.,knowledge,sector-specific,released,Green,high,GRN_dbe63ddf-76f8-4177-a482-fee995a57b77
http://data.europa.eu/esco/skill/dbef5042-4b99-4e6f-b2ed-1d33b07b3ed6,GreenSkill,advise on sustainability solutions,"Advise companies on solutions to develop sustainable production processes, improve material efficiency and reuse and reduce carbon footprint.",skill/competence,cross-sector,released,Green,high,GRN_dbef5042-4b99-4e6f-b2ed-1d33b07b3ed6
http://data.europa.eu/esco/skill/dd5451c6-a006-4218-bf94-348d81bed42f,GreenSkill,conservation agriculture,"The techniques, methods and principles that promote a sustainable use of land and soil in crop production. It is based on the three principles of permanent soil cover, minimum soil disturbance, and diversification of plant species.",knowledge,sector-specific,released,Green,high,GRN_dd5451c6-a006-4218-bf94-348d81bed42f
http://data.europa.eu/esco/skill/dda745dd-b8d6-45d8-8c74-e05495ce90f5,GreenSkill,sustainable development goals ,The list of 17 global goals set by the United Nations General Assembly and designed as a strategy to achieve a better and more sustainable future for all.,knowledge,cross-sector,released,Green,high,GRN_dda745dd-b8d6-45d8-8c74-e05495ce90f5
http://data.europa.eu/esco/skill/ddbf25f1-b91a-4083-9ef1-cc113a46e4c0,GreenSkill,ecosystems,The characteristics of the system where living organisms co-habitate and interact with non-living elements.,knowledge,cross-sector,released,Green,high,GRN_ddbf25f1-b91a-4083-9ef1-cc113a46e4c0
http://data.europa.eu/esco/skill/ddce2912-bc0f-4a47-aa2b-c1de48bc4b44,GreenSkill,energy conservation,"The practice of reducing energy consumption and using fewer energy services. As a sustainable process, energy conservation is done by replacing used energy with alternative sources, using more efficient energy products, or refraining from particular energy products or services to conserve it. ",knowledge,cross-sector,released,Green,high,GRN_ddce2912-bc0f-4a47-aa2b-c1de48bc4b44
http://data.europa.eu/esco/skill/de131ede-cbfe-4e34-aff4-96f16831c3c4,GreenSkill,report pollution incidents,"When an incident causes pollution, examine the extent of the damage and what the consequences could be and report it relevant institution following pollution reporting procedures.",skill/competence,sector-specific,released,Green,high,GRN_de131ede-cbfe-4e34-aff4-96f16831c3c4
http://data.europa.eu/esco/skill/debd4fe7-58c9-499e-8a7e-b42984afe728,GreenSkill,distribution of heating cooling and hot water,"The design principles of water distribution systems for heating, cooling and domestic hot water and the relation with insulation, energy saving by optimal hydraulic design. The nature of energy loss in these systems caused by heat transfer, pressure loss (resistance of tubes and valves) and electrical power for pumps and valves.",knowledge,sector-specific,released,Green,high,GRN_debd4fe7-58c9-499e-8a7e-b42984afe728
http://data.europa.eu/esco/skill/df0690fb-070b-4d63-9043-a65f18044787,GreenSkill,agritourism,Aspects of agritourism involving agriculturally based activities to bring visitors to a farm.,knowledge,cross-sector,released,Green,high,GRN_df0690fb-070b-4d63-9043-a65f18044787
http://data.europa.eu/esco/skill/df179770-1c8d-4673-a270-481b7e4e6010,GreenSkill,design a mini wind power system,"Design the mini wind power system, including batteries and power inverters, in coherence with other power supply sources, and the construction strength for placing mini turbine.",skill/competence,sector-specific,released,Green,high,GRN_df179770-1c8d-4673-a270-481b7e4e6010
http://data.europa.eu/esco/skill/dff0087d-25e4-40bf-979e-32fdf2445438,GreenSkill,develop food waste reduction strategies,"Develop policies such as staff meal or food redistribution to reduce, reuse and recycle food waste where possible. This includes reviewing purchasing policies to identify areas for reducing food waste, e.g., quantities and quality of food products.",skill/competence,cross-sector,released,Green,high,GRN_dff0087d-25e4-40bf-979e-32fdf2445438
http://data.europa.eu/esco/skill/e0475631-c151-4413-829c-cb5c76b83271,GreenSkill,measure sustainability of tourism activities,"Collect information, monitor and assess the impact of tourism on the environment, including on protected areas, on local cultural heritage and biodiversity, in an effort to reduce the carbon footprint of activities in the industry. It includes running surveys about visitors and measuring any compensation required for offsetting damages.",skill/competence,sector-specific,released,Green,high,GRN_e0475631-c151-4413-829c-cb5c76b83271
http://data.europa.eu/esco/skill/e16fca1b-b3e2-4823-bba1-7c755c1caf58,GreenSkill,advise on nitrate pollution,Advise on the impact and consequences of pollution (including land pollution due to fertilisers) caused by nitrous oxide emissions which contribute to depletion of the ozone layer and suggest solutions to mitigate such actions.,skill/competence,sector-specific,released,Green,high,GRN_e16fca1b-b3e2-4823-bba1-7c755c1caf58
http://data.europa.eu/esco/skill/e1da04bb-4de8-4d17-af8a-75ea893fe36a,GreenSkill,promote responsible consumer behaviour,"Promote policies, actions and education programmes that encourage healthy lifestyles and proactive participation in sustainable consumption, and that lead to changes in consumers' attitudes, shopping habits and expectations.",skill/competence,occupation-specific,released,Green,high,GRN_e1da04bb-4de8-4d17-af8a-75ea893fe36a
http://data.europa.eu/esco/skill/e2028206-3060-4e81-8350-77baefabefde,GreenSkill,oversee wetlands in project development,Oversee and respond proactively to the challenges posed by wetlands in the development of projects. Strive to care for and conserve wetlands while finding the most environmentally cost efficient solutions for the development of infrastructure projects.,skill/competence,cross-sector,released,Green,high,GRN_e2028206-3060-4e81-8350-77baefabefde
http://data.europa.eu/esco/skill/e2bb641f-f647-4229-a48e-9a5ef3526c23,GreenSkill,ensure the safety of endangered species and protected areas,"Ensure that projects do not adversely affect migratory birds, rare or endangered animal species, critical habitat or environmentally protected areas.",skill/competence,sector-specific,released,Green,high,GRN_e2bb641f-f647-4229-a48e-9a5ef3526c23
http://data.europa.eu/esco/skill/e361af91-3e68-4e59-b0e2-bca0ffb416fa,GreenSkill,marine energy,"The energy generated from the natural movement of water such as ocean waves, tides, currents as well as from water temperature differences as thermal energy of deep cold water. Moreover, it is harnessed as a renewable power source. ",knowledge,sector-specific,released,Green,high,GRN_e361af91-3e68-4e59-b0e2-bca0ffb416fa
http://data.europa.eu/esco/skill/e381f278-7218-4f30-a7b6-34dc3eb7e4a8,GreenSkill,reforestation,"Methods for the recovery of deforested areas to reverse the destruction of forests and regreen an important number of hectares. Strategies as planting new trees, protecting ecosystems from destruction or sowing seeds are part of these reforestation methods.",knowledge,sector-specific,released,Green,high,GRN_e381f278-7218-4f30-a7b6-34dc3eb7e4a8
http://data.europa.eu/esco/skill/e3f2c37f-e484-4b4c-ad82-f565a2b98f89,GreenSkill,environmental management monitors,The hardware and equipment suitable for measurement and live monitoring of environmental parameters.,knowledge,sector-specific,released,Green,high,GRN_e3f2c37f-e484-4b4c-ad82-f565a2b98f89
http://data.europa.eu/esco/skill/e3fcd642-5f9c-48ee-be58-258dd895d281,GreenSkill,collect biological data,"Collect biological specimens, record and summarise biological data for use in technical studies, developing environmental management plans and biological products.",skill/competence,cross-sector,released,Green,high,GRN_e3fcd642-5f9c-48ee-be58-258dd895d281
http://data.europa.eu/esco/skill/e45507ff-c1e2-4e0c-92fb-b6c0e6cb6245,GreenSkill,photovoltaic systems,"Systems that convert a renewable source as the sun into electrical energy. Based in the energy conversion chain, photovoltaic systems could be divided into three types: grid direct PV systems, grid-interaction systems, and off grid PV systems.  ",knowledge,sector-specific,released,Green,high,GRN_e45507ff-c1e2-4e0c-92fb-b6c0e6cb6245
http://data.europa.eu/esco/skill/e4698f9f-bb23-486e-a74a-c8f3a19c3132,GreenSkill,investigate contamination,"Perform tests to investigate the properties of contamination in an area, or on surfaces and materials, in order to identify the cause, its nature, and the extent of the risk and damage.",skill/competence,cross-sector,released,Green,high,GRN_e4698f9f-bb23-486e-a74a-c8f3a19c3132
http://data.europa.eu/esco/skill/e4ff825c-7376-4135-93cd-3892fd67b7c1,GreenSkill,develop environmental remediation strategies,"Develop strategies for the removal of pollution and contaminants from soil, groundwater, surface water, or sediment, taking into account environmental remediation regulations and available technologies.",skill/competence,cross-sector,released,Green,high,GRN_e4ff825c-7376-4135-93cd-3892fd67b7c1
http://data.europa.eu/esco/skill/e52c1125-1d27-4e3d-afc9-761ee5f678b3,GreenSkill,tree preservation and conservation,Environmental requirements for tree preservation and conservation.,knowledge,sector-specific,released,Green,high,GRN_e52c1125-1d27-4e3d-afc9-761ee5f678b3
http://data.europa.eu/esco/skill/e541c69c-ea80-4b17-87cb-4001d0b9d303,GreenSkill,assess environmental impact,Monitor environmental impacts and carry out assessments in order to identify and to reduce the organisation's environmental risks while taking costs into account.,skill/competence,cross-sector,released,Green,high,GRN_e541c69c-ea80-4b17-87cb-4001d0b9d303
http://data.europa.eu/esco/skill/e5727f3b-0dc9-4daf-84e0-d5789b33a6d9,GreenSkill,forest ecology,"The ecosystems existing in a forest, starting from bacteria to trees and soil types.",knowledge,cross-sector,released,Green,high,GRN_e5727f3b-0dc9-4daf-84e0-d5789b33a6d9
http://data.europa.eu/esco/skill/e5deced2-5636-4ff2-b9bc-dca6cbfc5f72,GreenSkill,design a combined heat and power system,"Estimate the heating and cooling demands of the building, determine the demands of domestic hot water. Make a hydraulic scheme to fit in the CHP unit with a guaranteed return temperature and acceptable on/off switch numbers.",skill/competence,sector-specific,released,Green,high,GRN_e5deced2-5636-4ff2-b9bc-dca6cbfc5f72
http://data.europa.eu/esco/skill/e5f77488-7561-475a-9888-decd2443d37a,GreenSkill,train staff on waste management,"Train the staff of a facility which deals with waste management, or an organisation's staff responsible for waste management strategies, on the improvements that can be made to reduce waste, increase efficiency of waste treatment and disposal, and ensure compliance with waste and environmental legislation.",skill/competence,sector-specific,released,Green,high,GRN_e5f77488-7561-475a-9888-decd2443d37a
http://data.europa.eu/esco/skill/e65117b6-97e0-4f45-bd61-e581dcd6ec2a,GreenSkill,select adequate packaging for food products,"Choose the appropriate packages for food products taking into account attractiveness and suitability of the package. Use proper packaging for sending it safely and at a reasonable cost. Have awareness that packaging can also influence the product characteristics such as shape, weight or solidity. Balance out various aspects such as cost, attractivity and compliance with regulations and environment protection.",skill/competence,sector-specific,released,Green,high,GRN_e65117b6-97e0-4f45-bd61-e581dcd6ec2a
http://data.europa.eu/esco/skill/e671c957-b998-49df-b630-7908806966f1,GreenSkill,inform customers environmental protection,Provide customers with information on the impact their heating systems have on the environment and to what extent this impact can be reduced to a minimum by handling the systems in an environmentally friendly way or by using environmentally friendly systems.,skill/competence,cross-sector,released,Green,high,GRN_e671c957-b998-49df-b630-7908806966f1
http://data.europa.eu/esco/skill/e7c47c8c-7110-4c56-bca1-f56a2c3ed11b,GreenSkill,phytosanitary measures,"Measures related to controlling plant and crop diseases, pests, and pathogens.",knowledge,sector-specific,released,Green,high,GRN_e7c47c8c-7110-4c56-bca1-f56a2c3ed11b
http://data.europa.eu/esco/skill/e85cff6b-ee0e-4106-98f0-b57b39a2ea3f,GreenSkill,execute disease and pest control activities,"Execute disease and pest control activities using conventional or biological methods taking into account the climate, plant or crop type, health and safety and environmental regulations. Store and handle pesticides in accordance with recomandation and legislation.",skill/competence,sector-specific,released,Green,high,GRN_e85cff6b-ee0e-4106-98f0-b57b39a2ea3f
http://data.europa.eu/esco/skill/e979659d-d06e-4968-b4b2-ac51e379b552,GreenSkill,design hybrid operating strategies,"Design operating strategies for hybrid drive systems, with the exclusion of non plug-in hybrid systems, accounting for the boundaries for energy recuperation and its limiting factors. Consider the possible benefits connected to load shifting and how load shifting can improve the energy management. Understand the problems connected to intermittent operation of the internal combustion engine.",skill/competence,occupation-specific,released,Green,high,GRN_e979659d-d06e-4968-b4b2-ac51e379b552
http://data.europa.eu/esco/skill/e9d6ebab-13ad-45ce-a955-fc3f1e56add8,GreenSkill,plan measures to safeguard natural protected areas,"Plan protection measures for natural areas that are protected by law, to reduce the negative impact of tourism or natural hazards on the designated areas. This includes activities such as controlling the use of land and natural resources and monitoring the flow of visitors.",skill/competence,sector-specific,released,Green,high,GRN_e9d6ebab-13ad-45ce-a955-fc3f1e56add8
http://data.europa.eu/esco/skill/e9e57db9-a6ef-4e44-a33c-a022d7c4a17f,GreenSkill,environmental indoor quality,The consequences on indoor environmental quality of every choice made in the design process.,knowledge,sector-specific,released,Green,high,GRN_e9e57db9-a6ef-4e44-a33c-a022d7c4a17f
http://data.europa.eu/esco/skill/e9ff446f-6a8a-4e35-a611-176508964be3,GreenSkill,alternative fuels,"Fuels or power sources that serve, at least partly, as a substitute in the traditional energy supply to transport such as oil and fossil sources. They have the potential to contribute to decarbonisation efforts and enhance the environmental performance of the economy and transport sector.",knowledge,sector-specific,released,Green,high,GRN_e9ff446f-6a8a-4e35-a611-176508964be3
http://data.europa.eu/esco/skill/eac55ce8-82f5-4ff0-bdff-64872d8c51ea,GreenSkill,natural history,The history of natural organisms and ecosystems.,knowledge,occupation-specific,released,Green,high,GRN_eac55ce8-82f5-4ff0-bdff-64872d8c51ea
http://data.europa.eu/esco/skill/eadf0f36-cba0-4e68-8458-c91bc60b494d,GreenSkill,nurse trees,"Plant, fertilise and trim trees, shrubs and hedges. Examine trees to assess their condition and determine treatment. Work to eradicate insects, fungus and diseases which are harmful to trees, assist with prescribed burning, and work on preventing erosion.",skill/competence,sector-specific,released,Green,high,GRN_eadf0f36-cba0-4e68-8458-c91bc60b494d
http://data.europa.eu/esco/skill/eb65ce8e-61bf-49d1-99bb-cb699ba1005b,GreenSkill,radiation protection,The measures and procedures used to protect people and the environment from the harmful effects of ionising radiation.,knowledge,cross-sector,released,Green,high,GRN_eb65ce8e-61bf-49d1-99bb-cb699ba1005b
http://data.europa.eu/esco/skill/ec4de8aa-9ba4-412b-832d-93361210eae3,GreenSkill,marine technology,"Technologies for the safe use, exploitation, protection of, and intervention in the marine environment. ",knowledge,cross-sector,released,Green,high,GRN_ec4de8aa-9ba4-412b-832d-93361210eae3
http://data.europa.eu/esco/skill/ec66a2f9-db12-4eec-936a-47632bfdccfb,GreenSkill,perform smart grid feasibility study,"Perform the evaluation and assessment of the potential of a smart grid within the project. Realise a standardised study to determine the energy saving contribution, costs and restrictions, and conduct research to support the process of decision making. Consider challenges and opportunities associated with the implementation of wireless technologies for smart grids.",skill/competence,sector-specific,released,Green,high,GRN_ec66a2f9-db12-4eec-936a-47632bfdccfb
http://data.europa.eu/esco/skill/ec7fd241-e68f-4593-a42a-a12a9bd80cbc,GreenSkill,footwear components,"Footwear components both for uppers (vamps, quarters, linings, stiffeners, toe puffs etc.) and bottoms (soles, heels, insoles etc.). Ecological concerns and the importance of recycling. Selection of suitable materials and components based on their influence on the footwear style and characteristics, properties and manufacturability. Procedures and methods in chemical and mechanical processing of leather and non-leather materials.",knowledge,sector-specific,released,Green,high,GRN_ec7fd241-e68f-4593-a42a-a12a9bd80cbc
http://data.europa.eu/esco/skill/ecd368bc-6383-4a03-9b61-46e0a94750f7,GreenSkill,instruct on energy saving technologies,"Instruct the facility manager or similar figures on monitoring parameters, to guarantee that the system achieves the designed energy saving goals.",skill/competence,sector-specific,released,Green,high,GRN_ecd368bc-6383-4a03-9b61-46e0a94750f7
http://data.europa.eu/esco/skill/ed8dbdd1-5b40-4eaf-adaf-3b1f6d16a37b,GreenSkill,hazardous waste storage,The regulations and procedures surrounding the safekeeping of materials and substances which pose health and safety risks.,knowledge,cross-sector,released,Green,high,GRN_ed8dbdd1-5b40-4eaf-adaf-3b1f6d16a37b
http://data.europa.eu/esco/skill/edf0690f-629d-4674-a9df-45fd89413e85,GreenSkill,assess groundwater environmental impact,Estimate environmental impact of groundwater abstraction and management activities.,skill/competence,sector-specific,released,Green,high,GRN_edf0690f-629d-4674-a9df-45fd89413e85
http://data.europa.eu/esco/skill/ee02393d-27dd-438a-8879-b8088ce45e79,GreenSkill,ICT environmental policies,"The international and organisational policies which deal with the assessment of the environmental impact of innovations and developments in the field of ICT, as well as with methods for reducing negative impact and applying ICT innovations to aid the environment.",knowledge,occupation-specific,released,Green,high,GRN_ee02393d-27dd-438a-8879-b8088ce45e79
http://data.europa.eu/esco/skill/ee62e616-b6e9-49c1-888b-1b4e81f3536e,GreenSkill,assist tree identification,"Assist in the development and improvement of techniques for measuring and identifying trees. Obtain and use various sources of information to accurately identify and name trees, use tree characteristics to aid identification, identify tree species in all seasons.",skill/competence,sector-specific,released,Green,high,GRN_ee62e616-b6e9-49c1-888b-1b4e81f3536e
http://data.europa.eu/esco/skill/eecbbdd5-5c07-41a4-9486-c0373de7fbab,GreenSkill,conduct research on fauna,"Collect and analyse data about animal life in order to discover the basic aspects such as origin, anatomy, and function.",skill/competence,sector-specific,released,Green,high,GRN_eecbbdd5-5c07-41a4-9486-c0373de7fbab
http://data.europa.eu/esco/skill/ef010091-ddce-410d-9864-9276ef6fe390,GreenSkill,district heating and cooling,District heating and cooling exploits local sustainable sources of energy to provide heating and potable hot water to a group of buildings and contributes to improve the energy performance.,knowledge,sector-specific,released,Green,high,GRN_ef010091-ddce-410d-9864-9276ef6fe390
http://data.europa.eu/esco/skill/f03a3387-c4a7-41e3-a5d4-dd4577147940,GreenSkill,integrated design,"Approach to design which includes several related disciplines, with the aim to design and build according to the Near Zero Energy Building principles. The interplay between all aspects of building design, building use and outdoor climate.",knowledge,sector-specific,released,Green,high,GRN_f03a3387-c4a7-41e3-a5d4-dd4577147940
http://data.europa.eu/esco/skill/f12f094b-492f-4e88-b36b-50b8e58b7500,GreenSkill,conduct environmental site assessments,Manage and oversee environmental site prospection and assessments for mining or industrial sites. Designate and demarcate areas for geochemical analysis and scientific research.,skill/competence,cross-sector,released,Green,high,GRN_f12f094b-492f-4e88-b36b-50b8e58b7500
http://data.europa.eu/esco/skill/f14cfbac-07c5-43de-8b63-51518be99826,GreenSkill,design wind turbines,"Design the electrical components and blades used in equipment which generates energy from the wind into electrical power, ensuring that the design is optimised to ensure safe and efficient production of energy.",skill/competence,sector-specific,released,Green,high,GRN_f14cfbac-07c5-43de-8b63-51518be99826
http://data.europa.eu/esco/skill/f191c306-f0eb-4cb8-82fb-3331adbbc6f1,GreenSkill,adapt energy distribution schedules,"Monitor the procedures involved in the distribution of energy in order to assess whether energy supply must be increased or decreased depending on changes in demand, and incorporate these changes into the distribution schedule. Ensure that the changes are complied with.",skill/competence,sector-specific,released,Green,high,GRN_f191c306-f0eb-4cb8-82fb-3331adbbc6f1
http://data.europa.eu/esco/skill/f2071535-4da0-4253-a548-920d170b80e0,GreenSkill,design thermal equipment,"Conceptually design equipment for healing and cooling using heat transfer principles such as conduction, convection, radiation and combustion. The temperature for these devices should stay stable and optimal, since they continually move heat around the system.",skill/competence,sector-specific,released,Green,high,GRN_f2071535-4da0-4253-a548-920d170b80e0
http://data.europa.eu/esco/skill/f2412a5c-8072-4cd7-8fa1-806864f91276,GreenSkill,by-products ,"Concepts of by-product and waste. Types of waste and European waste codes industries. Solutions for by-products and wastes recovery, reuse and recycling across different sectors.",knowledge,cross-sector,released,Green,high,GRN_f2412a5c-8072-4cd7-8fa1-806864f91276
http://data.europa.eu/esco/skill/f2704539-8b55-4164-8911-e550a1f9c47f,GreenSkill,flower and plant products,"The offered flower and plant products, their functionalities, properties and legal and regulatory requirements.",knowledge,sector-specific,released,Green,high,GRN_f2704539-8b55-4164-8911-e550a1f9c47f
http://data.europa.eu/esco/skill/f2711363-fced-40af-837e-5cea0c7f0604,GreenSkill,advise on animal welfare,"Prepare and provide information to individuals or groups of people on how to promote the health and well-being of animals, and how risks to animal health and welfare may be reduced. Provide recommendations for corrective actions.",skill/competence,sector-specific,released,Green,high,GRN_f2711363-fced-40af-837e-5cea0c7f0604
http://data.europa.eu/esco/skill/f29c3331-b0dc-44c6-949f-b646bcfde992,GreenSkill,analyse tree population,"Collect information on tree populations in the forest. Look out for disease and insect destruction, mortality, and fire hazards.",skill/competence,sector-specific,released,Green,high,GRN_f29c3331-b0dc-44c6-949f-b646bcfde992
http://data.europa.eu/esco/skill/f2f463e5-2382-49cb-8199-e7e043d868df,GreenSkill,health and safety regulations,"Necessary health, safety, hygiene and environmental standards and legislation rules in the sector of particular activity.",knowledge,cross-sector,released,Green,high,GRN_f2f463e5-2382-49cb-8199-e7e043d868df
http://data.europa.eu/esco/skill/f36dff27-a70e-4c23-b2de-e2dffe84adbf,GreenSkill,plant propagation,"Types of different propagation methods, materials and seeds and their criteria for health and quality.",knowledge,sector-specific,released,Green,high,GRN_f36dff27-a70e-4c23-b2de-e2dffe84adbf
http://data.europa.eu/esco/skill/f3cc52e3-a96c-4549-b841-6e41a846fa99,GreenSkill,report on environmental issues,"Compile environmental reports and communicate on issues. Inform the public or any interested parties in a given context on relevant recent developments in the environment, forecasts on the future of the environment, and any problems and possible solutions.",skill/competence,cross-sector,released,Green,high,GRN_f3cc52e3-a96c-4549-b841-6e41a846fa99
http://data.europa.eu/esco/skill/f5bf985b-ac78-4d23-881a-18a359234528,GreenSkill,corporate sustainability,"A business practice to conduct long-term sustainable growth by seeking environmental, economic, and social strategies as its three main pillars.",knowledge,sector-specific,released,Green,high,GRN_f5bf985b-ac78-4d23-881a-18a359234528
http://data.europa.eu/esco/skill/f64b7f4d-e89e-4920-8674-b75a9cd63389,GreenSkill,inspect tidal stream generators,"Perform routine inspections on tidal stream generators by carefully inspecting all parts to identify any problems, and to assess whether repairs have to be arranged.",skill/competence,sector-specific,released,Green,high,GRN_f64b7f4d-e89e-4920-8674-b75a9cd63389
http://data.europa.eu/esco/skill/f66b2fc3-2952-41e5-89bf-a9157ea29420,GreenSkill,ensure compliance with environmental legislation in food production,Make sure to comply with environmental legislation in food production. Understand the legislation related to environmental matters in food manufacturing and apply it in practice.,skill/competence,sector-specific,released,Green,high,GRN_f66b2fc3-2952-41e5-89bf-a9157ea29420
http://data.europa.eu/esco/skill/f672b7a0-698e-45f1-a102-51adeaf89200,GreenSkill,develop efficiency plans for logistics operations,Elaborate and implement plans in order to increase efficiency and reduce waste during logistics operations.,skill/competence,sector-specific,released,Green,high,GRN_f672b7a0-698e-45f1-a102-51adeaf89200
http://data.europa.eu/esco/skill/f6d7ba88-5234-4994-944d-843ca453c923,GreenSkill,implement environmental protection measures,Enforce environmental criteria to prevent environmental damage. Strive for the efficient use of resources in order to prevent waste and reduce costs. Motivate colleagues to take relevant steps to operate in an environmentally friendly manner.,skill/competence,cross-sector,released,Green,high,GRN_f6d7ba88-5234-4994-944d-843ca453c923
http://data.europa.eu/esco/skill/f76eeb55-2ad1-40ef-ba09-fa60e2c28b40,GreenSkill,design an artificial lighting system,"Investigate and design an artificial lighting system based on daylight, timer, or occupation of spaces, taking into account any technical specifications and restrictions, such as power quality and energy efficiency and the influence of used materials in light bulbs or LEDs on environment.",skill/competence,sector-specific,released,Green,high,GRN_f76eeb55-2ad1-40ef-ba09-fa60e2c28b40
http://data.europa.eu/esco/skill/f806d624-7700-4e47-9f7b-253d4d6ab9e5,GreenSkill,promote animal welfare,Promote good practice and work with compassion to sustain and promote high standards of animal welfare at all times by adapting personal behaviour and managing environmental factors.,skill/competence,sector-specific,released,Green,high,GRN_f806d624-7700-4e47-9f7b-253d4d6ab9e5
http://data.europa.eu/esco/skill/f82b05a7-128b-4a72-a815-044ff6062f62,GreenSkill,advise on waste management procedures,"Advise organisations on the implementation of waste regulations and on improvement strategies for waste management and waste minimisation, to increase environmentally sustainable practices and environmental awareness.",skill/competence,cross-sector,released,Green,high,GRN_f82b05a7-128b-4a72-a815-044ff6062f62
http://data.europa.eu/esco/skill/f8413360-6114-40de-a276-c59b764b9913,GreenSkill,renewable energy,"The different types of energy sources which cannot be depleted, such as wind, solar, water, biomass, and biofuel energy. The different technologies used to implement these types of energy to an increasing degree, such as wind turbines, hydroelectric dams, photovoltaics, and concentrated solar power.",knowledge,cross-sector,released,Green,high,GRN_f8413360-6114-40de-a276-c59b764b9913
http://data.europa.eu/esco/skill/f8460277-3c9a-4be4-b203-600a2a295f47,GreenSkill,plant disease control,"Types and features of diseases in plants and crops. Different kinds control methods, activities using conventional or biological methods taking into account the type of plant or crop, environmental and climate conditions and health and safety regulations. Storage and handling of products.",knowledge,sector-specific,released,Green,high,GRN_f8460277-3c9a-4be4-b203-600a2a295f47
http://data.europa.eu/esco/skill/f85c6fbb-51c9-4b3f-adc9-391df4b2da65,GreenSkill,design geothermal energy systems,"Design in detail a geothermal energy system. Determine construction site boundaries e.g., needed space, area, depth. Make detailed descriptions and drawings of the design.",skill/competence,sector-specific,released,Green,high,GRN_f85c6fbb-51c9-4b3f-adc9-391df4b2da65
http://data.europa.eu/esco/skill/f9b7be6c-29a0-4021-980e-a0e3b0005205,GreenSkill,inspect wave energy converters,"Perform routine inspections on wave energy converters by carefully inspecting all parts to identify any problems, and to assess whether repairs have to be arranged.",skill/competence,sector-specific,released,Green,high,GRN_f9b7be6c-29a0-4021-980e-a0e3b0005205
http://data.europa.eu/esco/skill/fac6dbca-0d38-48a0-a255-d2beea8156d6,GreenSkill,prevent marine pollution,Conduct inspections and take measures in order to prevent or mitigate marine pollution. Adhere to international codes and resolutions.,skill/competence,sector-specific,released,Green,high,GRN_fac6dbca-0d38-48a0-a255-d2beea8156d6
http://data.europa.eu/esco/skill/fc0ea6f4-8182-4127-a92b-fd53be15ec30,GreenSkill,develop biocatalytic processes,Develop fuels or fine chemicals from biomass by using microorganisms such as enzymes or yeast.,skill/competence,sector-specific,released,Green,high,GRN_fc0ea6f4-8182-4127-a92b-fd53be15ec30
http://data.europa.eu/esco/skill/fc6890aa-1dbd-4aa1-bae2-4699965eeaf0,GreenSkill,manage forest fires,"Protect life, property and resources by preventing forest fires. Detect, control, restrict and suppress fires when they occur. Integrate knowledge of fire regimes, the effects of fire and the values at risk, the required level of forest protection, and costs of fire-related activities.",skill/competence,sector-specific,released,Green,high,GRN_fc6890aa-1dbd-4aa1-bae2-4699965eeaf0
http://data.europa.eu/esco/skill/fc7ed09d-3010-4054-8136-a534b16fb35e,GreenSkill,develop natural areas works programmes,"Develop, implement and review natural areas works program (service delivery) to enable completion within allocated resources and timeframes.",skill/competence,sector-specific,released,Green,high,GRN_fc7ed09d-3010-4054-8136-a534b16fb35e
http://data.europa.eu/esco/skill/fcc29203-1f8d-4c54-90ee-78cb18467695,GreenSkill,supervise waste water treatments,Supervise waste water treatment according to environmental regulations.,skill/competence,sector-specific,released,Green,high,GRN_fcc29203-1f8d-4c54-90ee-78cb18467695
http://data.europa.eu/esco/skill/fd2930ce-cd21-4eb2-87f7-115c3d197e24,GreenSkill,conserve water resource,Strive to conserve ground irrigation water. Meet with water conservation agencies and liaise with management on developments in conservation policy.,skill/competence,occupation-specific,released,Green,high,GRN_fd2930ce-cd21-4eb2-87f7-115c3d197e24
http://data.europa.eu/esco/skill/fdfb348c-6aaf-4815-8f50-2f665287c422,GreenSkill,challenging issues in the textile industry,The efficiency aims and environmental issues posed by challenges in the textile industry.,knowledge,sector-specific,released,Green,high,GRN_fdfb348c-6aaf-4815-8f50-2f665287c422
http://data.europa.eu/esco/skill/fdff4747-70f6-4f1a-8285-8d31eb3c11e1,GreenSkill,provide lawn care,"Care for lawns by applying techniques of organic, hybrid and integrated lawn care. Provide all necessary nutrients. ",skill/competence,sector-specific,released,Green,high,GRN_fdff4747-70f6-4f1a-8285-8d31eb3c11e1
http://data.europa.eu/esco/skill/ffa1d58b-ba09-49bd-a982-e743b2237006,GreenSkill,perform energy simulations,"Replicate the building's energy performance by running computer based, mathematical models.",skill/competence,sector-specific,released,Green,high,GRN_ffa1d58b-ba09-49bd-a982-e743b2237006
