uri:ID,:LABEL,preferredLabel,description,skillType,reuseLevel,status,collection,coverageLevel,code
http://data.europa.eu/esco/skill/000f1d3d-220f-4789-9c0a-cc742521fb02,DigitalSkill,Haskell,"The techniques and principles of software development, such as analysis, algorithms, coding, testing and compiling of programming paradigms in Haskell.",knowledge,sector-specific,released,Digital,high,DIG_000f1d3d-220f-4789-9c0a-cc742521fb02
http://data.europa.eu/esco/skill/00c04e40-35ea-4ed1-824c-82f936c8f876,DigitalSkill,incremental development,The incremental development model is a methodology to design software systems and applications.,knowledge,sector-specific,released,Digital,high,DIG_00c04e40-35ea-4ed1-824c-82f936c8f876
http://data.europa.eu/esco/skill/013441c1-1f13-47e9-80c4-9a53e8e1bc05,DigitalSkill,KDevelop,"The computer program KDevelop is a suite of software development tools for writing programs, such as compiler, debugger, code editor, code highlights, packaged in a unified user interface. It is developed by the software community KDE.",knowledge,sector-specific,released,Digital,high,DIG_013441c1-1f13-47e9-80c4-9a53e8e1bc05
http://data.europa.eu/esco/skill/0189f448-179e-47cc-9716-c5c3ac4b1aec,DigitalSkill,Absorb (learning management systems),"The learning system Absorb is an e-learning platform for creating, administrating and delivering e-learning education courses or training programs for secondary school students.",knowledge,sector-specific,released,Digital,high,DIG_0189f448-179e-47cc-9716-c5c3ac4b1aec
http://data.europa.eu/esco/skill/01d269d9-b058-4d6c-82a0-3779af9a124b,DigitalSkill,develop blockchain innovative architectures,Develop new blockchain architectures that address properties and priorities as they are needed by specific applications. Argue the advantages and shortcomings of such new architectures with respect to existing ones.,skill/competence,cross-sector,released,Digital,high,DIG_01d269d9-b058-4d6c-82a0-3779af9a124b
http://data.europa.eu/esco/skill/02058de6-4b98-449f-8a45-8588b0eb2446,DigitalSkill,network engineering,"The subfield of computer technology that concerns the managing the connectivity of networks through data, voice, calls and wireless network services.",knowledge,sector-specific,released,Digital,high,DIG_02058de6-4b98-449f-8a45-8588b0eb2446
http://data.europa.eu/esco/skill/020918ef-4b55-47c1-8430-ab7b8f6a7377,DigitalSkill,migrate existing data,"Apply migration and conversion methods for existing data, in order to transfer or convert data between formats, storage or computer systems.",skill/competence,sector-specific,released,Digital,high,DIG_020918ef-4b55-47c1-8430-ab7b8f6a7377
http://data.europa.eu/esco/skill/022dc430-872a-473a-9cf4-fed4895e58ad,DigitalSkill,define database physical structure,"Specify the physical configuration of database files on a given media. This consists of in-detail specifications of indexing options, data types and data elements placed in the data dictionary.",skill/competence,sector-specific,released,Digital,high,DIG_022dc430-872a-473a-9cf4-fed4895e58ad
http://data.europa.eu/esco/skill/024037ca-96a9-4cb8-ba86-2cd5a209c90a,DigitalSkill,Maltego,"The platform Maltego is a forensic application that uses data mining to deliver on overview of organisations' environment, testing security weaknesses of the system for potentially unauthorised access and demonstrates the complexity of infrastructure failures.",knowledge,sector-specific,released,Digital,high,DIG_024037ca-96a9-4cb8-ba86-2cd5a209c90a
http://data.europa.eu/esco/skill/0256f6b0-f4a9-4c5e-9cfd-96d58a2a70fe,DigitalSkill,operate radio equipment,"Set up and operate radio devices and accessories, such as broadcast consoles, amplifiers, and microphones. Understand the basics of radio operator language and, when necessary, provide instruction in handling radio equipment correctly.",skill/competence,cross-sector,released,Digital,high,DIG_0256f6b0-f4a9-4c5e-9cfd-96d58a2a70fe
http://data.europa.eu/esco/skill/034c29fa-c3ba-45ea-b8f3-bf8e3705e386,DigitalSkill,Erlang,"The techniques and principles of software development, such as analysis, algorithms, coding, testing and compiling of programming paradigms in Erlang.",knowledge,sector-specific,released,Digital,high,DIG_034c29fa-c3ba-45ea-b8f3-bf8e3705e386
http://data.europa.eu/esco/skill/03a74eee-2dc6-4147-8667-5cdeb65f122d,DigitalSkill,manage ICT data classification,Oversee the classification system an organisation uses to organise its data. Assign an owner to each data concept or bulk of concepts and determine the value of each item of data.,skill/competence,sector-specific,released,Digital,high,DIG_03a74eee-2dc6-4147-8667-5cdeb65f122d
http://data.europa.eu/esco/skill/03ff0d53-573a-47a0-a0ad-1995815a4339,DigitalSkill,information structure,"The type of infrastructure which defines the format of data: semi-structured, unstructured and structured.",knowledge,sector-specific,released,Digital,high,DIG_03ff0d53-573a-47a0-a0ad-1995815a4339
http://data.europa.eu/esco/skill/04473991-161d-46db-8684-0d5ed6cb6c66,DigitalSkill,manage temporary ICT networks for live performance,"Manage the set-up of networks for distribution of control signals for performing art and event applications. Coordinates with the different users. Defines and sets-up the equipment, cables, connections and devices. Configures, tests and monitors equipment and performance of the network. Control signals include for example DMX, RDM, MIDI, Timecode, tracking and positioning data, but also audio, video and positioning signals. ",skill/competence,occupation-specific,released,Digital,high,DIG_04473991-161d-46db-8684-0d5ed6cb6c66
http://data.europa.eu/esco/skill/0458f6a0-cb54-4ff5-a543-b2c5354e17c0,DigitalSkill,keep up with digital transformation of industrial processes,Keep up to date with digital innovations applicable to industrial processes. Integrate these transformations in the company's processes aiming for competitive and profitable business models.,skill/competence,sector-specific,released,Digital,high,DIG_0458f6a0-cb54-4ff5-a543-b2c5354e17c0
http://data.europa.eu/esco/skill/04cf164c-d07d-49cf-a1b3-84bdbd79b5cb,DigitalSkill,set up office equipment,"Connect office equipment, such as modems, scanners and printers, to the electricity network and perform electrical bonding to avoid dangerous potential differences. Test the installation for proper functioning. Monitor settings and prepare the appliance for usage.",skill/competence,occupation-specific,released,Digital,high,DIG_04cf164c-d07d-49cf-a1b3-84bdbd79b5cb
http://data.europa.eu/esco/skill/04f1b938-d4d4-4cb1-a863-982af76b9d93,DigitalSkill,SAS language,"The techniques and principles of software development, such as analysis, algorithms, coding, testing and compiling of programming paradigms in SAS language.",knowledge,sector-specific,released,Digital,high,DIG_04f1b938-d4d4-4cb1-a863-982af76b9d93
http://data.europa.eu/esco/skill/04fe962b-4017-4eb7-9139-7d69b6922bc9,DigitalSkill,use an application-specific interface,Understand and use interfaces particular to an application or use case.,skill/competence,sector-specific,released,Digital,high,DIG_04fe962b-4017-4eb7-9139-7d69b6922bc9
http://data.europa.eu/esco/skill/05010f6c-0b40-4525-ac4a-057d46a2b6f4,DigitalSkill,design electrical systems,"Draft sketches and design electrical systems, products, and components using Computer Aided Design (CAD) software and equipment. Draw panel arrangement layouts, electrical schematics, electrical wiring diagrams, and other assembly details.",skill/competence,cross-sector,released,Digital,high,DIG_05010f6c-0b40-4525-ac4a-057d46a2b6f4
http://data.europa.eu/esco/skill/054f26ab-cfdc-4077-883c-1c4c9e9b310a,DigitalSkill,define firewall rules,Specify rules to govern a set of components aiming to limit access between groups of networks or a particular network and the internet.,skill/competence,sector-specific,released,Digital,high,DIG_054f26ab-cfdc-4077-883c-1c4c9e9b310a
http://data.europa.eu/esco/skill/055ff233-6569-43db-9f95-a4b03dca97da,DigitalSkill,operate warehouse record systems,"Operate systems for recording product, packaging, and order information in specific formats and types of record.",skill/competence,sector-specific,released,Digital,high,DIG_055ff233-6569-43db-9f95-a4b03dca97da
http://data.europa.eu/esco/skill/05b70efb-6b80-4f04-9a25-67cd317daf37,DigitalSkill,CryEngine,"The game engine CryEngine which is a software framework that consists of integrated development environments and specialised design tools, designed for the rapid iteration of user-derived computer games.",knowledge,sector-specific,released,Digital,high,DIG_05b70efb-6b80-4f04-9a25-67cd317daf37
http://data.europa.eu/esco/skill/061f1c12-9811-46f7-ab3e-1d28367d6c73,DigitalSkill,use CAD for soles,"Digitise and scan the lasts. Work with files in various CAD systems. Produce 3D models of soles and create 2D computer aided designs. Grade and obtain the size series. Prepare technical specifications for manufacturing. Produce 2D and 3D computer aided engineering designs and technical drawings of moulds for vulcanised and injected soles. Export the files of the virtual models to 3D printers, CAM or CNC systems.",skill/competence,sector-specific,released,Digital,high,DIG_061f1c12-9811-46f7-ab3e-1d28367d6c73
http://data.europa.eu/esco/skill/0620ecd1-e4b1-4dfa-972b-38a93e5ebd9d,DigitalSkill,create 3D environments,"Develop a computer-generated 3D representation of a setting such as simulated environment, where the users interact.",skill/competence,sector-specific,released,Digital,high,DIG_0620ecd1-e4b1-4dfa-972b-38a93e5ebd9d
http://data.europa.eu/esco/skill/062320e5-79d1-45e8-8b7e-5deeb53279a2,DigitalSkill,perform online data analysis,"Analyse online experiences and online data for purposes of understanding user behaviour, triggers of online attention, and other factors that could optimise webpage development and exposure.",skill/competence,cross-sector,released,Digital,high,DIG_062320e5-79d1-45e8-8b7e-5deeb53279a2
http://data.europa.eu/esco/skill/06358891-8424-43c5-891e-d40f226bef40,DigitalSkill,manage IT security compliances,"Guide application and fulfilment of relevant industry standards, best practices and legal requirements for information security.",skill/competence,sector-specific,released,Digital,high,DIG_06358891-8424-43c5-891e-d40f226bef40
http://data.europa.eu/esco/skill/06f33d6a-f7a7-4a2b-baa5-8c3c53bd1a9c,DigitalSkill,keywords in digital content,The digital tools to conduct keyword research. The information retrieval systems identify the content of a document guided by keywords and metadata.,knowledge,sector-specific,released,Digital,high,DIG_06f33d6a-f7a7-4a2b-baa5-8c3c53bd1a9c
http://data.europa.eu/esco/skill/071233c4-ad2b-4f50-b79f-768d2231163e,DigitalSkill,domain name service,Naming database which maps internet domain names to Internet Protocol (IP) addresses. The Domain Name System allows internet users to utilise names such as website titles instead of remembering numeric IP addresses used by computers to locate a concrete website,knowledge,sector-specific,released,Digital,high,DIG_071233c4-ad2b-4f50-b79f-768d2231163e
http://data.europa.eu/esco/skill/071a4197-06b3-4226-b9a1-efd15913280a,DigitalSkill,model medical devices,Model and simulate medical devices using technical design software.,skill/competence,sector-specific,released,Digital,high,DIG_071a4197-06b3-4226-b9a1-efd15913280a
http://data.europa.eu/esco/skill/0737ad0a-75ac-4696-988b-565820577ac0,DigitalSkill,use experience map,"Examine all the interactions and touchpoints people have with a product, brand or service. Determine key variables such as duration and frequency of every touchpoint.",skill/competence,sector-specific,released,Digital,high,DIG_0737ad0a-75ac-4696-988b-565820577ac0
http://data.europa.eu/esco/skill/0764b28d-04ee-4e80-bf58-b737f02a63e0,DigitalSkill,captioning software,"The various software to create captions and subtitles in a file that is merged with the actual footage, such as Telestream and MovieCaptioners.",knowledge,occupation-specific,released,Digital,high,DIG_0764b28d-04ee-4e80-bf58-b737f02a63e0
http://data.europa.eu/esco/skill/07884056-a07a-40b7-bba3-1ceed61f529c,DigitalSkill,blockchain signature schemes,"Essential digital signature schemes include the RSA scheme, the El-Gamal scheme, Hash functions, Birthday Attacks, the Digital Signature Standard.",knowledge,sector-specific,released,Digital,high,DIG_07884056-a07a-40b7-bba3-1ceed61f529c
http://data.europa.eu/esco/skill/07889c08-7220-47c8-96f7-6068fbea00dc,DigitalSkill,normalise data,"Reduce data to their accurate core form (normal forms) in order to achieve such results as minimisation of dependency, elimination of redundancy, increase of consistency.",skill/competence,sector-specific,released,Digital,high,DIG_07889c08-7220-47c8-96f7-6068fbea00dc
http://data.europa.eu/esco/skill/07dd856d-6141-48a7-a228-918f88494812,DigitalSkill,create prototype of user experience solutions,"Design and prepare mock-ups, prototypes and flows in order to test User Experience (UX) solutions or to collect feedback from users, customers, partners or stakeholders.",skill/competence,sector-specific,released,Digital,high,DIG_07dd856d-6141-48a7-a228-918f88494812
http://data.europa.eu/esco/skill/07e47d58-dd0e-4302-9e68-70a188e89065,DigitalSkill,apply system organisational policies,"Implement internal policies related to the development, internal and external usage of technological systems, such as software systems, network systems and telecommunications systems, in order to achieve a set of goals and targets regarding the efficient operations and growth of an organisation.",skill/competence,cross-sector,released,Digital,high,DIG_07e47d58-dd0e-4302-9e68-70a188e89065
http://data.europa.eu/esco/skill/07e51c60-763a-4335-b4ec-70a15f66d328,DigitalSkill,propose ICT solutions to business problems,"Suggest how to solve business issues, using ICT means, so that business processes are improved.",skill/competence,cross-sector,released,Digital,high,DIG_07e51c60-763a-4335-b4ec-70a15f66d328
http://data.europa.eu/esco/skill/07e6bc9f-9c98-44ae-a7a3-5266caa393e1,DigitalSkill,calculate costs of repair operations,Calculate material and labour costs of repair operations. Understand appropriate computer programmes.,skill/competence,sector-specific,released,Digital,high,DIG_07e6bc9f-9c98-44ae-a7a3-5266caa393e1
http://data.europa.eu/esco/skill/07ebc888-0f3f-46e7-99d2-a7c7ebd7ffe3,DigitalSkill,property management software,"The features and functioning of a software that enables the management of daily operations in real estate and accommodation businesses, to optimise resources and processes such as booking reservations, room rates, revenue data analytics or billing. ",knowledge,sector-specific,released,Digital,high,DIG_07ebc888-0f3f-46e7-99d2-a7c7ebd7ffe3
http://data.europa.eu/esco/skill/08236fee-c405-4f30-8858-f10d7d5c94b7,DigitalSkill,operate media integration systems,"Operate a media integration system for performing art and event applications during setup, configuration, rehearsals and during live performances.",skill/competence,occupation-specific,released,Digital,high,DIG_08236fee-c405-4f30-8858-f10d7d5c94b7
http://data.europa.eu/esco/skill/0823ccef-813f-4f22-afef-ac0d68615e8f,DigitalSkill,computer simulation,"A programme run on a computer that represents dynamic responses of a system to explore a mathematical model behaviour, using a model of a real system, composed of mathematical equations.  ",knowledge,cross-sector,released,Digital,high,DIG_0823ccef-813f-4f22-afef-ac0d68615e8f
http://data.europa.eu/esco/skill/085bfce5-70fe-43da-9499-307725e89bbc,DigitalSkill,WizIQ,"The computer program WizIQ is a e-learning platform for creating, administrating, arranging, reporting and delivering e-learning education courses or training programs.",knowledge,sector-specific,released,Digital,high,DIG_085bfce5-70fe-43da-9499-307725e89bbc
http://data.europa.eu/esco/skill/0868eef3-2213-4572-9343-74931345a7d3,DigitalSkill,administer ICT system,"Handle components of ICT system by maintaining configuration, managing users, monitoring resource use, performing backups and installing hardware or software to comply with the set requirements.",skill/competence,sector-specific,released,Digital,high,DIG_0868eef3-2213-4572-9343-74931345a7d3
http://data.europa.eu/esco/skill/08a3dcea-12de-447b-a3a5-aa657abc5e97,DigitalSkill,execute social engineering tests,"Perform simulated social engineering attacks to identify vulnerabilities in an organization's security posture. Social engineering tests may involve phishing emails, pretexting, or other forms of manipulation used by attackers to obtain sensitive information or unauthorized access to systems. ",skill/competence,sector-specific,released,Digital,high,DIG_08a3dcea-12de-447b-a3a5-aa657abc5e97
http://data.europa.eu/esco/skill/08b04e53-ed25-41a2-9f90-0b9cd939ba3d,DigitalSkill,manage research data,Produce and analyse scientific data originating from qualitative and quantitative research methods. Store and maintain the data in research databases. Support the re-use of scientific data and be familiar with open data management principles.,skill/competence,cross-sector,released,Digital,high,DIG_08b04e53-ed25-41a2-9f90-0b9cd939ba3d
http://data.europa.eu/esco/skill/094ef6aa-844f-44ce-8456-fdc49276bf58,DigitalSkill,digital printing,"The technique that allows printing a digital-based image directly onto a variety of materials, mostly using inkjet or laser printer.",knowledge,sector-specific,released,Digital,high,DIG_094ef6aa-844f-44ce-8456-fdc49276bf58
http://data.europa.eu/esco/skill/09cf2c34-6f93-4a19-a9f1-c0d866414bcc,DigitalSkill,Cain and Abel (penetration testing tool),"The software tool Cain and Abel is a password recovery tool which tests the Microsoft Operating System for security weaknesses and potentially unauthorised access to system information. The tool decodes, decrypts and uncovers passwords by means such as brute-force and cryptanalysis attacks, network sniffing and protocols analysis.",knowledge,sector-specific,released,Digital,high,DIG_09cf2c34-6f93-4a19-a9f1-c0d866414bcc
http://data.europa.eu/esco/skill/09f2f811-a3fb-4de3-a70f-6420a6935575,DigitalSkill,systems development life-cycle,"The sequence of steps, such as planning, creating, testing and deploying and the models for the development and life-cycle management of a system.",knowledge,cross-sector,released,Digital,high,DIG_09f2f811-a3fb-4de3-a70f-6420a6935575
http://data.europa.eu/esco/skill/09f4c52b-ac72-4f0e-a8ae-78bb1d7bffba,DigitalSkill,transportation software related to an ERP system,"Business management software to collect, manage and interpret data related to shipping, payment, inventory, manufacturing applied in transportation and distribution.",knowledge,cross-sector,released,Digital,high,DIG_09f4c52b-ac72-4f0e-a8ae-78bb1d7bffba
http://data.europa.eu/esco/skill/0a0532c2-ee60-4410-8e07-70e4d69370ec,DigitalSkill,operate automated process control,Operate process control or automation system (PAS) used to control a production process automatically.,skill/competence,cross-sector,released,Digital,high,DIG_0a0532c2-ee60-4410-8e07-70e4d69370ec
http://data.europa.eu/esco/skill/0a099c81-6a0c-4f00-bb3b-990d23ec03a5,DigitalSkill,manage ICT change request process,"Specify the incentive for an ICT change request, stating which adjustment in the system needs to be accomplished and execute or supervise the execution of it.",skill/competence,sector-specific,released,Digital,high,DIG_0a099c81-6a0c-4f00-bb3b-990d23ec03a5
http://data.europa.eu/esco/skill/0a30e5a8-60a8-4fda-9f89-8e9cee38da5a,DigitalSkill,use interface description language,Utilise specification language for describing interface connection among software components or programs in a programming-language-independent way. The languages which support this method are among others CORBA and WSDL.,skill/competence,occupation-specific,released,Digital,high,DIG_0a30e5a8-60a8-4fda-9f89-8e9cee38da5a
http://data.europa.eu/esco/skill/0a52bed5-fd29-45fb-aba6-e32bccfda1c1,DigitalSkill,plan migration to cloud,"Select existing workloads and processes for potential migration to the cloud and choose migration tools. Determine a new cloud architecture for an existing solution, plan a strategy for migrating existing workloads to the cloud.",skill/competence,sector-specific,released,Digital,high,DIG_0a52bed5-fd29-45fb-aba6-e32bccfda1c1
http://data.europa.eu/esco/skill/0a776a56-6ec1-4790-84b3-46d0be706806,DigitalSkill,use radar navigation,Operate modern radar navigation equipment to ensure safe vessel operations.,skill/competence,sector-specific,released,Digital,high,DIG_0a776a56-6ec1-4790-84b3-46d0be706806
http://data.europa.eu/esco/skill/0a856d55-23b5-4bdc-ad24-3eb5bc83d81f,DigitalSkill,implement route planning in smart mobility services,"Use specialised search engines such as route planners or journey planners to suggest optimised travel itineraries based of different criteria such as means of transport, departure and arrival time, location, duration of the journey.",skill/competence,sector-specific,released,Digital,high,DIG_0a856d55-23b5-4bdc-ad24-3eb5bc83d81f
http://data.europa.eu/esco/skill/0a9acb6b-1139-4be9-b431-3a80a959f2f4,DigitalSkill,Agile project management,"The agile project management approach is a methodology for planning, managing and overseeing of ICT resources in order to meet specific goals and using project management ICT tools.",knowledge,sector-specific,released,Digital,high,DIG_0a9acb6b-1139-4be9-b431-3a80a959f2f4
http://data.europa.eu/esco/skill/0aabcae7-71de-456e-8e38-d9e40a4e0272,DigitalSkill,modern power signalling systems,The modern signalling systems and the application of digital technologies to improve the functioning of signalling equipment.,knowledge,sector-specific,released,Digital,high,DIG_0aabcae7-71de-456e-8e38-d9e40a4e0272
http://data.europa.eu/esco/skill/0ab03c6c-281b-48f4-83e0-10eeb27a1bae,DigitalSkill,network management system tools,"The software or hardware tools which enable monitoring, analysis and supervision of individual network components or network parts within a larger network system.",knowledge,sector-specific,released,Digital,high,DIG_0ab03c6c-281b-48f4-83e0-10eeb27a1bae
http://data.europa.eu/esco/skill/0af062de-eb43-41e9-9b96-249e2cd22d26,DigitalSkill,use markup languages,"Utilise computer languages that are syntactically distinguishable from the text, to add annotations to a document, specify layout and process types of documents such as HTML.",skill/competence,sector-specific,released,Digital,high,DIG_0af062de-eb43-41e9-9b96-249e2cd22d26
http://data.europa.eu/esco/skill/0b0335f3-0aa1-491e-895e-81fc8774a300,DigitalSkill,develop automated migration methods,"Create automated transfer of ICT information between storage types, formats and systems to save human resources from performing the task manually.",skill/competence,sector-specific,released,Digital,high,DIG_0b0335f3-0aa1-491e-895e-81fc8774a300
http://data.europa.eu/esco/skill/0b449eb1-d082-4e62-95d7-5cf59bdf2097,DigitalSkill,use modern electronic navigational aids,Use modern navigational aids such as GPS and radar systems.,skill/competence,sector-specific,released,Digital,high,DIG_0b449eb1-d082-4e62-95d7-5cf59bdf2097
http://data.europa.eu/esco/skill/0ba0717c-3a7a-45a3-834c-59c554e56c72,DigitalSkill,translate formulae into processes,"Translate, by means of computer models and simulations, the specific laboratory formulae and findings into production processes.",skill/competence,sector-specific,released,Digital,high,DIG_0ba0717c-3a7a-45a3-834c-59c554e56c72
http://data.europa.eu/esco/skill/0c66036a-3bdd-4955-8343-985f4697af64,DigitalSkill,manage donor database,Create and constantly update the database containing personal details and status of donors.,skill/competence,cross-sector,released,Digital,high,DIG_0c66036a-3bdd-4955-8343-985f4697af64
http://data.europa.eu/esco/skill/0c9f20cb-32fb-4ff7-877e-508762791151,DigitalSkill,RAGE (digital game creation systems),"The software framework that consists of integrated development environments and specialised design tools, designed for the rapid iteration of user-derived computer games.",knowledge,sector-specific,released,Digital,high,DIG_0c9f20cb-32fb-4ff7-877e-508762791151
http://data.europa.eu/esco/skill/0cc02ab5-da14-4fd4-963d-192fe71d3225,DigitalSkill,assess integrated domotics systems,Understand designs and specifications provided by producers of domotics integrated systems and choose a concept that fulfils specific needs within the project.,skill/competence,sector-specific,released,Digital,high,DIG_0cc02ab5-da14-4fd4-963d-192fe71d3225
http://data.europa.eu/esco/skill/0ccdfe98-f845-4598-84a1-3dca66e9d9a3,DigitalSkill,Ruby (computer programming),"The techniques and principles of software development, such as analysis, algorithms, coding, testing and compiling of programming paradigms in Ruby.",knowledge,sector-specific,released,Digital,high,DIG_0ccdfe98-f845-4598-84a1-3dca66e9d9a3
http://data.europa.eu/esco/skill/0cd6dcf1-5778-42a5-b685-4d01ae4a4871,DigitalSkill,Common Lisp,"The techniques and principles of software development, such as analysis, algorithms, coding, testing and compiling of programming paradigms in Common Lisp.",knowledge,sector-specific,released,Digital,high,DIG_0cd6dcf1-5778-42a5-b685-4d01ae4a4871
http://data.europa.eu/esco/skill/0ce96a86-7a28-4c44-9e59-591375310894,DigitalSkill,collect weather-related data,"Gather data from satellites, radars, remote sensors, and weather stations in order to obtain information about weather conditions and phenomena.",skill/competence,cross-sector,released,Digital,high,DIG_0ce96a86-7a28-4c44-9e59-591375310894
http://data.europa.eu/esco/skill/0ced619a-0f59-4802-88ea-e97bf1b57f95,DigitalSkill,optimise fleet usability,"Optimise fleet utilisation, visibility, efficiency and profitability through the use of special ship management software.",skill/competence,sector-specific,released,Digital,high,DIG_0ced619a-0f59-4802-88ea-e97bf1b57f95
http://data.europa.eu/esco/skill/0d168770-4d9c-4096-b048-a6577818d306,DigitalSkill,Apache Maven,"The tool Apache Maven is a software program to perform configuration identification, control, status accounting and audit of software during its development and maintenance.",knowledge,sector-specific,released,Digital,high,DIG_0d168770-4d9c-4096-b048-a6577818d306
http://data.europa.eu/esco/skill/0d6714c6-720e-4985-9791-5ab85d28da79,DigitalSkill,gather data,Extract exportable data from multiple sources.,skill/competence,cross-sector,released,Digital,high,DIG_0d6714c6-720e-4985-9791-5ab85d28da79
http://data.europa.eu/esco/skill/0d7f2cce-245a-4d02-9b8d-2e9946cc4c5d,DigitalSkill,deliver online training,"Provide training by using online technologies, adapting the learning materials, using e-learning methods, supporting the trainees and communicating online. Instruct virtual classrooms.",skill/competence,cross-sector,released,Digital,high,DIG_0d7f2cce-245a-4d02-9b8d-2e9946cc4c5d
http://data.europa.eu/esco/skill/0da6cab1-0ee9-4391-a299-f71fbf21db56,DigitalSkill,ICT network routing,The processes and techniques for choosing the best paths within an ICT network through which a packet can travel.,knowledge,sector-specific,released,Digital,high,DIG_0da6cab1-0ee9-4391-a299-f71fbf21db56
http://data.europa.eu/esco/skill/0daaf096-1639-461c-bf1a-bbeea77e6b67,DigitalSkill,internal risk management policy,"The internal risk management policies that identify, assess and prioritise risks in an IT environment. The methods used to minimise, monitor and control the possibility and the impact of disastrous events that affect the reaching of business goals.",knowledge,sector-specific,released,Digital,high,DIG_0daaf096-1639-461c-bf1a-bbeea77e6b67
http://data.europa.eu/esco/skill/0dc7aa1b-b5af-4f4b-81ce-ee22ed8b6926,DigitalSkill,assess ICT knowledge,Evaluate the implicit mastery of skilled experts in an ICT system to make it explicit for further analysis and usage.,skill/competence,sector-specific,released,Digital,high,DIG_0dc7aa1b-b5af-4f4b-81ce-ee22ed8b6926
http://data.europa.eu/esco/skill/0dcbf7c5-bedf-4485-b16b-23df54443864,DigitalSkill,translate requirement concepts into content,Develop digital content by following given requirements and guidelines.,skill/competence,sector-specific,released,Digital,high,DIG_0dcbf7c5-bedf-4485-b16b-23df54443864
http://data.europa.eu/esco/skill/0de61385-de6d-4146-ba32-1cc1bc102220,DigitalSkill,Lisp,"The techniques and principles of software development, such as analysis, algorithms, coding, testing and compiling of programming paradigms in Lisp.",knowledge,sector-specific,released,Digital,high,DIG_0de61385-de6d-4146-ba32-1cc1bc102220
http://data.europa.eu/esco/skill/0df2e216-68ae-4952-b9dc-3c2f2bc04fe3,DigitalSkill,maintain freelance database,Maintain a freelance database that offers extra support to your teams and is able to calculate negotiating costs.,skill/competence,cross-sector,released,Digital,high,DIG_0df2e216-68ae-4952-b9dc-3c2f2bc04fe3
http://data.europa.eu/esco/skill/0e361e34-c563-4892-b9d3-873a6a4fef8a,DigitalSkill,digital game genres,"The classification of video games based on their interaction with the game media, such as simulation games, strategy games, adventure games and arcade games.",knowledge,sector-specific,released,Digital,high,DIG_0e361e34-c563-4892-b9d3-873a6a4fef8a
http://data.europa.eu/esco/skill/0e44ceb3-9dd4-4ec4-b1d7-a0e83ddba7d4,DigitalSkill,automotive engineering,"The discipline of engineering that combines mechanical, electrical, electronic, software and safety engineering to design motor vehicles such as trucks, vans and automobiles.",skill/competence,cross-sector,released,Digital,high,DIG_0e44ceb3-9dd4-4ec4-b1d7-a0e83ddba7d4
http://data.europa.eu/esco/skill/0e5affa0-705e-4b19-94e8-19e902e0287d,DigitalSkill,analyse decentralised applications,"Analyse decentralized applications for their specific performance requirements in terms of key functions and properties such as identify management, access control, data security, transparency, performance, scalability, and maintainability.",skill/competence,cross-sector,released,Digital,high,DIG_0e5affa0-705e-4b19-94e8-19e902e0287d
http://data.europa.eu/esco/skill/0e62eba3-d076-47e5-b22d-340a8faccb3b,DigitalSkill,assistive technology in education,"Digital devices and equipment that support learners with learning, communication or mobility challenges to access educational resources and achieve their full potential. It includes software such as text to speech and optical character recognition.",knowledge,occupation-specific,released,Digital,high,DIG_0e62eba3-d076-47e5-b22d-340a8faccb3b
http://data.europa.eu/esco/skill/0e667579-d045-4c6a-b0f3-230a61edd014,DigitalSkill,model power electronics,"Model and simulate power electronics systems, products, and components using technical design software. Assess the viability of the product and examine the physical parameters to ensure a successful production process.",skill/competence,occupation-specific,released,Digital,high,DIG_0e667579-d045-4c6a-b0f3-230a61edd014
http://data.europa.eu/esco/skill/0e78d9c9-7c3c-4c5c-82cb-205c16edbcb8,DigitalSkill,green computing,"The use of ICT systems in an environmentally responsible and sustainable manner, such as the implementation of energy-efficient servers and central processing units (CPUs), reduction of resources and correct disposal of e-waste.",knowledge,occupation-specific,released,Digital,high,DIG_0e78d9c9-7c3c-4c5c-82cb-205c16edbcb8
http://data.europa.eu/esco/skill/0e8d16c9-e2db-4862-ac06-1567f01ef806,DigitalSkill,building systems monitoring technology,"Computer-based control systems that monitor mechanical and electrical equipment in a building such as HVAC, security and lighting systems.",knowledge,sector-specific,released,Digital,high,DIG_0e8d16c9-e2db-4862-ac06-1567f01ef806
http://data.europa.eu/esco/skill/0ebd8359-48bc-4b28-adb1-450774e5f683,DigitalSkill,transfer uncut audiovisual material to computer,"Transfer uncut audiovisual materials to a computer, synchronise them and store them.",skill/competence,sector-specific,released,Digital,high,DIG_0ebd8359-48bc-4b28-adb1-450774e5f683
http://data.europa.eu/esco/skill/0f00f63f-3ab4-4057-b92f-500584b51757,DigitalSkill,Informatica PowerCenter,"The computer program Informatica PowerCenter is a tool for integration of information from multiple applications, created and maintained by organisations, into one consistent and transparent data structure, developed by the software company Informatica.",knowledge,sector-specific,released,Digital,high,DIG_0f00f63f-3ab4-4057-b92f-500584b51757
http://data.europa.eu/esco/skill/0f365cf9-4f68-4a25-affc-75de20bcdc09,DigitalSkill,conduct analysis of ship data,Collect information from a vessel's management software and cross reference it to analyse the data from different points of view and inform decision-making.,skill/competence,sector-specific,released,Digital,high,DIG_0f365cf9-4f68-4a25-affc-75de20bcdc09
http://data.europa.eu/esco/skill/0f5374e3-0b9b-4b16-af7a-49654ce0bb15,DigitalSkill,human-robot collaboration,"Human-Robot Collaboration is the study of collaborative processes in which human and robot agents work together to achieve shared goals. Human-Robot Collaboration (HRC) is an interdisciplinary research area comprising classical robotics, human-computer interaction, artificial intelligence, design, cognitive sciences and psychology. It is related to the definition of the plans and the rules for communication to perform a task and achieve a goal in a joint action with a robot.",knowledge,sector-specific,released,Digital,high,DIG_0f5374e3-0b9b-4b16-af7a-49654ce0bb15
http://data.europa.eu/esco/skill/0f9958d2-f700-4f62-b90b-a5873cb5ae4c,DigitalSkill,systems thinking,"The integrated approach to understanding how various constituents of a system interrelate, interact and influence one another within a whole logistic system.",knowledge,occupation-specific,released,Digital,high,DIG_0f9958d2-f700-4f62-b90b-a5873cb5ae4c
http://data.europa.eu/esco/skill/0fb753a1-2ef2-4429-84d2-ecb2b24daf7a,DigitalSkill,Apache Tomcat,"The open-source web server Apache Tomcat provides a Java web server environment which uses a built in container where HTTP requests are loaded, allowing the Java web applications to run on local and server based systems.",knowledge,sector-specific,released,Digital,high,DIG_0fb753a1-2ef2-4429-84d2-ecb2b24daf7a
http://data.europa.eu/esco/skill/0fba68dc-6f5d-4974-b3cf-5d3215f7d363,DigitalSkill,edit negatives,Use different software products and techniques to process photographic negatives and adapt the images to the desired specifications.,skill/competence,sector-specific,released,Digital,high,DIG_0fba68dc-6f5d-4974-b3cf-5d3215f7d363
http://data.europa.eu/esco/skill/0ffdb6ac-03b5-4f1c-bfcc-3d9cb874fdf9,DigitalSkill,ethical hacking principles,The set of actions that are carried out to detect vulnerabilities within a computerised system in order to improve security within an organisation. They aim to identify and address data breaches and threats in a network.,knowledge,sector-specific,released,Digital,high,DIG_0ffdb6ac-03b5-4f1c-bfcc-3d9cb874fdf9
http://data.europa.eu/esco/skill/1019423b-3368-4f83-b24f-19e5fa23e816,DigitalSkill,software UI design patterns,The reusable solutions and formalised best practices to solve common user interface tasks in software development and design.,knowledge,sector-specific,released,Digital,high,DIG_1019423b-3368-4f83-b24f-19e5fa23e816
http://data.europa.eu/esco/skill/1110c92f-3059-445a-9436-0f4200d365f5,DigitalSkill,Sass,"The computer language Sass is a style sheet language that conveys the presentation of structured documents. These documents have to adhere to style sheets, a set of stylistic rules such as font, color and layout.",knowledge,sector-specific,released,Digital,high,DIG_1110c92f-3059-445a-9436-0f4200d365f5
http://data.europa.eu/esco/skill/11430d93-c835-48ed-8e70-285fa69c9ae6,DigitalSkill,design cloud architecture,"Design a multi-tier cloud architecture solution, which tolerates faults and is fit for the workload and other business needs. Identify elastic and scalable computing solutions, select high-performing and scalable storage solutions, and choose high-performing database solutions. Identify cost-effective storage, computing, and database services in the cloud.",skill/competence,sector-specific,released,Digital,high,DIG_11430d93-c835-48ed-8e70-285fa69c9ae6
http://data.europa.eu/esco/skill/114c9698-c999-4369-8498-81bf641fe871,DigitalSkill,establish an ICT security prevention plan,"Define a comprehensive and proactive strategy for managing information and communication technology (ICT) security risks by establishing a set of measures and responsibilities to ensure the confidentiality, integrity and availability of information. Implement policies to prevent data breaches, detect and respond to unauthorised access to systems and resources, including up-to-date security applications and employee education.",skill/competence,occupation-specific,released,Digital,high,DIG_114c9698-c999-4369-8498-81bf641fe871
http://data.europa.eu/esco/skill/116083f9-8d05-4b2e-a15f-287b18de5f67,DigitalSkill,use global distribution system,Operate a computer reservations system or a global distribution system to book or reserve transportations and accommodations.,skill/competence,cross-sector,released,Digital,high,DIG_116083f9-8d05-4b2e-a15f-287b18de5f67
http://data.europa.eu/esco/skill/117373c8-f04b-4fff-8683-aebe36edac81,DigitalSkill,hardware platforms,The characteristics of the hardware configuration required to process the applications software product.,knowledge,sector-specific,released,Digital,high,DIG_117373c8-f04b-4fff-8683-aebe36edac81
http://data.europa.eu/esco/skill/1177a1e9-213a-477b-b57c-364368c68b95,DigitalSkill,design power electronics,"Design and develop power electronics systems, products, and components according to specifications. Select suitable ancillary devices for the intended application.",skill/competence,occupation-specific,released,Digital,high,DIG_1177a1e9-213a-477b-b57c-364368c68b95
http://data.europa.eu/esco/skill/118a9b27-1c5a-4214-b685-1a4d9e6365ea,DigitalSkill,computer forensics,The process of examining and recovering digital data from sources for legal evidence and crime investigation.,knowledge,sector-specific,released,Digital,high,DIG_118a9b27-1c5a-4214-b685-1a4d9e6365ea
http://data.europa.eu/esco/skill/11c56452-fcec-4b00-9695-cca4728e5048,DigitalSkill,marketing analytics,The set of processes for employing data to improve the effectiveness of marketing activities. It involves analysing metrics such as the Return on Investment (ROI) for identify opportunities of improvement.,knowledge,cross-sector,released,Digital,high,DIG_11c56452-fcec-4b00-9695-cca4728e5048
http://data.europa.eu/esco/skill/11eebd42-44ab-401d-8a2c-bdb9fc9beb50,DigitalSkill,information security strategy,"The plan defined by a company which sets the information security objectives and measures to mitigate risks, define control objectives, establish metrics and benchmarks while complying with legal, internal and contractual requirements.",knowledge,sector-specific,released,Digital,high,DIG_11eebd42-44ab-401d-8a2c-bdb9fc9beb50
http://data.europa.eu/esco/skill/12274664-b642-4945-b88f-d7787dc3c9dd,DigitalSkill,design interaction model,"Design and develop an interaction model. Design a multi-turn conversation, use built-in intents and slots, handle unexpected conversational requests or responses, design multi-modal skills using one or more service interfaces (for example, audio, video, and gadgets).",skill/competence,sector-specific,released,Digital,high,DIG_12274664-b642-4945-b88f-d7787dc3c9dd
http://data.europa.eu/esco/skill/123cf7c5-6a3b-419d-be4f-49a6cc020f9f,DigitalSkill,interactive media,"The method of communication that takes place through digital medias and is based on customers interactions with them. The interactions take place with computerised elements (e.g., moving graphics, digital text and sound).",knowledge,cross-sector,released,Digital,high,DIG_123cf7c5-6a3b-419d-be4f-49a6cc020f9f
http://data.europa.eu/esco/skill/123ea020-9f87-495f-b8c3-15133646392b,DigitalSkill,test improved aeronautical information management systems,Test functionality of systems before releasing them; test potential impacts and predict final outcome.,skill/competence,occupation-specific,released,Digital,high,DIG_123ea020-9f87-495f-b8c3-15133646392b
http://data.europa.eu/esco/skill/126da6db-593e-4dd2-b35d-86f599a622f6,DigitalSkill,mix ink,Tend a computer-guided dispenser that mixes different shades of ink to obtain the desired colour.,skill/competence,sector-specific,released,Digital,high,DIG_126da6db-593e-4dd2-b35d-86f599a622f6
http://data.europa.eu/esco/skill/12b7d5a1-1ad4-45dc-b0fa-b31d1eb2c79a,DigitalSkill,maintain pricing database,Maintain internal and external database to ensure that all pricing data are permanently accurate and up-to-date.,skill/competence,occupation-specific,released,Digital,high,DIG_12b7d5a1-1ad4-45dc-b0fa-b31d1eb2c79a
http://data.europa.eu/esco/skill/12c82224-6394-4c3c-9831-2a8198ed1274,DigitalSkill,optical character recognition software,"The software that electronically converts printed and typed images into machine-encoded text so that documents can be electronically stored, edited and digitally displayed.",knowledge,cross-sector,released,Digital,high,DIG_12c82224-6394-4c3c-9831-2a8198ed1274
http://data.europa.eu/esco/skill/13666d7d-41a8-42b6-80ba-34ea6a64667f,DigitalSkill,particle animation,"The field of particle animation, an animation technique in which large numbers of graphic objects are used to simulate phenomena, such as flames and explosions and 'fuzzy phenomena' that are difficult to reproduce using conventional rendering methods.",knowledge,occupation-specific,released,Digital,high,DIG_13666d7d-41a8-42b6-80ba-34ea6a64667f
http://data.europa.eu/esco/skill/13bdd41a-2a18-441f-96db-41252c519413,DigitalSkill,Visual Basic,"The techniques and principles of software development, such as analysis, algorithms, coding, testing and compiling of programming paradigms in Visual Basic.",knowledge,sector-specific,released,Digital,high,DIG_13bdd41a-2a18-441f-96db-41252c519413
http://data.europa.eu/esco/skill/14029d35-3831-4176-be75-da64e6024e6f,DigitalSkill,alarm systems,"Security systems in buildings and on properties automatically alarming security companies or producing acoustic or audio-visual signals when break-in, theft or damage of property is detected.",knowledge,occupation-specific,released,Digital,high,DIG_14029d35-3831-4176-be75-da64e6024e6f
http://data.europa.eu/esco/skill/14062e1c-6540-4cb6-b343-ad419e3d10ac,DigitalSkill,blockchain components,"The study of essential blockchain components and concepts such as peer networks, smart contracts, memberships, events, ledgers, system integration, wallets, and system management.",knowledge,sector-specific,released,Digital,high,DIG_14062e1c-6540-4cb6-b343-ad419e3d10ac
http://data.europa.eu/esco/skill/143769cb-b61e-47d8-a61e-eedfbec1016c,DigitalSkill,business intelligence,The tools used to transform large amounts of raw data into relevant and helpful business information.,knowledge,cross-sector,released,Digital,high,DIG_143769cb-b61e-47d8-a61e-eedfbec1016c
http://data.europa.eu/esco/skill/14525f24-afb4-4a4e-80a7-facf27080cdd,DigitalSkill,manage digital libraries,"Collect, manage and preserve for permanent access digital content and offer to targeted user communities specialised search and retrieval functionality.",skill/competence,sector-specific,released,Digital,high,DIG_14525f24-afb4-4a4e-80a7-facf27080cdd
http://data.europa.eu/esco/skill/14764a75-3104-4875-ba1d-57c059b9b013,DigitalSkill,telecommunications engineering,Discipline that combines computer science with electrical engineering to improve telecommunications systems.,knowledge,cross-sector,released,Digital,high,DIG_14764a75-3104-4875-ba1d-57c059b9b013
http://data.europa.eu/esco/skill/14832d87-2f2f-4895-b290-e4760ebae42a,DigitalSkill,solve technical problems,"Identify technical problems when operating devices and using digital environments, and solve them (from trouble-shooting to solving more complex problems).",skill/competence,cross-sector,released,Digital,high,DIG_14832d87-2f2f-4895-b290-e4760ebae42a
http://data.europa.eu/esco/skill/14ced458-5f4b-495f-bd3d-9c240614bda0,DigitalSkill,Adobe Photoshop,The computer program Adobe Photoshop is a graphical ICT tool which enables digital editing and composition of graphics to generate both 2D raster or 2D vector graphics. It is developed by the software company Adobe.,knowledge,sector-specific,released,Digital,high,DIG_14ced458-5f4b-495f-bd3d-9c240614bda0
http://data.europa.eu/esco/skill/14d1e367-3efe-4ec5-86ae-eca48710ee4e,DigitalSkill,implement ICT security policies,"Implement statements, assertions or rules that specify the appropriate use and protection of the ICT assets and systems from an organisation. These ICT security policies cover topics such as data classification, password management, access control and incident response.",skill/competence,sector-specific,released,Digital,high,DIG_14d1e367-3efe-4ec5-86ae-eca48710ee4e
http://data.europa.eu/esco/skill/14fdac88-6d4a-4e47-9df5-02c6d1e86fdd,DigitalSkill,IBM InfoSphere DataStage,"The computer program IBM InfoSphere DataStage is a tool for integration of information from multiple applications, created and maintained by organisations, into one consistent and transparent data structure, developed by the software company IBM.",knowledge,sector-specific,released,Digital,high,DIG_14fdac88-6d4a-4e47-9df5-02c6d1e86fdd
http://data.europa.eu/esco/skill/1557b114-8222-46d5-acff-d2838909c302,DigitalSkill,provide connected car solutions,"Provide technological applications and services which enable cars to be connected to the internet for data transmission. Connected car solutions involve leveraging technologies such as GPS, sensors, or data analytics to provide connectivity and remote access services to devices.",skill/competence,sector-specific,released,Digital,high,DIG_1557b114-8222-46d5-acff-d2838909c302
http://data.europa.eu/esco/skill/1558e8f3-67c9-4be6-bf2c-c5ab7b6de5f9,DigitalSkill,operate electronic payment terminals,Operate electronic payment terminals to collect credit or debit card payments from the travellers.,skill/competence,sector-specific,released,Digital,high,DIG_1558e8f3-67c9-4be6-bf2c-c5ab7b6de5f9
http://data.europa.eu/esco/skill/15c522eb-cd6d-4b00-9d95-db20c0f8df88,DigitalSkill,energy saving potential of automated shift systems,Potential to save energy in automated shift systems through mechanisms such as improved efficiency and better anticipation of upcoming events.,knowledge,occupation-specific,released,Digital,high,DIG_15c522eb-cd6d-4b00-9d95-db20c0f8df88
http://data.europa.eu/esco/skill/1605025e-a179-421f-8f35-5b07d182a6b2,DigitalSkill,web analytics,"The characteristics, tools and techniques for measurement, collection, analysis and reporting of web data to get information on the users' behaviour and to improve the performance of a website.",knowledge,cross-sector,released,Digital,high,DIG_1605025e-a179-421f-8f35-5b07d182a6b2
http://data.europa.eu/esco/skill/162c7407-14ec-43ef-a4c2-31ccd1267850,DigitalSkill,design firmware,Design the appropriate firmware to a specific electronic system.,skill/competence,cross-sector,released,Digital,high,DIG_162c7407-14ec-43ef-a4c2-31ccd1267850
http://data.europa.eu/esco/skill/16636767-c215-4cf0-b126-e144fea20926,DigitalSkill,use e-health and mobile health technologies,Use mobile health technologies and e-health (online applications and services) in order to enhance the provided healthcare.,skill/competence,sector-specific,released,Digital,high,DIG_16636767-c215-4cf0-b126-e144fea20926
http://data.europa.eu/esco/skill/16a00c69-9c74-4c37-96d7-6301d285e5ce,DigitalSkill,use e-services,Participate in society through the use of public and private digital services. Seek opportunities for self-empowerment and for participatory citizenship through appropriate digital technologies.,skill/competence,cross-sector,released,Digital,high,DIG_16a00c69-9c74-4c37-96d7-6301d285e5ce
http://data.europa.eu/esco/skill/16e462b2-b8dd-4842-8c31-71d0fb4be474,DigitalSkill,digital journalism,The process through which the editorial content is produced through digital media and distributed through the Internet.,knowledge,sector-specific,released,Digital,high,DIG_16e462b2-b8dd-4842-8c31-71d0fb4be474
http://data.europa.eu/esco/skill/172020d1-e151-445b-8173-e2a5fb16fe51,DigitalSkill,utilise computer-aided software engineering tools,"Use software tools (CASE) to support the development lifecycle, design and implementation of software and applications of high-quality that can be easily maintained.",skill/competence,sector-specific,released,Digital,high,DIG_172020d1-e151-445b-8173-e2a5fb16fe51
http://data.europa.eu/esco/skill/17702c40-e963-4593-847e-a332b1c9357e,DigitalSkill,Edmodo,"The education network Edmodo is an e-learning platform for creating, administrating, arranging, reporting and delivering e-learning training and connecting teachers, students and parents.",knowledge,sector-specific,released,Digital,high,DIG_17702c40-e963-4593-847e-a332b1c9357e
http://data.europa.eu/esco/skill/1774bd31-8893-44cf-9498-7e3d95508419,DigitalSkill,screen reader,"Software program which converts screen elements such as text, images, or buttons, displayed in the computer into Braille or speech. Assistive technology used by visually impaired or blind people to interpret what appears on the computer screen through braille output, audio icons or speech synthesisers.",knowledge,cross-sector,released,Digital,high,DIG_1774bd31-8893-44cf-9498-7e3d95508419
http://data.europa.eu/esco/skill/17c9a790-5664-4673-8237-c4cf3c5a8da5,DigitalSkill,conduct impact evaluation of ICT processes on business,Evaluate the tangible consequences of the implementation of new ICT systems and functions on the current business structure and organisational procedures.,skill/competence,cross-sector,released,Digital,high,DIG_17c9a790-5664-4673-8237-c4cf3c5a8da5
http://data.europa.eu/esco/skill/1859883d-c047-4fe1-8e74-7bb4385d6ad2,DigitalSkill,apply 3D imaging techniques,"Implement a variety of techniques such as digital sculpting, curve modelling and 3D scanning to create, edit, preserve and use 3D images, such as point clouds, 3D vector graphic and 3D surface shapes.",skill/competence,sector-specific,released,Digital,high,DIG_1859883d-c047-4fe1-8e74-7bb4385d6ad2
http://data.europa.eu/esco/skill/18ab25a5-ce2d-4cd5-b7b0-3890f595f77d,DigitalSkill,manage alarm system,Set up and maintain system for detection of intrusions and unauthorised entries into a facility.,skill/competence,sector-specific,released,Digital,high,DIG_18ab25a5-ce2d-4cd5-b7b0-3890f595f77d
http://data.europa.eu/esco/skill/18eeffee-2879-42e0-b5fe-5739c6883a01,DigitalSkill,develop data link services for navigation purposes,Develop and implement data link services and satellite technologies for air-ground communication operations.,skill/competence,occupation-specific,released,Digital,high,DIG_18eeffee-2879-42e0-b5fe-5739c6883a01
http://data.europa.eu/esco/skill/1973c966-f236-40c9-b2d4-5d71a89019be,DigitalSkill,use spreadsheets software,"Use software tools to create and edit tabular data to carry out mathematical calculations, organise data and information, create diagrams based on data and to retrieve them.",skill/competence,cross-sector,released,Digital,high,DIG_1973c966-f236-40c9-b2d4-5d71a89019be
http://data.europa.eu/esco/skill/19a8293b-8e95-4de3-983f-77484079c389,DigitalSkill,Java (computer programming),"The techniques and principles of software development, such as analysis, algorithms, coding, testing and compiling of programming paradigms in Java.",knowledge,sector-specific,released,Digital,high,DIG_19a8293b-8e95-4de3-983f-77484079c389
http://data.europa.eu/esco/skill/19c0e68e-6e6c-4698-85dc-ef66a9de2c37,DigitalSkill,maintain information network hardware,"Assess the functionality and identify faults in the infrastructure of an information network, perform routine maintenance tasks which prevent failure and repair tasks in order to ensure permanent availability to system users.",skill/competence,cross-sector,released,Digital,high,DIG_19c0e68e-6e6c-4698-85dc-ef66a9de2c37
http://data.europa.eu/esco/skill/1a165a9b-2006-49e1-90b8-c0709933b4a3,DigitalSkill,use a complex communication system,Install and operate complex communication systems.,skill/competence,sector-specific,released,Digital,high,DIG_1a165a9b-2006-49e1-90b8-c0709933b4a3
http://data.europa.eu/esco/skill/1a4cc54f-1e53-442b-a6d2-1682dc8ef8f9,DigitalSkill,creatively use digital technologies,Use digital tools and technologies to create knowledge and to innovate processes and products. Engage individually and collectively in cognitive processing to understand and resolve conceptual problems and problem situations in digital environments.,skill/competence,cross-sector,released,Digital,high,DIG_1a4cc54f-1e53-442b-a6d2-1682dc8ef8f9
http://data.europa.eu/esco/skill/1abcc511-ba5a-42e0-8d88-7efb39af4c36,DigitalSkill,operate automatic cutting systems for footwear and leather goods,"Work with the equipment's software. Digitise and mark the leather areas with faults in order to avoid them. Establish nesting and cutting restrictions for each pattern. Pick up, sort, upload patterns, check and complete cutting orders. Adjust the machines and equipment parameters and perform simple procedures for maintenance.",skill/competence,sector-specific,released,Digital,high,DIG_1abcc511-ba5a-42e0-8d88-7efb39af4c36
http://data.europa.eu/esco/skill/1adec82b-e32b-4acc-bd89-e7d61d387161,DigitalSkill,record audio materials,"Record materials such as books, newspapers, and educational materials in audio format. Enhance written texts by adding audio complements or making them otherwise accessible to visually impaired people.",skill/competence,occupation-specific,released,Digital,high,DIG_1adec82b-e32b-4acc-bd89-e7d61d387161
http://data.europa.eu/esco/skill/1b2889c2-154d-4e5f-b7d1-bd1f07df86ab,DigitalSkill,create animated narratives,"Develop animated narrative sequences and story lines, using computer software and hand drawing techniques.",skill/competence,sector-specific,released,Digital,high,DIG_1b2889c2-154d-4e5f-b7d1-bd1f07df86ab
http://data.europa.eu/esco/skill/1b70a55d-b8a4-49fc-96c6-15ab4cff2522,DigitalSkill,use data processing techniques,"Gather, process and analyse relevant data and information, properly store and update data and represent figures and data using charts and statistical diagrams.",skill/competence,cross-sector,released,Digital,high,DIG_1b70a55d-b8a4-49fc-96c6-15ab4cff2522
http://data.europa.eu/esco/skill/1b7c716e-af95-4cda-a42f-6479c8b139f5,DigitalSkill,MDX,The computer language MDX is a query language for retrieval of information from a database and of documents containing the needed information. It is developed by the software company Microsoft.,knowledge,sector-specific,released,Digital,high,DIG_1b7c716e-af95-4cda-a42f-6479c8b139f5
http://data.europa.eu/esco/skill/1bba98a7-92b9-450b-9235-e0c905f8f3c4,DigitalSkill,information architecture,"The methods through which information is generated, structured, stored, maintained, linked, exchanged and used.",knowledge,sector-specific,released,Digital,high,DIG_1bba98a7-92b9-450b-9235-e0c905f8f3c4
http://data.europa.eu/esco/skill/1bc718b6-ed90-4a9d-9fa7-8cec928a4581,DigitalSkill,use creative suite software,Use a creative software suite such as ''Adobe'' to aid in graphic designing.,skill/competence,occupation-specific,released,Digital,high,DIG_1bc718b6-ed90-4a9d-9fa7-8cec928a4581
http://data.europa.eu/esco/skill/1c00bc98-2713-4c62-82c5-6d86f2e6a4cb,DigitalSkill,principles of animation,"The principles of 2D and 3D animation, such as body motion, kinematics, overshoot, anticipation, squash and stretch.",knowledge,sector-specific,released,Digital,high,DIG_1c00bc98-2713-4c62-82c5-6d86f2e6a4cb
http://data.europa.eu/esco/skill/1c2978b8-bb0d-4249-9c23-877571a4dffa,DigitalSkill,cloud security and compliance,"Cloud security and compliance concepts, including shared responsibility model, cloud access management capabilities, and resources for security support.",knowledge,sector-specific,released,Digital,high,DIG_1c2978b8-bb0d-4249-9c23-877571a4dffa
http://data.europa.eu/esco/skill/1c43679a-c6fc-4b42-bb8b-452a34ae9b73,DigitalSkill,use chromatography software,Use the chromatography data system software which collects and analyses the chromatography detectors results.,skill/competence,sector-specific,released,Digital,high,DIG_1c43679a-c6fc-4b42-bb8b-452a34ae9b73
http://data.europa.eu/esco/skill/1c7fbce8-741b-416a-8b34-f9900e0ddd52,DigitalSkill,Shiva (digital game creation systems),"The cross-platform game engine which is a software framework that consists of integrated development environments and specialised design tools, designed for the rapid iteration of user-derived computer games. 
 ",knowledge,sector-specific,released,Digital,high,DIG_1c7fbce8-741b-416a-8b34-f9900e0ddd52
http://data.europa.eu/esco/skill/1c8327dd-9af0-4124-9c4e-0342d90189d4,DigitalSkill,design pharmaceutical manufacturing systems,Design production control systems which involve all processes from pharmaceutical production process to pharmaceutical stocks with the purpose of providing the correct input for the development of pharmaceutica manufacturing plant software packages.,skill/competence,cross-sector,released,Digital,high,DIG_1c8327dd-9af0-4124-9c4e-0342d90189d4
http://data.europa.eu/esco/skill/1c8658c0-8f1e-4bf1-8e81-0a3a6033847e,DigitalSkill,wire security sensors,Draw wires from the correct contact points in a variety of security sensors to the control panel. Make sure the wiring plan of the control panel is clear and effective.,skill/competence,sector-specific,released,Digital,high,DIG_1c8658c0-8f1e-4bf1-8e81-0a3a6033847e
http://data.europa.eu/esco/skill/1ce4cddd-4a74-458e-a2d4-152ca939475a,DigitalSkill,OWASP ZAP,"The integrated testing tool OWASP Zed Attack Proxy (ZAP) is a specialised tool which tests web applications security weaknesses, replying on an automated scanner and a REST API.",knowledge,sector-specific,released,Digital,high,DIG_1ce4cddd-4a74-458e-a2d4-152ca939475a
http://data.europa.eu/esco/skill/1d6c7de4-350e-4868-a47b-333b4b0d9650,DigitalSkill,"evaluate data, information and digital content","Analyse, compare and critically evaluate the credibility and reliability of sources of data, information and digital content. Analyse, interpret and critically evaluate the data, information and digital content.",skill/competence,cross-sector,released,Digital,high,DIG_1d6c7de4-350e-4868-a47b-333b4b0d9650
http://data.europa.eu/esco/skill/1d86f05e-e9cc-40ce-99d8-2b21cc71b16b,DigitalSkill,solution deployment,"The technologies and standards to be used during the installation, deployment and maintenance of software characteristics.",knowledge,sector-specific,released,Digital,high,DIG_1d86f05e-e9cc-40ce-99d8-2b21cc71b16b
http://data.europa.eu/esco/skill/1de3942b-99d8-41e8-9ef0-fbc9e9f6307b,DigitalSkill,Drupal,"The open-source web-based software system written in PHP, used for creating, editing, publishing and archiving blogs, articles, web pages or press releases, which requires a higher level of technical understanding of HTML, CSS and PHP.",knowledge,sector-specific,released,Digital,high,DIG_1de3942b-99d8-41e8-9ef0-fbc9e9f6307b
http://data.europa.eu/esco/skill/1e7ed56a-6d6b-422f-962e-38543d150755,DigitalSkill,manage changes in ICT system,"Plan, realise and monitor system changes and upgrades. Maintain earlier system versions. Revert, if necessary, to a safe older system version.",skill/competence,sector-specific,released,Digital,high,DIG_1e7ed56a-6d6b-422f-962e-38543d150755
http://data.europa.eu/esco/skill/1ebc1454-b6cb-4e45-a96a-17399961ad39,DigitalSkill,manage technical security systems,"Verify the operation of technical security systems such as cameras, badge readers or X-ray machines.",skill/competence,occupation-specific,released,Digital,high,DIG_1ebc1454-b6cb-4e45-a96a-17399961ad39
http://data.europa.eu/esco/skill/1f0fbd17-56b7-45cd-b841-e7d9e2a5a14e,DigitalSkill,identify blockchain innovation opportunities,"Identify blockchain innovation opportunities through the introduction of blockchain-based solutions, within a particular sector, but also across sectors. Understand the consequences of essential blockchain properties such as transparency and security for driving forward innovations.",skill/competence,sector-specific,released,Digital,high,DIG_1f0fbd17-56b7-45cd-b841-e7d9e2a5a14e
http://data.europa.eu/esco/skill/1f1bef0f-2484-4136-a5bf-6ed80346a671,DigitalSkill,solve problems in gambling through digital means,"Use ICT resources, tools and competence in order to solve gambling, betting and lottery problems such as game operation problems.",skill/competence,sector-specific,released,Digital,high,DIG_1f1bef0f-2484-4136-a5bf-6ed80346a671
http://data.europa.eu/esco/skill/1fa420ed-5378-4258-8d7a-9ec274dda927,DigitalSkill,operate control panels,"Use control panels to steer mechanisms, like automatic gates or machines.",skill/competence,occupation-specific,released,Digital,high,DIG_1fa420ed-5378-4258-8d7a-9ec274dda927
http://data.europa.eu/esco/skill/1fc03dc8-0ee0-4876-83ec-86e0bfcb3876,DigitalSkill,crowdfunding,"The process of collecting money via internet to fund a project or a business, using digital strategies to collect small amounts of money from a large group of contributors.",knowledge,cross-sector,released,Digital,high,DIG_1fc03dc8-0ee0-4876-83ec-86e0bfcb3876
http://data.europa.eu/esco/skill/1ffac4ac-fda7-407d-8ed1-ca8f4a8dc146,DigitalSkill,Angular,"The techniques and principles of software development, such as analysis, algorithms, coding, testing and compiling of programming paradigms in Angular.",knowledge,sector-specific,released,Digital,high,DIG_1ffac4ac-fda7-407d-8ed1-ca8f4a8dc146
http://data.europa.eu/esco/skill/206f5738-e91f-4390-84a2-fcb864bc11b1,DigitalSkill,use specialised computer models for weather forecasting,Make short-term and long-term weather forecasts applying physical and mathematical formulae; understand specialised computer modelling applications.,skill/competence,cross-sector,released,Digital,high,DIG_206f5738-e91f-4390-84a2-fcb864bc11b1
http://data.europa.eu/esco/skill/20c6a2ec-ef98-4f95-8a16-c8006d9242ba,DigitalSkill,set up sound equipment,Set up equipment to record sound. Test acoustics and make adjustments.,skill/competence,sector-specific,released,Digital,high,DIG_20c6a2ec-ef98-4f95-8a16-c8006d9242ba
http://data.europa.eu/esco/skill/20c920d4-7ff7-4676-ba61-3f04490d9416,DigitalSkill,keep up with the latest information systems solutions,"Gather the latest information on existing information systems solutions which integrate software and hardware, as well as network components.",skill/competence,sector-specific,released,Digital,high,DIG_20c920d4-7ff7-4676-ba61-3f04490d9416
http://data.europa.eu/esco/skill/20eb4c72-2a50-4a68-acb0-7e0d4559c097,DigitalSkill,set up consumer electronics,"Connect electronic devices, such as TVs, audio and video equipment and cameras, to the electricity network and perform electrical bonding to avoid dangerous potential differences. Test the installation for proper functioning.",skill/competence,occupation-specific,released,Digital,high,DIG_20eb4c72-2a50-4a68-acb0-7e0d4559c097
http://data.europa.eu/esco/skill/211e4a02-69a6-494e-b94a-93741e2a3a0b,DigitalSkill,disassemble mobile devices,"Deconstruct mobile devices in order to analyse faults, perform replacement or recycle parts.",skill/competence,sector-specific,released,Digital,high,DIG_211e4a02-69a6-494e-b94a-93741e2a3a0b
http://data.europa.eu/esco/skill/2164e860-7f20-48bc-b98c-5d9f8a561550,DigitalSkill,design computer network,"Develop and plan ICT networks, such as wide area network and local area network, that connect computers using cable or wireless connections and allow them to exchange data and assess their capacity requirements.",skill/competence,sector-specific,released,Digital,high,DIG_2164e860-7f20-48bc-b98c-5d9f8a561550
http://data.europa.eu/esco/skill/216e5ea6-c683-4945-9f96-03483dc56d9f,DigitalSkill,repair lockable devices,"Provide repairing and troubleshooting services for automatic door openers, door closing devices and other access control systems, in compliance with specifications.",skill/competence,occupation-specific,released,Digital,high,DIG_216e5ea6-c683-4945-9f96-03483dc56d9f
http://data.europa.eu/esco/skill/2174c1b0-e13c-4850-8e4d-2bc6183018bf,DigitalSkill,cryptocurrency,"Digital and encrypted currency or medium of exchange with decentralized network grounded on blockchain technology, since the value of the cryptocurrency is not managed or maintained by central authorities, as is the case with the Euro.",knowledge,sector-specific,released,Digital,high,DIG_2174c1b0-e13c-4850-8e4d-2bc6183018bf
http://data.europa.eu/esco/skill/2180bd8c-86de-4889-8165-adac902eee9d,DigitalSkill,embedded systems,"The computer systems and components with a specialised and autonomous function within a larger system or machine such as embedded systems software architectures, embedded peripherals, design principles and development tools.",knowledge,sector-specific,released,Digital,high,DIG_2180bd8c-86de-4889-8165-adac902eee9d
http://data.europa.eu/esco/skill/219dd03d-4168-416a-be40-f4becca55130,DigitalSkill,Engrade,"The computer program Engrade is a e-learning platform for creating, administrating, arranging, reporting and delivering e-learning education courses or training programs.",knowledge,sector-specific,released,Digital,high,DIG_219dd03d-4168-416a-be40-f4becca55130
http://data.europa.eu/esco/skill/21d2f96d-35f7-4e3f-9745-c533d2dd6e97,DigitalSkill,computer programming,"The techniques and principles of software development, such as analysis, algorithms, coding, testing and compiling of programming paradigms (e.g. object oriented programming, functional programming) and of programming languages.",knowledge,cross-sector,released,Digital,high,DIG_21d2f96d-35f7-4e3f-9745-c533d2dd6e97
http://data.europa.eu/esco/skill/21dd999b-c5cc-4cec-8a9f-33f07079c12e,DigitalSkill,broadcast equipment,"The use and operation of broadcast equipment such as broadcast consoles, routers, microphones, dual compressors, and other machinery.",knowledge,sector-specific,released,Digital,high,DIG_21dd999b-c5cc-4cec-8a9f-33f07079c12e
http://data.europa.eu/esco/skill/22225017-a02e-4171-8775-64c3adc87512,DigitalSkill,automatic meter reading,"Mobile, network and handheld technologies used to automatically acquire data on energy and water consumption, and forward them to the central database for sending invoices or performing analysis.",knowledge,cross-sector,released,Digital,high,DIG_22225017-a02e-4171-8775-64c3adc87512
http://data.europa.eu/esco/skill/224423a6-ac6a-4b3e-be7c-e38b41f82116,DigitalSkill,use water navigation devices,"Utilise water navigation devices, e.g. compass or sextant, or navigational aids such as lighthouses or buoys, radar, satellite, and computer systems, in order to navigate vessels on waterways. Work with recent charts/maps, notices, and publications in order to determine the precise position of a vessel.",skill/competence,sector-specific,released,Digital,high,DIG_224423a6-ac6a-4b3e-be7c-e38b41f82116
http://data.europa.eu/esco/skill/234aeb8d-56c3-4531-9193-1c5e6a8d16cb,DigitalSkill,use presentation software,"Use software tools to create digital presentations which combine various elements, such as graphs, images, text and other multimedia.",skill/competence,cross-sector,released,Digital,high,DIG_234aeb8d-56c3-4531-9193-1c5e6a8d16cb
http://data.europa.eu/esco/skill/238343b1-7b51-42b3-a9ed-cf24d3a236e7,DigitalSkill,identify digital competence gaps,Understand where one’s own digital competence needs to be improved or updated. Be able to support others with their digital competence development. Seek opportunities for self-development and keep up-to-date with the digital evolution.,skill/competence,cross-sector,released,Digital,high,DIG_238343b1-7b51-42b3-a9ed-cf24d3a236e7
http://data.europa.eu/esco/skill/23900e3d-06fa-424c-a5dc-c0ea42edde1e,DigitalSkill,Oracle Warehouse Builder,"The computer program Oracle Warehouse Builder is a tool for integration of information from multiple applications, created and maintained by organisations, into one consistent and transparent data structure, developed by the software company Oracle.",knowledge,sector-specific,released,Digital,high,DIG_23900e3d-06fa-424c-a5dc-c0ea42edde1e
http://data.europa.eu/esco/skill/23b45aa6-a479-486d-9e6f-062cbab7c68a,DigitalSkill,interfacing techniques,The techniques that relate to interfaces between models and components.,knowledge,sector-specific,released,Digital,high,DIG_23b45aa6-a479-486d-9e6f-062cbab7c68a
http://data.europa.eu/esco/skill/23df3447-f59e-45a4-86da-78e38d07c808,DigitalSkill,music and video industry,Players and products available on the market in the video and music industry.,knowledge,cross-sector,released,Digital,high,DIG_23df3447-f59e-45a4-86da-78e38d07c808
http://data.europa.eu/esco/skill/2450c3b3-e78e-435b-b84d-e05d984e71dc,DigitalSkill,software architecture models,"The set of structures and models needed to understand or describe the software system, including the software elements, the relations between them and the properties of both elements and relations.",knowledge,sector-specific,released,Digital,high,DIG_2450c3b3-e78e-435b-b84d-e05d984e71dc
http://data.europa.eu/esco/skill/24c200e5-be20-4370-a137-ab53797f3a17,DigitalSkill,software frameworks,The software development environments or tools used to improve the efficiency of new software development by providing specific features that support and guide the development.,knowledge,sector-specific,released,Digital,high,DIG_24c200e5-be20-4370-a137-ab53797f3a17
http://data.europa.eu/esco/skill/251b5528-693c-4ef9-a7f6-9924bb8d7ef8,DigitalSkill,decentralized application frameworks,"The different software frameworks, and their characteristics, advantages and disadvantages, that allow the development of decentralized applications on blockchain infrastructure. Examples are truffle, embark, epirus, openzeppelin, etc.",knowledge,sector-specific,released,Digital,high,DIG_251b5528-693c-4ef9-a7f6-9924bb8d7ef8
http://data.europa.eu/esco/skill/2522a6ce-3202-4ac8-9f5b-b9cb5a3a83a1,DigitalSkill,debug software,"Repair computer code by analysing testing results, locating the defects causing the software to output an incorrect or unexpected result and remove these faults.",skill/competence,sector-specific,released,Digital,high,DIG_2522a6ce-3202-4ac8-9f5b-b9cb5a3a83a1
http://data.europa.eu/esco/skill/2579f843-87e8-4a9f-83ce-1284b2218b56,DigitalSkill,manage aeronautical information management services,"Undertake complex tasks and perform medium and high level database, desktop and GIS-related activities in order to develop quality aeronautical data sets and publications.",skill/competence,sector-specific,released,Digital,high,DIG_2579f843-87e8-4a9f-83ce-1284b2218b56
http://data.europa.eu/esco/skill/258d3de5-60fd-4336-aa7e-7700b64f5ed5,DigitalSkill,motion capture,The process and techniques for capturing the movement of human actors in order to create and animate digital characters that look and move as humanly as possible.,knowledge,sector-specific,released,Digital,high,DIG_258d3de5-60fd-4336-aa7e-7700b64f5ed5
http://data.europa.eu/esco/skill/25b291b5-8245-4d9d-b391-86a8a31d7109,DigitalSkill,use concurrent programming,"Utilise specialised ICT tools to create programs that can execute concurrent operations by splitting programs into parallel processes and, once computed, combining the outcomes together.",skill/competence,sector-specific,released,Digital,high,DIG_25b291b5-8245-4d9d-b391-86a8a31d7109
http://data.europa.eu/esco/skill/25df422a-bf0a-4f76-8631-d0be91cb8751,DigitalSkill,model based system engineering,"Model-based systems engineering (MBSE) is a methodology for systems engineering that uses visual modelling as the primary means of communicating information. It is focused on creating and exploiting domain models as the primary means of information exchange between engineers and engineering technicians, rather than on document-based information exchange. Therefore, it eliminates the communication of unnecessary information by relying on abstract models that retain only the relevant data.",knowledge,cross-sector,released,Digital,high,DIG_25df422a-bf0a-4f76-8631-d0be91cb8751
http://data.europa.eu/esco/skill/25ee43a8-f9b0-4990-96cf-eabe627ff0cc,DigitalSkill,use rental management software,"Use rental management software to monitor aspects of the business such as finances, rentals, and bills.",skill/competence,occupation-specific,released,Digital,high,DIG_25ee43a8-f9b0-4990-96cf-eabe627ff0cc
http://data.europa.eu/esco/skill/25f0ea33-b4a2-4f31-b7b4-7d20e827b180,DigitalSkill,data mining,"The methods of artificial intelligence, machine learning, statistics and databases used to extract content from a dataset.",knowledge,sector-specific,released,Digital,high,DIG_25f0ea33-b4a2-4f31-b7b4-7d20e827b180
http://data.europa.eu/esco/skill/2672f6a9-1e70-43c5-859d-e6a0fc9ea0f1,DigitalSkill,aircraft flight control systems,"The setting, features and operation of aircraft flight control systems such as flight control surfaces, cockpit controls, connections, and operating mechanisms required to control the flight direction of an aircraft. ",knowledge,sector-specific,released,Digital,high,DIG_2672f6a9-1e70-43c5-859d-e6a0fc9ea0f1
http://data.europa.eu/esco/skill/26ca7ed6-80a7-47e3-92f5-6e6016adeb95,DigitalSkill,set colour profiles,Maintain consistent colour output in digital colour and inkjet printers by running calibration routines and making sure that the colour profiles for the printers are still accurate.,skill/competence,sector-specific,released,Digital,high,DIG_26ca7ed6-80a7-47e3-92f5-6e6016adeb95
http://data.europa.eu/esco/skill/26fa7a33-a426-4cd5-9792-33bf668612e1,DigitalSkill,LESS,"The computer language LESS is a style sheet language that conveys the presentation of structured documents. These documents have to adhere to style sheets, a set of stylistic rules such as font, color and layout.",knowledge,sector-specific,released,Digital,high,DIG_26fa7a33-a426-4cd5-9792-33bf668612e1
http://data.europa.eu/esco/skill/27065048-bca8-4b0a-891a-b192b9ceadfd,DigitalSkill,CAM software,"Different tools for computer-aided manufacturing (CAM) to control machinery and machine tools in the creation, modification, analysis, or optimisation as part of the manufacturing processes of workpieces.",knowledge,sector-specific,released,Digital,high,DIG_27065048-bca8-4b0a-891a-b192b9ceadfd
http://data.europa.eu/esco/skill/27ad6528-0914-4049-87c0-2f05791d0e2e,DigitalSkill,design a domotic system in buildings,"Design a complete domotic system for buildings, taking into account every chosen component. Make a weighting and balancing between which components and systems should be included in domotics and which are less useful to include, in relation to energy saving.",skill/competence,sector-specific,released,Digital,high,DIG_27ad6528-0914-4049-87c0-2f05791d0e2e
http://data.europa.eu/esco/skill/27aedf16-e2e9-419d-9ad8-1c3100e0e941,DigitalSkill,supervise video and motion picture editing team,Supervise multimedia artists and other members of the video and motion picture editing team to make sure editing is done on time and according to the creative vision of the production team.,skill/competence,sector-specific,released,Digital,high,DIG_27aedf16-e2e9-419d-9ad8-1c3100e0e941
http://data.europa.eu/esco/skill/27b913f0-3c52-448b-ad27-fc6ef08fb326,DigitalSkill,Adobe Illustrator,The computer program Adobe Illustrator CC is a graphical ICT tool which enables digital editing and composition of graphics to generate both 2D raster or 2D vector graphics. It is developed by the software company Adobe.,knowledge,sector-specific,released,Digital,high,DIG_27b913f0-3c52-448b-ad27-fc6ef08fb326
http://data.europa.eu/esco/skill/27ddcef9-8522-4699-b0e6-2e2b10fd6d13,DigitalSkill,create a crowdfunding campaign,"Setup a digital fundraising activity for a project, using crowdfunding platforms. This involves creating a profile on a crowdfunding platform, creating compelling videos about the project, pitching the objectives of the campaign, monitoring the budget, following-up with donors, using social media, etc.",skill/competence,cross-sector,released,Digital,high,DIG_27ddcef9-8522-4699-b0e6-2e2b10fd6d13
http://data.europa.eu/esco/skill/2857540c-180b-4208-9127-e94a01871966,DigitalSkill,align software with system architectures,Put system design and technical specifications in line with software architecture in order to ensure the integration and interoperability between components of the system.,skill/competence,sector-specific,released,Digital,high,DIG_2857540c-180b-4208-9127-e94a01871966
http://data.europa.eu/esco/skill/2879e8f6-037a-49ed-ba73-6f7d7766223e,DigitalSkill,food waste monitoring systems,"The characteristics, benefits and ways of using digital tools to collect, monitor and evaluate data on food waste in an organisation or hospitality establishment.",knowledge,sector-specific,released,Digital,high,DIG_2879e8f6-037a-49ed-ba73-6f7d7766223e
http://data.europa.eu/esco/skill/2891f0dc-4426-4a9a-8fbb-db4fb0a66f91,DigitalSkill,Nessus,"The computer program Nessus is a specialised ICT tool which tests security weaknesses of the system for potentially unauthorised access to system information, developed by the software company Tenable Network Security.",knowledge,sector-specific,released,Digital,high,DIG_2891f0dc-4426-4a9a-8fbb-db4fb0a66f91
http://data.europa.eu/esco/skill/28a0fe16-4e03-4d5e-8f0e-5198309e77a9,DigitalSkill,perform forensic preservations of digital devices,"Preserve integrity of ICT devices, such as laptops, desktops and other digital media, by storing them physically and using software such as PTK Forensics and EnCase to retrieve, store and trace digital information in a legal manner so that they can be used as evidence at an appropriate time.",skill/competence,occupation-specific,released,Digital,high,DIG_28a0fe16-4e03-4d5e-8f0e-5198309e77a9
http://data.europa.eu/esco/skill/28b7d7fb-0483-4877-9aaa-f990f10f16f5,DigitalSkill,operate voice picking systems,Operate voice pick systems applying various picking methods; work using verbal instructions and prompts via headphones and a microphone.,skill/competence,sector-specific,released,Digital,high,DIG_28b7d7fb-0483-4877-9aaa-f990f10f16f5
http://data.europa.eu/esco/skill/28eb4689-3ba4-47a1-96b0-34a60751ea17,DigitalSkill,design infrastructure for surface mines,Assist with the design of mine infrastructure using specialised computer software and data calculations.,skill/competence,occupation-specific,released,Digital,high,DIG_28eb4689-3ba4-47a1-96b0-34a60751ea17
http://data.europa.eu/esco/skill/2962214b-cc38-4d20-aa8b-aa120091d743,DigitalSkill,prepare exhibition marketing plan,"Develop marketing plan for upcoming exhibition; design and distribute posters, flyers and catalogues; communicate ideas with photographers, graphic designers and printers; prepare articles for online and printed media; keep website and social media up-to-date.",skill/competence,cross-sector,released,Digital,high,DIG_2962214b-cc38-4d20-aa8b-aa120091d743
http://data.europa.eu/esco/skill/296f6b56-de45-4aac-aa96-43e4a4864724,DigitalSkill,blockchain architecture,The design structure of a peer-to-peer network of computers that functions as backend for systems and applications The network is constructed as a virtual machine without a central system that manages interactions among the nodes.,knowledge,sector-specific,released,Digital,high,DIG_296f6b56-de45-4aac-aa96-43e4a4864724
http://data.europa.eu/esco/skill/2973b3bc-5893-4b3d-8953-22ef677a162f,DigitalSkill,cutting technologies,"The variety of cutting technologies, such as software or mechanics, guiding cutting processes through lasering, sawing, milling etc.",knowledge,cross-sector,released,Digital,high,DIG_2973b3bc-5893-4b3d-8953-22ef677a162f
http://data.europa.eu/esco/skill/29fb0fb5-dfc4-4098-ac9b-3a712000f48f,DigitalSkill,manage database,"Apply database design schemes and models, define data dependencies, use query languages and database management systems (DBMS) to develop and manage databases.",skill/competence,cross-sector,released,Digital,high,DIG_29fb0fb5-dfc4-4098-ac9b-3a712000f48f
http://data.europa.eu/esco/skill/2a051ae0-e42e-4733-8bb2-de24c4d5e3b8,DigitalSkill,report live online,"'Live' online reporting or real-time blogging when covering important events-a growing area of work, especially on national newspapers.",skill/competence,sector-specific,released,Digital,high,DIG_2a051ae0-e42e-4733-8bb2-de24c4d5e3b8
http://data.europa.eu/esco/skill/2a3a96a3-709e-4d60-81f6-d247d6933f13,DigitalSkill,manage system security,Analyse the critical assets of a company and identify weaknesses and vulnerabilities that lead to intrusion or attack. Apply security detection techniques. Understand cyber attack techniques and implement effective countermeasures.,skill/competence,sector-specific,released,Digital,high,DIG_2a3a96a3-709e-4d60-81f6-d247d6933f13
http://data.europa.eu/esco/skill/2a69d6a0-b90f-4d50-bef8-a05d6704575d,DigitalSkill,use media software,"Use mainly visual programming software such as sound, lighting, image, capturing, motion control, UV mapping, augmented reality, virtual reality, or 3D projecting software. This software could be used for example in performing art and event applications.",skill/competence,occupation-specific,released,Digital,high,DIG_2a69d6a0-b90f-4d50-bef8-a05d6704575d
http://data.europa.eu/esco/skill/2af29864-c941-40a5-ae7b-2b6c4b92c0d7,DigitalSkill,speech recognition,The development in the computing field where voice can be recognised by machines and present the results of the spoken fragment or command.,knowledge,sector-specific,released,Digital,high,DIG_2af29864-c941-40a5-ae7b-2b6c4b92c0d7
http://data.europa.eu/esco/skill/2afb2b59-c9a3-4cf3-b1dd-1a2fad51e583,DigitalSkill,3D printing process,The process of reproducing 3D objects by using 3D printing technologies.,knowledge,sector-specific,released,Digital,high,DIG_2afb2b59-c9a3-4cf3-b1dd-1a2fad51e583
http://data.europa.eu/esco/skill/2b24cbb7-f94e-43c1-8377-138f80ad5c19,DigitalSkill,develop translation memory software,Develop and improve translation memory software for retrieving equivalent target texts in existing databases when translating from one language to another.,skill/competence,sector-specific,released,Digital,high,DIG_2b24cbb7-f94e-43c1-8377-138f80ad5c19
http://data.europa.eu/esco/skill/2b285a57-4add-453e-af5d-3d986a65c8fe,DigitalSkill,use computer telephony integration,Utilise technology that allows interaction between telephone and computer in order to enable call services directly within a desktop environment.,skill/competence,sector-specific,released,Digital,high,DIG_2b285a57-4add-453e-af5d-3d986a65c8fe
http://data.europa.eu/esco/skill/2b34764d-637c-48f5-aa70-31e15c965db6,DigitalSkill,operate open source software,"Operate Open Source software, knowing the main Open Source models, licensing schemes, and the coding practices commonly adopted in the production of Open Source software.
",skill/competence,sector-specific,released,Digital,high,DIG_2b34764d-637c-48f5-aa70-31e15c965db6
http://data.europa.eu/esco/skill/2b34a99f-9813-4c91-9509-b6b9b8c3132e,DigitalSkill,collaborate through digital technologies,"Use digital tools and technologies for collaborative processes, and for co-construction and co-creation of resources and knowledge.",skill/competence,cross-sector,released,Digital,high,DIG_2b34a99f-9813-4c91-9509-b6b9b8c3132e
http://data.europa.eu/esco/skill/2b544b2c-f22d-40e6-8578-3cb65554643a,DigitalSkill,electronic locks,"Locking devices that use electric current to operate. Electronic locks use motors, solenoids, or magnets to actuate the lock. Often, electronic locks have an access control system and require authentication, such as passwords, fingerprints or chip cards.",knowledge,occupation-specific,released,Digital,high,DIG_2b544b2c-f22d-40e6-8578-3cb65554643a
http://data.europa.eu/esco/skill/2b6bc32d-c60d-435b-931f-79bd3404f8b9,DigitalSkill,use capturing systems for live performance,"Use equipment and software to track movement and other physical phenomena by image analysis, encoders or sensors to generate control signals for performing art and event applications.",skill/competence,occupation-specific,released,Digital,high,DIG_2b6bc32d-c60d-435b-931f-79bd3404f8b9
http://data.europa.eu/esco/skill/2b7a79e5-84d8-4880-be66-3d9bb05bea17,DigitalSkill,use software design patterns,"Utilise reusable solutions, formalised best practices, to solve common ICT development tasks in software development and design.",skill/competence,sector-specific,released,Digital,high,DIG_2b7a79e5-84d8-4880-be66-3d9bb05bea17
http://data.europa.eu/esco/skill/2b834a98-14ff-47e1-8aef-cf8ffae912fa,DigitalSkill,collect mapping data,Collect and conserve mapping resources and mapping data.,skill/competence,cross-sector,released,Digital,high,DIG_2b834a98-14ff-47e1-8aef-cf8ffae912fa
http://data.europa.eu/esco/skill/2b92a5b2-6758-4ee3-9fb4-b6387a55cc8f,DigitalSkill,perform data analysis,"Collect data and statistics to test and evaluate in order to generate assertions and pattern predictions, with the aim of discovering useful information in a decision-making process.",skill/competence,cross-sector,released,Digital,high,DIG_2b92a5b2-6758-4ee3-9fb4-b6387a55cc8f
http://data.europa.eu/esco/skill/2bde42ae-e776-41c1-9ded-b07b30bfe985,DigitalSkill,Prolog (computer programming),"The techniques and principles of software development, such as analysis, algorithms, coding, testing and compiling of programming paradigms in Prolog.",knowledge,sector-specific,released,Digital,high,DIG_2bde42ae-e776-41c1-9ded-b07b30bfe985
http://data.europa.eu/esco/skill/2c28fc20-8a60-4311-8899-5ef8729c05b3,DigitalSkill,design process,"Identify the workflow and resource requirements for a particular process, using a variety of tools such as process simulation software, flowcharting and scale models.",skill/competence,cross-sector,released,Digital,high,DIG_2c28fc20-8a60-4311-8899-5ef8729c05b3
http://data.europa.eu/esco/skill/2c4e11ef-da18-4e19-816b-e6bc19e12424,DigitalSkill,use logic programming,"Utilise specialised ICT tools to create computer code composed of series of sentences in logical form, expressing rules and facts about some problem domain. Use programming languages which support this method such as Prolog, Answer Set Programming and Datalog.",skill/competence,sector-specific,released,Digital,high,DIG_2c4e11ef-da18-4e19-816b-e6bc19e12424
http://data.europa.eu/esco/skill/2d6d4784-0992-48e7-b100-22d7229b3f0a,DigitalSkill,translate requirements into visual design,"Develop visual design from given specifications and requirements, based on the analysis of the scope and target audience. Create a visual representation of ideas such as logos, website graphics, digital games and layouts.",skill/competence,cross-sector,released,Digital,high,DIG_2d6d4784-0992-48e7-b100-22d7229b3f0a
http://data.europa.eu/esco/skill/2daec0e6-f0c1-43e8-8178-aedba99130ec,DigitalSkill,establish data processes,"Use ICT tools to apply mathematical, algorithmic or other data manipulation processes in order to create information.",skill/competence,sector-specific,released,Digital,high,DIG_2daec0e6-f0c1-43e8-8178-aedba99130ec
http://data.europa.eu/esco/skill/2ddb1226-1117-4eb4-ae65-3a2f5a5a3c80,DigitalSkill,ICT network security risks,"The security risk factors, such as hardware and software components, devices, interfaces and policies in ICT networks, risk assessment techniques that can be applied to assess the severity and the consequences of security threats and contingency plans for each security risk factor.",knowledge,sector-specific,released,Digital,high,DIG_2ddb1226-1117-4eb4-ae65-3a2f5a5a3c80
http://data.europa.eu/esco/skill/2e1888d8-97f7-4c91-8874-e2ef0e47f94f,DigitalSkill,create digital files,Create digital files in the computer system after quality checking printing or scanned documents for malfunctions.,skill/competence,sector-specific,released,Digital,high,DIG_2e1888d8-97f7-4c91-8874-e2ef0e47f94f
http://data.europa.eu/esco/skill/2eae92cf-5f21-43e7-aa41-ab65b00c1b92,DigitalSkill,operate tote board,"Operate a tote board, either manually or using software such as Autotote.",skill/competence,occupation-specific,released,Digital,high,DIG_2eae92cf-5f21-43e7-aa41-ab65b00c1b92
http://data.europa.eu/esco/skill/2ef6bebc-2133-47df-b26a-f38f51b0f867,DigitalSkill,computer history,The history of computer development framed in a digitising society.,knowledge,sector-specific,released,Digital,high,DIG_2ef6bebc-2133-47df-b26a-f38f51b0f867
http://data.europa.eu/esco/skill/2f04bb71-d476-43b3-a60b-5df1d05f5681,DigitalSkill,Octopus Deploy,The tool Octopus Deploy is a software program used to automate ASP.NET applications deployment to local or on the cloud servers.,knowledge,sector-specific,released,Digital,high,DIG_2f04bb71-d476-43b3-a60b-5df1d05f5681
http://data.europa.eu/esco/skill/2f05d09d-7e91-423c-9210-19da0b0e34c6,DigitalSkill,maintain irrigation controllers,"Maintain and program different types of irrigation controllers including mechanical, solar battery, digital and computer controlled systems. Maintain procedures for safe re-use of water, render efficient the irrigation systems and keep water bodies in good status.",skill/competence,sector-specific,released,Digital,high,DIG_2f05d09d-7e91-423c-9210-19da0b0e34c6
http://data.europa.eu/esco/skill/2f6e5619-2478-475f-a414-ec05c2b72795,DigitalSkill,operate port communications systems,"Operate telephone and radio systems, and more complex communication systems used in inland waterway ports, in the coordination of port operations.",skill/competence,sector-specific,released,Digital,high,DIG_2f6e5619-2478-475f-a414-ec05c2b72795
http://data.europa.eu/esco/skill/2f954283-4642-409a-8e9b-d6ae0a11b358,DigitalSkill,use meteorological tools to forecast meteorological conditions,"Use meteorological data and tools such as weather facsimile machines, weather charts and computer terminals, to anticipate weather conditions.",skill/competence,sector-specific,released,Digital,high,DIG_2f954283-4642-409a-8e9b-d6ae0a11b358
http://data.europa.eu/esco/skill/300d432b-f457-4cd3-9cb1-1858c7d14954,DigitalSkill,OpenEdge Advanced Business Language,"The techniques and principles of software development, such as analysis, algorithms, coding, testing and compiling of programming paradigms in OpenEdge Advanced Business Language.",knowledge,sector-specific,released,Digital,high,DIG_300d432b-f457-4cd3-9cb1-1858c7d14954
http://data.europa.eu/esco/skill/3093881b-74f6-48e1-820e-50831b0d0775,DigitalSkill,conduct video telemetry,"Record brainwaves for several days, combined with video images from a camera, in order to help decide if epilepsy surgery is feasible.",skill/competence,sector-specific,released,Digital,high,DIG_3093881b-74f6-48e1-820e-50831b0d0775
http://data.europa.eu/esco/skill/30d926ba-1615-417c-a799-e24a3ea239b9,DigitalSkill,operate two-way radio systems,Use radios that can receive and transmit sound signals in order to communicate with similar radios on the same frequency such as mobile phones and walkie talkies.,skill/competence,sector-specific,released,Digital,high,DIG_30d926ba-1615-417c-a799-e24a3ea239b9
http://data.europa.eu/esco/skill/3140d979-2d6a-4c10-add9-f7091103829f,DigitalSkill,create concept of digital game,"Develop and communicate every aspect of overall game vision. Communicate and collaborate with technical crew, artistic and design teams to implement the game vision.",skill/competence,occupation-specific,released,Digital,high,DIG_3140d979-2d6a-4c10-add9-f7091103829f
http://data.europa.eu/esco/skill/31587950-8b69-4a15-91c2-74dae22d38a4,DigitalSkill,support audio system installation,Support the on-site installation efforts of the team. Troubleshoot and debug audio systems.,skill/competence,sector-specific,released,Digital,high,DIG_31587950-8b69-4a15-91c2-74dae22d38a4
http://data.europa.eu/esco/skill/31d35d3d-2bf2-49aa-9c20-92566ef80277,DigitalSkill,use ICT systems,Select and use ICT systems for a variety of complex tasks in order to meet a variety of needs.,skill/competence,cross-sector,released,Digital,high,DIG_31d35d3d-2bf2-49aa-9c20-92566ef80277
http://data.europa.eu/esco/skill/31f53419-4bce-4b10-986a-70a9c7ac41a3,DigitalSkill,micro mobility devices,"The different types of small lightweight vehicles for personal use such as shared bicycles, e-bicycles, e-scooters, electric skateboards.",knowledge,sector-specific,released,Digital,high,DIG_31f53419-4bce-4b10-986a-70a9c7ac41a3
http://data.europa.eu/esco/skill/3233330f-bb93-47ea-93b4-ed903d05d9f1,DigitalSkill,set up multimedia equipment,"Set up and test the multimedia and related systems and technology, according to their specifications.",skill/competence,occupation-specific,released,Digital,high,DIG_3233330f-bb93-47ea-93b4-ed903d05d9f1
http://data.europa.eu/esco/skill/32428b21-514b-42c2-81b5-244a7804ea74,DigitalSkill,procurement of ICT network equipment,The products available from network equipment providers and methods for selecting and procuring the equipment.,knowledge,sector-specific,released,Digital,high,DIG_32428b21-514b-42c2-81b5-244a7804ea74
http://data.europa.eu/esco/skill/32a2c63d-2d13-4784-abb8-678ef2cd8a46,DigitalSkill,machine translation,The computing field that researches the use of software for translating text or speech from one language to another.,knowledge,sector-specific,released,Digital,high,DIG_32a2c63d-2d13-4784-abb8-678ef2cd8a46
http://data.europa.eu/esco/skill/3325729c-96db-4217-a9ca-4564cc1f909b,DigitalSkill,use polygonal modelling,Represent 3D models by using line segments to connect vertices in order to create polygonal mesh on surfaces.,skill/competence,occupation-specific,released,Digital,high,DIG_3325729c-96db-4217-a9ca-4564cc1f909b
http://data.europa.eu/esco/skill/33841903-78d8-4273-950d-755248290c2d,DigitalSkill,carry out research on ground systems,"Conduct research on ground systems and hardware; research the fields of encryption, networking, and mass storage.",skill/competence,occupation-specific,released,Digital,high,DIG_33841903-78d8-4273-950d-755248290c2d
http://data.europa.eu/esco/skill/33a82b83-c838-4889-ae62-fae1317481eb,DigitalSkill,protect personal data and privacy,Protect personal data and privacy in digital environments. Understand how to use and share personally identifiable information while being able to protect oneself and others from damages. Understand that digital services use a “Privacy policy” to inform how personal data is used.,skill/competence,cross-sector,released,Digital,high,DIG_33a82b83-c838-4889-ae62-fae1317481eb
http://data.europa.eu/esco/skill/33b55d3a-81f5-45cb-af40-06cd54db78e1,DigitalSkill,output electronic files,"Load customer supplied electronic files onto the prepress file server, whilst checking them for completeness and potential problems. Communicate eventual problems with customers and production personnel.",skill/competence,sector-specific,released,Digital,high,DIG_33b55d3a-81f5-45cb-af40-06cd54db78e1
http://data.europa.eu/esco/skill/33d49d4f-31ec-473f-9b8a-b555aa5116bb,DigitalSkill,Iterative development,The iterative development model is a methodology to design software systems and applications.,knowledge,sector-specific,released,Digital,high,DIG_33d49d4f-31ec-473f-9b8a-b555aa5116bb
http://data.europa.eu/esco/skill/33efa504-2f26-424d-b662-cee77e6e9c93,DigitalSkill,digital identity management,"The process of providing, managing, auditing and securing digital identities to facilitate and enable approved, authentic requests or connections to view company data, services, systems, networks, and assets.",knowledge,sector-specific,released,Digital,high,DIG_33efa504-2f26-424d-b662-cee77e6e9c93
http://data.europa.eu/esco/skill/3413584b-a4e9-4f8d-b836-c9bfee0ed80b,DigitalSkill,process data from railway control rooms,"Interpret data generated in control rooms in railway stations. Utilise gathered information to identify faults in mechanical equipment, schedule changes, and identify delays and incidents that may occur; provide solutions in the event of incidents and mitigate the impact on operations.",skill/competence,sector-specific,released,Digital,high,DIG_3413584b-a4e9-4f8d-b836-c9bfee0ed80b
http://data.europa.eu/esco/skill/348b74cd-49ce-4844-8bdf-ec188b497213,DigitalSkill,visual presentation techniques,"The visual representation and interaction techniques, such as histograms, scatter plots, surface plots, tree maps and parallel coordinate plots, that can be used to present abstract numerical and non-numerical data, in order to reinforce the human understanding of this information.",knowledge,sector-specific,released,Digital,high,DIG_348b74cd-49ce-4844-8bdf-ec188b497213
http://data.europa.eu/esco/skill/34928d4f-16e2-46a7-937a-c46838f550eb,DigitalSkill,pay-per-click,Internet advertising model where an advert is place in a website directing traffic to some other website. The publisher gets paid by every click on the banner.,knowledge,occupation-specific,released,Digital,high,DIG_34928d4f-16e2-46a7-937a-c46838f550eb
http://data.europa.eu/esco/skill/3497ebe1-d417-4105-a68f-f7bbcac7ee5f,DigitalSkill,ICT hardware specifications,"The characteristics, uses and operations of various hardware products such as printers, screens, and laptops.",knowledge,cross-sector,released,Digital,high,DIG_3497ebe1-d417-4105-a68f-f7bbcac7ee5f
http://data.europa.eu/esco/skill/34982b79-842f-4835-8598-d27793731d26,DigitalSkill,manage library users queries,"Search library databases and standard reference materials, including online sources, to help users should they have questions.",skill/competence,occupation-specific,released,Digital,high,DIG_34982b79-842f-4835-8598-d27793731d26
http://data.europa.eu/esco/skill/34bc01ed-dd78-49c7-bcfb-c17bb66688b5,DigitalSkill,test power electronics,"Test power electronics using appropriate equipment. Gather and analyse data on systems and components, such as analogue and digital circuit tolerance, power losses and overall efficiency as electricity works its way through circuits.  Monitor and evaluate system performance and take action if needed.",skill/competence,occupation-specific,released,Digital,high,DIG_34bc01ed-dd78-49c7-bcfb-c17bb66688b5
http://data.europa.eu/esco/skill/3501ac95-4574-4420-92b7-67331e649462,DigitalSkill,manage multi frequency wireless signal distribution,"Manage the set-up of wireless equipment for distribution of wireless control signals for performing art and event applications. Develop frequency plans, configure, test and monitor equipment and measures frequency spectrum. Ensure there is no interference between the different frequencies and channels and industry standard security for these devices.",skill/competence,occupation-specific,released,Digital,high,DIG_3501ac95-4574-4420-92b7-67331e649462
http://data.europa.eu/esco/skill/359b5031-74da-418f-bd97-6f4e66eb9851,DigitalSkill,printing on large scale machines,"Methods, processes, and restrictions related to printing on machines that produce large quantities and sizes of graphic print materials.",knowledge,sector-specific,released,Digital,high,DIG_359b5031-74da-418f-bd97-6f4e66eb9851
http://data.europa.eu/esco/skill/36500a31-3204-45b2-bf75-5cfe06d9cea2,DigitalSkill,use thermal management,"Provide thermal management solutions for product design, system development and electronic devices used to protect high power systems and applications in demanding environments. These can be eventually collaborated with customers or other engineers.",skill/competence,sector-specific,released,Digital,high,DIG_36500a31-3204-45b2-bf75-5cfe06d9cea2
http://data.europa.eu/esco/skill/367c240d-5f34-423a-86b1-866ad27206ea,DigitalSkill,digitise documents,"Load analog documents by converting them into a digital format, using specialised hardware and software.",skill/competence,cross-sector,released,Digital,high,DIG_367c240d-5f34-423a-86b1-866ad27206ea
http://data.europa.eu/esco/skill/3703eac1-8941-4d14-b305-b03f653b08c8,DigitalSkill,create online news content,"Create and upload news content for e.g. websites, blogs and social media.",skill/competence,sector-specific,released,Digital,high,DIG_3703eac1-8941-4d14-b305-b03f653b08c8
http://data.europa.eu/esco/skill/377861af-f966-4c87-a2db-7e99904312b9,DigitalSkill,geographic information systems,"The tools involved in geographical mapping and positioning, such as GPS (global positioning systems), GIS (geographical information systems), and RS (remote sensing).",knowledge,sector-specific,released,Digital,high,DIG_377861af-f966-4c87-a2db-7e99904312b9
http://data.europa.eu/esco/skill/378caeec-10a0-4162-b75c-ab374a42e93d,DigitalSkill,e-procurement,The functioning and methods used to manage electronic purchases.,knowledge,sector-specific,released,Digital,high,DIG_378caeec-10a0-4162-b75c-ab374a42e93d
http://data.europa.eu/esco/skill/37a438f3-e28c-4e32-83c5-299f047c1dc9,DigitalSkill,apply tools for content development,"Use specialised content development tools such as content and terminology management systems, translation memory systems, language checker and editors to generate, compile and transform content according to specified standards.",skill/competence,cross-sector,released,Digital,high,DIG_37a438f3-e28c-4e32-83c5-299f047c1dc9
http://data.europa.eu/esco/skill/382c11ed-20d5-4ae7-b60e-15fec527fa6c,DigitalSkill,apply statistical analysis techniques,"Use models (descriptive or inferential statistics) and techniques (data mining or machine learning) for statistical analysis and ICT tools to analyse data, uncover correlations and forecast trends.",skill/competence,cross-sector,released,Digital,high,DIG_382c11ed-20d5-4ae7-b60e-15fec527fa6c
http://data.europa.eu/esco/skill/38716afc-a93b-44ab-96cc-2ecf67edcf32,DigitalSkill,do cloud refactoring,"Optimise application to best use cloud services and features, migrate existing application code to run on cloud infrastructure.",skill/competence,sector-specific,released,Digital,high,DIG_38716afc-a93b-44ab-96cc-2ecf67edcf32
http://data.europa.eu/esco/skill/38da3c60-4b7c-4698-9256-574e4ee4e93b,DigitalSkill,knowledge base,An online library that contains information about a product or service to help customers finding answers to their queries.,knowledge,cross-sector,released,Digital,high,DIG_38da3c60-4b7c-4698-9256-574e4ee4e93b
http://data.europa.eu/esco/skill/397da142-ab35-48fe-b154-7c38f447adfb,DigitalSkill,digital systems,"Systems to store, process and spread information in digital form. They are hardware, software and networks, as well as the ways in which these can be employed.",knowledge,cross-sector,released,Digital,high,DIG_397da142-ab35-48fe-b154-7c38f447adfb
http://data.europa.eu/esco/skill/398b4b25-fb61-4003-9293-50914d8bfcba,DigitalSkill,run a media server,Set up and run a media server.,skill/competence,cross-sector,released,Digital,high,DIG_398b4b25-fb61-4003-9293-50914d8bfcba
http://data.europa.eu/esco/skill/3a09d732-08b9-4c90-8fd3-34e2d69ce084,DigitalSkill,explain blockchain implications,"Explain the consequences, impact, and implications of using blockchain technology on the business processes they drive, as well as on a larger scale, also including social and ecological aspects.",skill/competence,sector-specific,released,Digital,high,DIG_3a09d732-08b9-4c90-8fd3-34e2d69ce084
http://data.europa.eu/esco/skill/3a2d5b45-56e4-4f5a-a55a-4a4a65afdc43,DigitalSkill,machine learning,"The principles, methods and algorithms of machine learning, a subfield of artificial intelligence. Common machine learning models such as supervised or unsupervised models, semi- supervised models and reinforcement learning models.",knowledge,cross-sector,released,Digital,high,DIG_3a2d5b45-56e4-4f5a-a55a-4a4a65afdc43
http://data.europa.eu/esco/skill/3a33cec3-4b44-471a-8864-5cc8567a8b1f,DigitalSkill,CADD software,The computer-aided design and drafting (CADD) is the use of computer technology for design and design documentation. CAD software replaces manual drafting with an automated process.,knowledge,cross-sector,released,Digital,high,DIG_3a33cec3-4b44-471a-8864-5cc8567a8b1f
http://data.europa.eu/esco/skill/3af687cb-8c7a-46ea-a730-32dbaed040c6,DigitalSkill,Oracle Data Integrator,"The computer program Oracle Data Integrator is a tool for integration of information from multiple applications, created and maintained by organisations, into one consistent and transparent data structure, developed by the software company Oracle.",knowledge,sector-specific,released,Digital,high,DIG_3af687cb-8c7a-46ea-a730-32dbaed040c6
http://data.europa.eu/esco/skill/3bddfd7c-ab6d-40c2-883d-5e97fb7640ba,DigitalSkill,create software design,Transpose a series of requirements into a clear and organised software design.,skill/competence,sector-specific,released,Digital,high,DIG_3bddfd7c-ab6d-40c2-883d-5e97fb7640ba
http://data.europa.eu/esco/skill/3be6b84a-fa78-42b9-a8df-150cdb40b9d7,DigitalSkill,ICT quality policy,"The quality policy of the organisation and its objectives, the acceptable level of quality and the techniques to measure it, its legal aspects and the duties of specific departments to ensure quality.",knowledge,sector-specific,released,Digital,high,DIG_3be6b84a-fa78-42b9-a8df-150cdb40b9d7
http://data.europa.eu/esco/skill/3be79ccc-a455-49b9-8c65-55c50071ba5b,DigitalSkill,distributed ledger technology,"The distributed ledger theories, applied principles, architectures and systems, such as decentralization, consensus mechanisms, smart contracts, trust, etc.",knowledge,sector-specific,released,Digital,high,DIG_3be79ccc-a455-49b9-8c65-55c50071ba5b
http://data.europa.eu/esco/skill/3c134a08-521f-489d-9ff0-d84fcdc963eb,DigitalSkill,create SCORM packages,Develop educational packages for e-learning platforms using the Sharable Content Object Reference Model (SCORM) standard.,skill/competence,sector-specific,released,Digital,high,DIG_3c134a08-521f-489d-9ff0-d84fcdc963eb
http://data.europa.eu/esco/skill/3c1af34b-4562-4c39-a30e-0812b84a147e,DigitalSkill,use specialised design software,Developing new designs mastering specialised software.,skill/competence,cross-sector,released,Digital,high,DIG_3c1af34b-4562-4c39-a30e-0812b84a147e
http://data.europa.eu/esco/skill/3c4c3fa1-d638-42df-8e98-2a38021da6f9,DigitalSkill,use software for data preservation,Utilise specialised applications and software to collect and preserve digital information.,skill/competence,cross-sector,released,Digital,high,DIG_3c4c3fa1-d638-42df-8e98-2a38021da6f9
http://data.europa.eu/esco/skill/3c6fe585-7d12-4315-b579-e30c042088ce,DigitalSkill,use computer-aided engineering systems,Use computer-aided engineering software to conduct stress analyses on engineering designs.,skill/competence,cross-sector,released,Digital,high,DIG_3c6fe585-7d12-4315-b579-e30c042088ce
http://data.europa.eu/esco/skill/3c748b49-fe85-42f6-b62d-b877bc8edb29,DigitalSkill,observe celestial objects,"Study the relative positions and movements of stars and planets, by using and interpreting data provided by specialised software and publications such as ephemeris.",skill/competence,sector-specific,released,Digital,high,DIG_3c748b49-fe85-42f6-b62d-b877bc8edb29
http://data.europa.eu/esco/skill/3c7d58c9-125e-4d8d-9102-b8022c54d0b5,DigitalSkill,operate maritime communication equipment,Operate and maintain maritime communication devices. Conduct periodic inspections of communication equipment.,skill/competence,sector-specific,released,Digital,high,DIG_3c7d58c9-125e-4d8d-9102-b8022c54d0b5
http://data.europa.eu/esco/skill/3cc1ee94-ab2c-4f35-8171-3cf4b5b664e4,DigitalSkill,digital compositing,"The process and software for digitally assembling multiple images to make one, final image.",knowledge,cross-sector,released,Digital,high,DIG_3cc1ee94-ab2c-4f35-8171-3cf4b5b664e4
http://data.europa.eu/esco/skill/3cd569a2-4f88-4c1e-9995-8dce8c5e51a7,DigitalSkill,JavaScript,"The techniques and principles of software development, such as analysis, algorithms, coding, testing and compiling of programming paradigms in JavaScript.",knowledge,sector-specific,released,Digital,high,DIG_3cd569a2-4f88-4c1e-9995-8dce8c5e51a7
http://data.europa.eu/esco/skill/3ce1fe19-7f9e-4070-941d-651673a5693b,DigitalSkill,decision support systems,The ICT systems that can be used to support business or organisational decision making.,knowledge,sector-specific,released,Digital,high,DIG_3ce1fe19-7f9e-4070-941d-651673a5693b
http://data.europa.eu/esco/skill/3cee858e-79e8-4a4b-b99f-93c7f735d58b,DigitalSkill,DB2,"The computer program IBM DB2 is a tool for creating, updating and managing databases, developed by the software company IBM.",knowledge,sector-specific,released,Digital,high,DIG_3cee858e-79e8-4a4b-b99f-93c7f735d58b
http://data.europa.eu/esco/skill/3cfa46e9-b7da-44ac-b09e-9596dffe0425,DigitalSkill,optimise choice of ICT solution,"Select the appropriate solutions in the field of ICT while taking into account potential risks, benefits and overall impact.",skill/competence,sector-specific,released,Digital,high,DIG_3cfa46e9-b7da-44ac-b09e-9596dffe0425
http://data.europa.eu/esco/skill/3d03c40c-1b83-4793-8902-2523f40af59e,DigitalSkill,Microsoft Access,"The computer program Access is a tool for creating, updating and managing databases, developed by the software company Microsoft.",knowledge,sector-specific,released,Digital,high,DIG_3d03c40c-1b83-4793-8902-2523f40af59e
http://data.europa.eu/esco/skill/3d427a49-4f85-42cd-8a92-62d4a34f41a1,DigitalSkill,file documents,Create a filing system. Write a document catalogue. Label documents etc.,skill/competence,sector-specific,released,Digital,high,DIG_3d427a49-4f85-42cd-8a92-62d4a34f41a1
http://data.europa.eu/esco/skill/3d957fb2-b8f4-4b4c-b955-23299c761ad5,DigitalSkill,design web-based courses,"Create web-based training and instruction courses using dynamic and static online tools to deliver learning outcomes to the audience of the course. Web tools used here can include streaming video and audio, live internet broadcasts, information portals, chatrooms and bulletin boards.",skill/competence,cross-sector,released,Digital,high,DIG_3d957fb2-b8f4-4b4c-b955-23299c761ad5
http://data.europa.eu/esco/skill/3dc6fd8e-6ff7-432e-a262-04d487858efb,DigitalSkill,assemble hardware components,"Assemble the necessary hardware components, such as the motherboard, Central Processing Unit (CPU), hard drive, disk drive, power supply unit, RAM, PCI card, mouse, keyboard, cameras and other necessary components to build the computer device. Attach the components manually using screwdrivers or use assembly machines and install the wiring.",skill/competence,cross-sector,released,Digital,high,DIG_3dc6fd8e-6ff7-432e-a262-04d487858efb
http://data.europa.eu/esco/skill/3e23db60-0c3d-498a-a6ac-ffbed0ecb033,DigitalSkill,ICT accessibility standards,"The recommendations for making ICT content and applications more accessible to a wider range of people, mostly with disabilities, such as blindness and low vision, deafness and hearing loss and cognitive limitations. It includes standards such as Web Content Accessibility Guidelines (WCAG).",knowledge,sector-specific,released,Digital,high,DIG_3e23db60-0c3d-498a-a6ac-ffbed0ecb033
http://data.europa.eu/esco/skill/3e2ab38a-4519-4bef-b762-a8bf4836a775,DigitalSkill,perform dimensionality reduction,"Reduce the number of variables or features for a dataset in machine learning algorithms through methods such as principal component analysis, matrix factorization, autoencoder methods, and others.",skill/competence,cross-sector,released,Digital,high,DIG_3e2ab38a-4519-4bef-b762-a8bf4836a775
http://data.europa.eu/esco/skill/3e7516dc-0f7c-4686-8b2f-fade4e5d21be,DigitalSkill,3D texturing,The process of applying a type of surface to a 3D image.,knowledge,sector-specific,released,Digital,high,DIG_3e7516dc-0f7c-4686-8b2f-fade4e5d21be
http://data.europa.eu/esco/skill/3e75d405-c3d1-4a66-9963-05a9397d68fb,DigitalSkill,printed circuit boards testing methods,"Printed circuit board (PCB) testing methods consist of those processes in which PCB components or systems are tested, such as the in-circuit test (ICT), joint test action group (JTAG) test, and automated optical inspection (AOI).",knowledge,cross-sector,released,Digital,high,DIG_3e75d405-c3d1-4a66-9963-05a9397d68fb
http://data.europa.eu/esco/skill/3ec2e4d6-7000-4905-bf1a-c5b1679416de,DigitalSkill,data warehouse,The data storage system that analyses and reports on data such as a data mart.,knowledge,occupation-specific,released,Digital,high,DIG_3ec2e4d6-7000-4905-bf1a-c5b1679416de
http://data.europa.eu/esco/skill/3f4dab51-572b-4e2c-85ef-3b4c3f7094e1,DigitalSkill,XQuery,The computer language XQuery is a query language for retrieval of information from a database and of documents containing the needed information. It is developed by the international standards organisation World Wide Web Consortium.,knowledge,sector-specific,released,Digital,high,DIG_3f4dab51-572b-4e2c-85ef-3b4c3f7094e1
http://data.europa.eu/esco/skill/3fb8b724-1d52-4d11-b8b8-1776f558d1f0,DigitalSkill,design ICT hardware placement,Describe and plan how cables and related hardware items will be placed throughout the building.,skill/competence,occupation-specific,released,Digital,high,DIG_3fb8b724-1d52-4d11-b8b8-1776f558d1f0
http://data.europa.eu/esco/skill/3ff589b7-68df-4ea5-ae41-b395bdb2378f,DigitalSkill,ICT security standards,"Best practices and guidelines established for securing information and communication technology (ICT) systems and data. Standards as is the case of ISO 27000 series, provide a framework for implementing effective security controls, including access control, risk assessment and incident management, as well as to provide compliance of anorganisation.",knowledge,sector-specific,released,Digital,high,DIG_3ff589b7-68df-4ea5-ae41-b395bdb2378f
http://data.europa.eu/esco/skill/40001d93-8937-4859-89d5-2dca53290ff4,DigitalSkill,share through digital technologies,"Share data, information and digital content with others through appropriate digital technologies. Act as an intermediary, know about referencing and attribution practices.",skill/competence,cross-sector,released,Digital,high,DIG_40001d93-8937-4859-89d5-2dca53290ff4
http://data.europa.eu/esco/skill/401eb8d8-6daa-4f8b-90ad-60afc71eb4f8,DigitalSkill,Perl,"The techniques and principles of software development, such as analysis, algorithms, coding, testing and compiling of programming paradigms in Perl.",knowledge,sector-specific,released,Digital,high,DIG_401eb8d8-6daa-4f8b-90ad-60afc71eb4f8
http://data.europa.eu/esco/skill/406117ad-e035-483f-bbd3-9f6c2d95e535,DigitalSkill,provide online help,Provide  support information  to users delivered through an ICT system to give assistance or present information either on a broad range of subjects or for a specific topic or product.,skill/competence,occupation-specific,released,Digital,high,DIG_406117ad-e035-483f-bbd3-9f6c2d95e535
http://data.europa.eu/esco/skill/40802f0d-d400-404c-bc26-f9ba4eb6195a,DigitalSkill,test ground system performance,Develop test strategies for complex software and hardware products; include troubleshooting and system support; calculate system performance.,skill/competence,sector-specific,released,Digital,high,DIG_40802f0d-d400-404c-bc26-f9ba4eb6195a
http://data.europa.eu/esco/skill/4095c6dd-3b00-44d1-9308-878e08737e92,DigitalSkill,create advocacy material,"Design compelling content such as blog posts, messaging or social media campaigns in order to influence political, economic or social decisions.",skill/competence,occupation-specific,released,Digital,high,DIG_4095c6dd-3b00-44d1-9308-878e08737e92
http://data.europa.eu/esco/skill/40c815cd-30a2-42e5-a549-bf9017cb6df3,DigitalSkill,distribute control signals,"Distribute control signals between light boards, dimmers and other lighting equipment. Control systems can be either DMX or network based.",skill/competence,sector-specific,released,Digital,high,DIG_40c815cd-30a2-42e5-a549-bf9017cb6df3
http://data.europa.eu/esco/skill/417d5c34-3261-4e88-a860-d0ac725965bf,DigitalSkill,collect real-time geolocation information,"Use tools, techniques, and procedures to remotely exploit and establish persistence on a target. Provide real-time, actionable geolocation information utilizing target infrastructures. ",skill/competence,sector-specific,released,Digital,high,DIG_417d5c34-3261-4e88-a860-d0ac725965bf
http://data.europa.eu/esco/skill/417eb6b1-9e5b-4b3a-bfd0-85132c9f648d,DigitalSkill,use pipeline video equipment,Handle movable video cameras which visually inspect sewerage systems and pipelines. This camera is attached via a long cable entwined upon a winch. Analyse the footage to see if any repair or maintenance is needed.,skill/competence,sector-specific,released,Digital,high,DIG_417eb6b1-9e5b-4b3a-bfd0-85132c9f648d
http://data.europa.eu/esco/skill/418a56a2-7cfc-4b6d-8cf5-5c2add99a849,DigitalSkill,provide ICT system training,"Plan and conduct training of staff on system and network issues. Utilise training material, evaluate and report on the learning progress of trainees.",skill/competence,sector-specific,released,Digital,high,DIG_418a56a2-7cfc-4b6d-8cf5-5c2add99a849
http://data.europa.eu/esco/skill/41be77d3-d683-4221-a0e4-fff732212402,DigitalSkill,monitor quality of broadcasts,"Monitor strength, clarity, and reliability of incoming and outgoing signals to adjust equipment as necessary to maintain the quality of the broadcast.",skill/competence,occupation-specific,released,Digital,high,DIG_41be77d3-d683-4221-a0e4-fff732212402
http://data.europa.eu/esco/skill/41ec47dd-08b3-464a-9c45-c706f3e74467,DigitalSkill,industrial software,"The selection of software that aids in estimating, managing and scheduling industrial processes such as design, work flow and production improvement.",knowledge,cross-sector,released,Digital,high,DIG_41ec47dd-08b3-464a-9c45-c706f3e74467
http://data.europa.eu/esco/skill/41f2f9bf-1440-49f7-bbb1-2c3c3ea93f76,DigitalSkill,analyse blockchain use cases,"Analyse blockchain use cases in different sectors against their needs in terms of blockchain technology and architecture. Particularly, key blockchain use cases in Business, Finance and Banking such as International Payments, Peer-to-Peer Transactions, Capital Markets, Trade Finance or Regulatory Finance and Audit. ",skill/competence,cross-sector,released,Digital,high,DIG_41f2f9bf-1440-49f7-bbb1-2c3c3ea93f76
http://data.europa.eu/esco/skill/4216e465-7baa-4884-a241-54b197bb9278,DigitalSkill,perform data mining,"Explore large datasets to reveal patterns using statistics, database systems or artificial intelligence and present the information in a comprehensible way.",skill/competence,sector-specific,released,Digital,high,DIG_4216e465-7baa-4884-a241-54b197bb9278
http://data.europa.eu/esco/skill/42c3287f-5e50-4559-a2d1-2000c70e0aab,DigitalSkill,Pentaho Data Integration,"The computer program Pentaho Data Integration is a tool for integration of information from multiple applications, created and maintained by organisations, into one consistent and transparent data structure, developed by the software company Pentaho.",knowledge,sector-specific,released,Digital,high,DIG_42c3287f-5e50-4559-a2d1-2000c70e0aab
http://data.europa.eu/esco/skill/42cb7669-c371-4903-9c0b-13db67b2e4bb,DigitalSkill,emergent technologies,"The recent trends, developments and innovations in modern technologies such as biotechnology, artificial intelligence and robotics.",knowledge,cross-sector,released,Digital,high,DIG_42cb7669-c371-4903-9c0b-13db67b2e4bb
http://data.europa.eu/esco/skill/42ed3bfb-1a01-4c8b-9758-fc6438865734,DigitalSkill,Smalltalk (computer programming),"The techniques and principles of software development, such as analysis, algorithms, coding, testing and compiling of programming paradigms in Smalltalk.",knowledge,sector-specific,released,Digital,high,DIG_42ed3bfb-1a01-4c8b-9758-fc6438865734
http://data.europa.eu/esco/skill/42fcf80d-7b45-40f3-bd2f-5411c4c0dfa0,DigitalSkill,identify technological needs,Assess needs and identify digital tools and possible technological responses to address them. Adjust and customise digital environments to personal needs (e.g. accessibility).,skill/competence,cross-sector,released,Digital,high,DIG_42fcf80d-7b45-40f3-bd2f-5411c4c0dfa0
http://data.europa.eu/esco/skill/4350c38d-0fe9-4ca7-bab9-40ed7f72b04f,DigitalSkill,PHP,"The techniques and principles of software development, such as analysis, algorithms, coding, testing and compiling of programming paradigms in PHP.",knowledge,sector-specific,released,Digital,high,DIG_4350c38d-0fe9-4ca7-bab9-40ed7f72b04f
http://data.europa.eu/esco/skill/438ff259-d086-4004-acda-1ec3e1631bc6,DigitalSkill,software anomalies,"The deviations of what is standard and exceptional events during software system performance, identification of incidents that can alter the flow and the process of system execution.",knowledge,sector-specific,released,Digital,high,DIG_438ff259-d086-4004-acda-1ec3e1631bc6
http://data.europa.eu/esco/skill/43ae58b9-5e56-4524-b45a-b422777a0576,DigitalSkill,database,"The classification of databases, that includes their purpose, characteristics, terminology, models and use such as XML databases, document-oriented databases and full text databases.",knowledge,cross-sector,released,Digital,high,DIG_43ae58b9-5e56-4524-b45a-b422777a0576
http://data.europa.eu/esco/skill/43dfbe7f-9e10-4871-b171-e5076737b4cf,DigitalSkill,digital marketing techniques,"The marketing techniques used on the web to reach and engage with stakeholders, customers and clients.",knowledge,sector-specific,released,Digital,high,DIG_43dfbe7f-9e10-4871-b171-e5076737b4cf
http://data.europa.eu/esco/skill/43ec6db6-33f7-449b-a566-5779a7e8997a,DigitalSkill,OpenEdge Database,"The computer program OpenEdge Database is a tool for creating, updating and managing databases, developed by the software company Progress Software Corporation.",knowledge,sector-specific,released,Digital,high,DIG_43ec6db6-33f7-449b-a566-5779a7e8997a
http://data.europa.eu/esco/skill/440d5784-52a5-4729-8b04-29f978bd896d,DigitalSkill,respond to incidents in cloud,Troubleshoot issues with the cloud and determine how to restore operations. Design and automate disaster recovery strategies and evaluate a deployment for points of failure.,skill/competence,sector-specific,released,Digital,high,DIG_440d5784-52a5-4729-8b04-29f978bd896d
http://data.europa.eu/esco/skill/440d7494-3d79-4e1f-83ba-b346e116b471,DigitalSkill,operate video equipment,Use  of various types of video equipment.,skill/competence,cross-sector,released,Digital,high,DIG_440d7494-3d79-4e1f-83ba-b346e116b471
http://data.europa.eu/esco/skill/440f64e5-e66c-45ee-bc29-53c14a2ad720,DigitalSkill,use geographic information systems,Work with computer data systems such as Geographic Information Systems (GIS).,skill/competence,sector-specific,released,Digital,high,DIG_440f64e5-e66c-45ee-bc29-53c14a2ad720
http://data.europa.eu/esco/skill/4463a721-69f3-413d-8321-43e3af13a4f1,DigitalSkill,use databases,"Use software tools for managing and organising data in a structured environment which consists of attributes, tables and relationships in order to query and modify the stored data.",skill/competence,cross-sector,released,Digital,high,DIG_4463a721-69f3-413d-8321-43e3af13a4f1
http://data.europa.eu/esco/skill/446d29ed-9eaa-4798-bb91-5f196651ad0a,DigitalSkill,create game testing software,"Develop software to test and evaluate online and land-based gambling, betting and lottery games.",skill/competence,occupation-specific,released,Digital,high,DIG_446d29ed-9eaa-4798-bb91-5f196651ad0a
http://data.europa.eu/esco/skill/44847349-e7ff-4bdb-82b9-6a18140efcaf,DigitalSkill,recognise blockchain application areas,"Recognise opportunities for the introduction of blockchain-based solutions in various application domains (e.g., supply chains, product-service systems, finances, etc.), as well as their transformative potential in the concerned application area in terms of people’s skills, roles they need to fulfill, and processes these roles contribute to. Identify the added value blockchain-based solutions would bring with respect to traditional solutions.",skill/competence,sector-specific,released,Digital,high,DIG_44847349-e7ff-4bdb-82b9-6a18140efcaf
http://data.europa.eu/esco/skill/449d119b-2d66-43a9-9230-7d27f16afbb6,DigitalSkill,Xcode,"The computer program Xcode is a suite of software development tools for writing programs, such as compiler, debugger, code editor, code highlights, packaged in a unified user interface. It is developed by the software company Apple.",knowledge,sector-specific,released,Digital,high,DIG_449d119b-2d66-43a9-9230-7d27f16afbb6
http://data.europa.eu/esco/skill/44a117a9-4443-43a4-b037-23c716af671e,DigitalSkill,video-games trends,Latest developments in the video-games industry.,knowledge,cross-sector,released,Digital,high,DIG_44a117a9-4443-43a4-b037-23c716af671e
http://data.europa.eu/esco/skill/44b1a100-7240-4943-9133-d8c6d1f0b50a,DigitalSkill,operate stowage programmes,"Operate stowage programmes used for controlling stability in vessels, loading operations, and cargo planning processes. Interpret graphical interfaces, stowage data and scenario variables.",skill/competence,sector-specific,released,Digital,high,DIG_44b1a100-7240-4943-9133-d8c6d1f0b50a
http://data.europa.eu/esco/skill/4503c65f-2bd0-4aa5-91cd-4188c7e5e31b,DigitalSkill,supercomputing,"The process of dealing with complex data-related problems through multiple computers working in parallel (i.e., a supercomputer). It is used in several fields such as quantum mechanics, molecular modeling, aerodynamics and nuclear fusion research.",knowledge,sector-specific,released,Digital,high,DIG_4503c65f-2bd0-4aa5-91cd-4188c7e5e31b
http://data.europa.eu/esco/skill/455a7133-cf0f-4c74-a91f-fd35c0d25b79,DigitalSkill,install mechatronic equipment,Install equipment used for the automation of a specific machine or device.,skill/competence,sector-specific,released,Digital,high,DIG_455a7133-cf0f-4c74-a91f-fd35c0d25b79
http://data.europa.eu/esco/skill/4570a262-b51f-46a1-a834-13ff67bee1c8,DigitalSkill,decentralised identifiers ,"The knowledge of decentralised identifiers (DIDs). DIDs enable verifiable and decentralised digital identity related to different subjects determined by the controllers of these descentralised identifiers (e.g. an organisation, individual person, data model, abstract entity).",knowledge,sector-specific,released,Digital,high,DIG_4570a262-b51f-46a1-a834-13ff67bee1c8
http://data.europa.eu/esco/skill/45a16833-6666-488d-aadf-e02e569275e8,DigitalSkill,use technology for forensics,Operate specialised tools used for forensic investigations.,skill/competence,cross-sector,released,Digital,high,DIG_45a16833-6666-488d-aadf-e02e569275e8
http://data.europa.eu/esco/skill/45f1ae17-c20d-40fc-9307-7d33b6ca9213,DigitalSkill,image recognition,"A process designed to detect and identify a feature or object in an image or video. This process is used in medical imaging, security surveillance or defect detection, among other fields. Key technique for a wide range of applications such as automated driving, image classification, or visual inspection. ",knowledge,cross-sector,released,Digital,high,DIG_45f1ae17-c20d-40fc-9307-7d33b6ca9213
http://data.europa.eu/esco/skill/465e7c78-cd26-4503-a5ca-40009e807705,DigitalSkill,assess users' interaction with ICT applications,"Evaluate how users interact with ICT applications in order to analyse their behaviour, draw conclusions (for instance about their motives, expectations and goals) and improve applications' functionalities.",skill/competence,sector-specific,released,Digital,high,DIG_465e7c78-cd26-4503-a5ca-40009e807705
http://data.europa.eu/esco/skill/46e93774-7c6a-4dc5-bae9-be97cc461093,DigitalSkill,inter-organisational middleware system ,"A software infrastructure that acts as an intermediary layer between applications to enable data exchange, interoperability and communication. It aims to provide standardised protocols and services between organisations to promote their interaction.",knowledge,sector-specific,released,Digital,high,DIG_46e93774-7c6a-4dc5-bae9-be97cc461093
http://data.europa.eu/esco/skill/46ec0033-3c71-415e-bcff-b065675ba2dc,DigitalSkill,integrate ICT data,Combine data from sources to provide unified view of the set of these data.,skill/competence,sector-specific,released,Digital,high,DIG_46ec0033-3c71-415e-bcff-b065675ba2dc
http://data.europa.eu/esco/skill/4720fc66-0202-4a4b-bbe8-129d908e5a15,DigitalSkill,prevent technical problems with media integration systems,"Adapt the use of media integration equipment and software to prevent undesired changes in the overall image and design, safeguarding the overall performing arts or event production quality. Including physical issues as well as digital ones like latency, interference or processor load.",skill/competence,occupation-specific,released,Digital,high,DIG_4720fc66-0202-4a4b-bbe8-129d908e5a15
http://data.europa.eu/esco/skill/4754d9fe-dc3a-4f8f-8ea6-5dbcea3a21ca,DigitalSkill,develop computer vision system,"Apply and combine different computer vision tools and methods such as image acquisition, image processing, image segmentation and classification, detection, etc. in one system to allow computers to extract information from digital images such as photographs or video.",skill/competence,cross-sector,released,Digital,high,DIG_4754d9fe-dc3a-4f8f-8ea6-5dbcea3a21ca
http://data.europa.eu/esco/skill/479944ef-8d2c-4279-b3d1-2b85c761fb30,DigitalSkill,manage radiology information system,"Develop and maintain a database to store, manage and distribute radiological images and data.",skill/competence,sector-specific,released,Digital,high,DIG_479944ef-8d2c-4279-b3d1-2b85c761fb30
http://data.europa.eu/esco/skill/47a2917b-a771-4687-90fc-5562523cf4a6,DigitalSkill,use performance 3D visualisation techniques ,"Visualise a performance environment using 3D applications and pre-visualisation software. Create a proof of concept for the technical design using 3D CGI, mock-up or scale model. ",skill/competence,occupation-specific,released,Digital,high,DIG_47a2917b-a771-4687-90fc-5562523cf4a6
http://data.europa.eu/esco/skill/47a49cd6-097d-457a-9f7b-c290c14930d5,DigitalSkill,analyse big data,"Collect and evaluate numerical data in large quantities, especially for the purpose of identifying patterns between the data.",skill/competence,cross-sector,released,Digital,high,DIG_47a49cd6-097d-457a-9f7b-c290c14930d5
http://data.europa.eu/esco/skill/47b9bbcf-356c-4782-83a4-7f5a1b2b51a3,DigitalSkill,Assembly (computer programming),"The techniques and principles of software development, such as analysis, algorithms, coding, testing and compiling of programming paradigms in Assembly.",knowledge,sector-specific,released,Digital,high,DIG_47b9bbcf-356c-4782-83a4-7f5a1b2b51a3
http://data.europa.eu/esco/skill/47ca0da1-cae5-4395-ae6b-fd97b9ff48d3,DigitalSkill,system backup best practice,The procedures related to preparing for recovery or continuation of technology infrastructure vital to an organisation.,knowledge,cross-sector,released,Digital,high,DIG_47ca0da1-cae5-4395-ae6b-fd97b9ff48d3
http://data.europa.eu/esco/skill/4840338b-ac6c-486a-be1d-9ddfe00b8bdf,DigitalSkill,Spiral development,The spiral development model is a methodology to design software systems and applications.,knowledge,sector-specific,released,Digital,high,DIG_4840338b-ac6c-486a-be1d-9ddfe00b8bdf
http://data.europa.eu/esco/skill/484d048c-a5d1-46a5-b57f-45b69c0ac552,DigitalSkill,analyse pipeline database information,"Retrieve and analyse different types of information extracted from the databases of pipelines companies. Analyse information such as risks, project management KPIs (key performance indicators), goods transportation times, and document back-up processes.",skill/competence,sector-specific,released,Digital,high,DIG_484d048c-a5d1-46a5-b57f-45b69c0ac552
http://data.europa.eu/esco/skill/484df271-bb52-49f1-8f50-f19624bf4df2,DigitalSkill,software components libraries,"The software packages, modules, web services and resources that cover a set of related functions and the databases where these reusable components can be found.",knowledge,sector-specific,released,Digital,high,DIG_484df271-bb52-49f1-8f50-f19624bf4df2
http://data.europa.eu/esco/skill/487fd260-be20-4980-a8e4-b819f0b549f1,DigitalSkill,add computer components,Perform small adjustments to various computers by adding components.,skill/competence,cross-sector,released,Digital,high,DIG_487fd260-be20-4980-a8e4-b819f0b549f1
http://data.europa.eu/esco/skill/489b2571-ce18-4944-b452-ed1f54e55b68,DigitalSkill,Schoology,"The computer program Schoology is a e-learning platform for creating, administrating, arranging, reporting and delivering e-learning education courses or training programs.",knowledge,sector-specific,released,Digital,high,DIG_489b2571-ce18-4944-b452-ed1f54e55b68
http://data.europa.eu/esco/skill/48db96bf-3314-45c6-bad8-fdb6e20e5639,DigitalSkill,data engineering,The process of developing and constructing systems for implementing data collection and analysis at large scale.,knowledge,cross-sector,released,Digital,high,DIG_48db96bf-3314-45c6-bad8-fdb6e20e5639
http://data.europa.eu/esco/skill/4918ec9a-0204-4935-8b09-b0112370daa8,DigitalSkill,establish an Information Security Management System,"Design, apply, monitor and review an Information Security Management System (ISMS) that preserves the confidentiality, integrity and availability of information by applying a risk management process, and gives confidence to interested parties regarding the adequate management of such cybersecurity-related risks.",skill/competence,sector-specific,released,Digital,high,DIG_4918ec9a-0204-4935-8b09-b0112370daa8
http://data.europa.eu/esco/skill/49320ec7-65f9-4f90-bed2-2d41784f1836,DigitalSkill,compile GIS-data,Gather and organise GIS-data from sources such as databases and maps.,skill/competence,cross-sector,released,Digital,high,DIG_49320ec7-65f9-4f90-bed2-2d41784f1836
http://data.europa.eu/esco/skill/4959697d-3a24-4f46-af0c-b752318e6c54,DigitalSkill,ObjectStore,"The computer program ObjectStore is a tool for creating, updating and managing databases, developed by the software company Object Design, Incorporated.",knowledge,sector-specific,released,Digital,high,DIG_4959697d-3a24-4f46-af0c-b752318e6c54
http://data.europa.eu/esco/skill/495ce586-09d7-4cec-83d7-2821be6590c4,DigitalSkill,smart contract programming languages,"Essential Smart Contract programming languages include Solidity, Rust, JavaScript, Vyper and Yul.",knowledge,sector-specific,released,Digital,high,DIG_495ce586-09d7-4cec-83d7-2821be6590c4
http://data.europa.eu/esco/skill/49f85a99-086c-45b6-a6fa-eb90305af7b1,DigitalSkill,Chef (tools for software configuration management),"The tool Chef is a software program which performs infrastructure configuration identification, control and automation aiming to ease the applications deployment.",knowledge,sector-specific,released,Digital,high,DIG_49f85a99-086c-45b6-a6fa-eb90305af7b1
http://data.europa.eu/esco/skill/49fed129-e32b-4f67-b80a-609d79e45b20,DigitalSkill,electronic and telecommunication equipment,"The offered electronic and telecommunication equipment and products, their functionalities, properties and legal and regulatory requirements.",knowledge,sector-specific,released,Digital,high,DIG_49fed129-e32b-4f67-b80a-609d79e45b20
http://data.europa.eu/esco/skill/4a2a63e6-5c62-43a0-a375-fdf4c2805270,DigitalSkill,customise software for drive system,Adapt and customise software to the specific machine or application.,skill/competence,cross-sector,released,Digital,high,DIG_4a2a63e6-5c62-43a0-a375-fdf4c2805270
http://data.europa.eu/esco/skill/4a466c62-db7d-4905-9a41-f23214810acb,DigitalSkill,GIMP (graphics editor software),The computer program GIMP is a graphical ICT tool which enables digital editing and composition of graphics to generate both 2D raster or 2D vector graphics. It is developed by The GIMP Development Team.,knowledge,sector-specific,released,Digital,high,DIG_4a466c62-db7d-4905-9a41-f23214810acb
http://data.europa.eu/esco/skill/4b244020-5f28-4e20-b74f-1c2dcb6f15cb,DigitalSkill,apply desktop publishing techniques,Apply desktop publishing techniques to create page layouts and typographic quality text.,skill/competence,cross-sector,released,Digital,high,DIG_4b244020-5f28-4e20-b74f-1c2dcb6f15cb
http://data.europa.eu/esco/skill/4b3ae518-6746-4487-8d3b-4cfc063a43d0,DigitalSkill,use business simulation tools,"Employ software to perform simulations to improve business skills such as business acumen, financial and market analysis and decision making.",skill/competence,sector-specific,released,Digital,high,DIG_4b3ae518-6746-4487-8d3b-4cfc063a43d0
http://data.europa.eu/esco/skill/4b51e76e-9e8a-455f-a289-5b48246345c4,DigitalSkill,hardware components,"The essential components that make up a hardware system, such as liquid-crystal displays (LCD), camera sensors, microprocessors, memories, modems, batteries and their interconnections.",knowledge,cross-sector,released,Digital,high,DIG_4b51e76e-9e8a-455f-a289-5b48246345c4
http://data.europa.eu/esco/skill/4b88b1ee-c2d9-473a-9fe8-ba3b9c0c179a,DigitalSkill,implement ICT coding conventions,"Apply guidelines for ICT programming techniques, such as conventions, code design patterns and practices to achieve higher security, reliability, better readability and maintenance of the product.",skill/competence,occupation-specific,released,Digital,high,DIG_4b88b1ee-c2d9-473a-9fe8-ba3b9c0c179a
http://data.europa.eu/esco/skill/4bd3cd7d-b061-4cc2-ba8d-3262065ebbf0,DigitalSkill,prepare sound equipment on stage,"Set up, rig, connect, test and tune audio equipment on stage.",skill/competence,sector-specific,released,Digital,high,DIG_4bd3cd7d-b061-4cc2-ba8d-3262065ebbf0
http://data.europa.eu/esco/skill/4bf59dde-8a03-483f-976a-45764f1e6d6f,DigitalSkill,search engines,The methods and techniques to navigate search engines and find information quickly.,knowledge,sector-specific,released,Digital,high,DIG_4bf59dde-8a03-483f-976a-45764f1e6d6f
http://data.europa.eu/esco/skill/4c016b68-4116-468c-9dc6-42710c239e4a,DigitalSkill,C#,"The techniques and principles of software development, such as analysis, algorithms, coding, testing and compiling of programming paradigms in C#.",knowledge,sector-specific,released,Digital,high,DIG_4c016b68-4116-468c-9dc6-42710c239e4a
http://data.europa.eu/esco/skill/4cb58ef4-67a9-4bea-a743-2c83ebd60e79,DigitalSkill,tend CNC milling machine,"Tend a computer numerical controlled (CNC) milling machine designed for cutting manufacturing processes on metal, wooden, plastic materials and others, monitor and operate it, according to regulations.",skill/competence,cross-sector,released,Digital,high,DIG_4cb58ef4-67a9-4bea-a743-2c83ebd60e79
http://data.europa.eu/esco/skill/4cdbc76c-75d8-4e12-8653-4820c2d5446f,DigitalSkill,microsystem test procedures,"The methods of testing the quality, accuracy, and performance of microsystems and microelectromechanical systems (MEMS) and their materials and components before, during, and after the building of the systems, such as parametric tests and burn-in tests.",knowledge,sector-specific,released,Digital,high,DIG_4cdbc76c-75d8-4e12-8653-4820c2d5446f
http://data.europa.eu/esco/skill/4ce06d6b-f3df-40b6-b950-570be5008032,DigitalSkill,analyse scanned data of the body,"Analyse 3D scanned data for the development of prototypes, of avatars, for the creation of size charts, the garment pattern modification, alteration and manipulation, and for testing fit.",skill/competence,sector-specific,released,Digital,high,DIG_4ce06d6b-f3df-40b6-b950-570be5008032
http://data.europa.eu/esco/skill/4d85b881-e490-4b4c-897a-2faa4ef53956,DigitalSkill,manage ICT data architecture,"Oversee regulations and use ICT techniques to define the information systems architecture and to control data gathering, storing, consolidation, arrangement and usage in an organisation.",skill/competence,sector-specific,released,Digital,high,DIG_4d85b881-e490-4b4c-897a-2faa4ef53956
http://data.europa.eu/esco/skill/4d97e3c3-f335-47cc-a4ee-0d779fd42222,DigitalSkill,"manage data, information and digital content","Organise, store and retrieve data, information and content in digital environments. Organise and process them in a structured environment.",skill/competence,cross-sector,released,Digital,high,DIG_4d97e3c3-f335-47cc-a4ee-0d779fd42222
http://data.europa.eu/esco/skill/4da171e5-779c-4983-a76f-91c16751e99f,DigitalSkill,MySQL,"The computer program MySQL is a tool for creating, updating and managing databases, currently developed by the software company Oracle.",knowledge,sector-specific,released,Digital,high,DIG_4da171e5-779c-4983-a76f-91c16751e99f
http://data.europa.eu/esco/skill/4da4587a-fd0b-4ca2-886c-c42a1562d432,DigitalSkill,design cloud networks,"Apply cloud networking concepts and implement connectivity services of cloud. Given customer requirements, define network architectures on cloud, propose optimized designs based on the evaluation of an existing implementation. Evaluate and optimize cost allocations given a network design, its cloud resources, and application data flow.",skill/competence,sector-specific,released,Digital,high,DIG_4da4587a-fd0b-4ca2-886c-c42a1562d432
http://data.europa.eu/esco/skill/4dc5042a-b2b4-4ad5-a39b-3558b073cec7,DigitalSkill,use specialised equipment,"Use specialised equipment such as electron microscope, telemetry, digital imaging analysis, global positioning systems, and computer modelling in studies and analyses of production methodology.",skill/competence,sector-specific,released,Digital,high,DIG_4dc5042a-b2b4-4ad5-a39b-3558b073cec7
http://data.europa.eu/esco/skill/4e6d2538-a48e-48a7-8dad-14b067cfcb8b,DigitalSkill,TripleStore,The RDF store or TripleStore is a database used for storage and retrieval of Resource Description Framework triples (subject-predicate-object data entities) which can be accessed by semantic queries.,knowledge,sector-specific,released,Digital,high,DIG_4e6d2538-a48e-48a7-8dad-14b067cfcb8b
http://data.europa.eu/esco/skill/4ed46658-cc30-4d37-9301-47dd354c92a2,DigitalSkill,design failover solutions,Create and manage a system of backup or standby solution which is automatically triggered and becomes active in case the main system or application fails.,skill/competence,occupation-specific,released,Digital,high,DIG_4ed46658-cc30-4d37-9301-47dd354c92a2
http://data.europa.eu/esco/skill/4ef13dee-380d-4b76-9034-c4995045303f,DigitalSkill,evaluate blockchain architectures,"Evaluate blockchain architectures with respect to their suitability for specific applications, given the specific importance and priorities of architecture properties for these applications.",skill/competence,cross-sector,released,Digital,high,DIG_4ef13dee-380d-4b76-9034-c4995045303f
http://data.europa.eu/esco/skill/4f1afd9d-77a7-40f8-a3c7-fe18b984ce43,DigitalSkill,telecommunication trunking,The method of providing network access to many clients while keeping smaller number of connection components by grouping and sharing connection circuits and frequencies.,knowledge,sector-specific,released,Digital,high,DIG_4f1afd9d-77a7-40f8-a3c7-fe18b984ce43
http://data.europa.eu/esco/skill/4f5c1208-62fd-4e5a-a51e-306c06947e11,DigitalSkill,manage findable accessible interoperable and reusable data,"Produce, describe, store, preserve and (re) use scientific data based on FAIR (Findable, Accessible, Interoperable, and Reusable) principles, making data as open as possible, and as closed as necessary.",skill/competence,cross-sector,released,Digital,high,DIG_4f5c1208-62fd-4e5a-a51e-306c06947e11
http://data.europa.eu/esco/skill/4f5ccaad-0e4f-4e9f-8246-47765564387d,DigitalSkill,upgrade firmware,"Update basic or integrated software included in devices, network components and embedded systems.",skill/competence,cross-sector,released,Digital,high,DIG_4f5ccaad-0e4f-4e9f-8246-47765564387d
http://data.europa.eu/esco/skill/4f6b656a-54d0-48ce-9b55-ebcac5904a14,DigitalSkill,handle geospatial technologies,"Can use Geospatial Technologies which involve GPS (global positioning systems), GIS (geographical information systems), and RS (remote sensing) in the daily work.",skill/competence,sector-specific,released,Digital,high,DIG_4f6b656a-54d0-48ce-9b55-ebcac5904a14
http://data.europa.eu/esco/skill/4f7fa632-15a6-4739-930b-abbac8055a80,DigitalSkill,firmware,"Firmware is a software program with a read-only memory (ROM) and a set of instructions that is permanently inscribed on a hardware device. Firmware is commonly used in electronic systems such as computers, mobile phones, and digital cameras.",knowledge,cross-sector,released,Digital,high,DIG_4f7fa632-15a6-4739-930b-abbac8055a80
http://data.europa.eu/esco/skill/4fea6307-bdc0-423d-ad63-c61755c14522,DigitalSkill,carry out bibliographic work,Perform bibliographic work; use computer or printed materials to identify and locate book titles as requested by customer.,skill/competence,sector-specific,released,Digital,high,DIG_4fea6307-bdc0-423d-ad63-c61755c14522
http://data.europa.eu/esco/skill/4ff549c3-daa5-4def-9916-301c7bdf13b8,DigitalSkill,control systems,Devices or a set of devices that command and manage the performance and behaviour of other equipment and systems. This includes Industrial control systems (ICS) which are used for industrial production and manufacturing.,knowledge,cross-sector,released,Digital,high,DIG_4ff549c3-daa5-4def-9916-301c7bdf13b8
http://data.europa.eu/esco/skill/4ffc3a4c-b4f3-4082-b030-93799725d01b,DigitalSkill,put uncut recordings into computer,Put uncut footage and sound into files on the computer.,skill/competence,sector-specific,released,Digital,high,DIG_4ffc3a4c-b4f3-4082-b030-93799725d01b
http://data.europa.eu/esco/skill/501537a7-9d63-491d-ae02-09f04767ff1e,DigitalSkill,attack vectors,"Paths or methods that threat actors use to exploit vulnerabilities in information networks or systems from a concrete organisation and impact its availability, integrity and confidentiality. Attack vectors may include social engineering tactics such as phishing mails or pretexting, technical exploits as SQL injection as well as buffer overflow attacks.",knowledge,sector-specific,released,Digital,high,DIG_501537a7-9d63-491d-ae02-09f04767ff1e
http://data.europa.eu/esco/skill/50597e96-9b6a-4736-ac79-dd80f36c0269,DigitalSkill,Metasploit,The framework Metasploit is a penetration testing tool which tests security weaknesses of the system for potentially unauthorised access to system information. The tool is based on the concept of 'exploit' which implies executing code on the target machine this way taking advantage of the bugs and vulnerabilities of the target machine.,knowledge,sector-specific,released,Digital,high,DIG_50597e96-9b6a-4736-ac79-dd80f36c0269
http://data.europa.eu/esco/skill/505e4ef3-7ce4-437d-b7b4-5c608f71c258,DigitalSkill,build recommender systems,Construct recommendation systems based on large data sets using programming languages or computer tools to create a subclass of information filtering system that seeks to predict the rating or preference a user gives to an item.,skill/competence,occupation-specific,released,Digital,high,DIG_505e4ef3-7ce4-437d-b7b4-5c608f71c258
http://data.europa.eu/esco/skill/5063a99f-975b-4a7c-85e3-69ecb375b4d3,DigitalSkill,internet governance,"The principles, regulations, norms and programs that shape the evolution and use of internet, such as internet domain names management, registries and registrars, according to ICANN/IANA regulations and recommendations, IP addresses and names, name servers, DNS, TLDs and aspects of IDNs and DNSSEC.",knowledge,sector-specific,released,Digital,high,DIG_5063a99f-975b-4a7c-85e3-69ecb375b4d3
http://data.europa.eu/esco/skill/509909a2-4a8f-4ead-8ad0-968df63b77cc,DigitalSkill,social media marketing techniques,The marketing methods and strategies used to increase attention and website traffic through social media channels.,knowledge,cross-sector,released,Digital,high,DIG_509909a2-4a8f-4ead-8ad0-968df63b77cc
http://data.europa.eu/esco/skill/50b100ea-74fd-4706-99db-3e4ca55e51b8,DigitalSkill,perform data cleansing,"Detect and correct corrupt records from data sets, ensure that the data become and remain structured according to guidelines.",skill/competence,cross-sector,released,Digital,high,DIG_50b100ea-74fd-4706-99db-3e4ca55e51b8
http://data.europa.eu/esco/skill/5120f979-6450-4132-874a-7f7679c7ca14,DigitalSkill,tend CNC metal punch press,Monitor and operate a computer numerical controlled (CNC) metal punch press according to regulations.,skill/competence,cross-sector,released,Digital,high,DIG_5120f979-6450-4132-874a-7f7679c7ca14
http://data.europa.eu/esco/skill/51586df8-1c46-4b47-8583-773cb63bf00b,DigitalSkill,R,"The techniques and principles of software development, such as analysis, algorithms, coding, testing and compiling of programming paradigms in R.",knowledge,sector-specific,released,Digital,high,DIG_51586df8-1c46-4b47-8583-773cb63bf00b
http://data.europa.eu/esco/skill/51927003-a757-4552-804f-c045e21fdaf2,DigitalSkill,set up audiovisual peripheral equipment,"Set up audiovisual peripheral equipment such as tripods, cables, microphones, monitors, and others.",skill/competence,cross-sector,released,Digital,high,DIG_51927003-a757-4552-804f-c045e21fdaf2
http://data.europa.eu/esco/skill/51b18096-85e6-425b-bb15-03a74eeda0dc,DigitalSkill,identify market requirements for ICT documentation,"Conduct research and analyse the specific documentation requirements of the markets (for instance language, applicable standards or legal requirements and cultural conditions) and derive concrete specifications for ICT documentation development.",skill/competence,occupation-specific,released,Digital,high,DIG_51b18096-85e6-425b-bb15-03a74eeda0dc
http://data.europa.eu/esco/skill/52739347-5eaa-4c9e-8cde-af7d2ba83320,DigitalSkill,model electromagnetic products,Model and simulate the designed electromagnets or products utilising electromagnetism using technical design software. Assess the viability of the product and examine the physical parameters to ensure a successful production process.,skill/competence,sector-specific,released,Digital,high,DIG_52739347-5eaa-4c9e-8cde-af7d2ba83320
http://data.europa.eu/esco/skill/5284ecee-93dd-4145-a3c0-584af836c69e,DigitalSkill,use e-tourism platforms,Use digital platforms to promote and share information and digital content about a hospitality establishment or services. Analyse and manage reviews addressed to the organisation to ensure customer satisfaction.,skill/competence,sector-specific,released,Digital,high,DIG_5284ecee-93dd-4145-a3c0-584af836c69e
http://data.europa.eu/esco/skill/52b38e90-3d05-4042-a9e2-d19dec8dd7c1,DigitalSkill,test hardware,"Test computer hardware systems and components using appropriate equipment and testing methods, such as the system test (ST), the ongoing reliability test (ORT), and the in-circuit test (ICT). Monitor and evaluate system performance and take action if needed.",skill/competence,cross-sector,released,Digital,high,DIG_52b38e90-3d05-4042-a9e2-d19dec8dd7c1
http://data.europa.eu/esco/skill/52c0b1a2-a57f-488b-b09d-19af929412aa,DigitalSkill,use functional neuroimaging,Use neuroimaging technologies and methods to study the brain functions.,skill/competence,occupation-specific,released,Digital,high,DIG_52c0b1a2-a57f-488b-b09d-19af929412aa
http://data.europa.eu/esco/skill/52cf3037-ab53-4806-85ed-7fd21ea7f6a1,DigitalSkill,Groovy,"The techniques and principles of software development, such as analysis, algorithms, coding, testing and compiling of programming paradigms in Groovy.",knowledge,sector-specific,released,Digital,high,DIG_52cf3037-ab53-4806-85ed-7fd21ea7f6a1
http://data.europa.eu/esco/skill/52e3507b-1cad-409f-9146-3c5e2afe7df9,DigitalSkill,manage online communications,"Oversee and supervise communications of a company, entity, or person in online outlets. Ensure that the information being communicated online is in line with the strategy and image aimed to be conveyed.",skill/competence,sector-specific,released,Digital,high,DIG_52e3507b-1cad-409f-9146-3c5e2afe7df9
http://data.europa.eu/esco/skill/5303169c-75d6-4751-9136-a4b88343388c,DigitalSkill,social media management,"The planning, development, and implementation of strategies aimed at managing social media platforms, the publications, the social media management tools, and the image of organisations in them.",knowledge,cross-sector,released,Digital,high,DIG_5303169c-75d6-4751-9136-a4b88343388c
http://data.europa.eu/esco/skill/53141450-2fa9-4890-a64e-7ffd4e1144be,DigitalSkill,use electronic health records management system,"Be able to use specific software for the management of health care records, following appropriate codes of practice.",skill/competence,sector-specific,released,Digital,high,DIG_53141450-2fa9-4890-a64e-7ffd4e1144be
http://data.europa.eu/esco/skill/53403f06-6c51-4a24-9491-d8a6200526ce,DigitalSkill,create a product's virtual model,Create a mathematical or three-dimensional computer graphic model of the product by using a CAE system or a calculator.,skill/competence,cross-sector,released,Digital,high,DIG_53403f06-6c51-4a24-9491-d8a6200526ce
http://data.europa.eu/esco/skill/53456d90-8c0d-4bd2-9f1b-312619b6e2a6,DigitalSkill,hardware testing methods,"Those processes in which hardware components or systems are tested, such as the system test (ST), the ongoing reliability test (ORT), and the in-circuit test (ICT).",knowledge,cross-sector,released,Digital,high,DIG_53456d90-8c0d-4bd2-9f1b-312619b6e2a6
http://data.europa.eu/esco/skill/5354a726-ee64-4f34-90f8-8436f9f374b8,DigitalSkill,analyse ecological data,"Analyse and interpret ecological and biological data, using specialist software programs.",skill/competence,cross-sector,released,Digital,high,DIG_5354a726-ee64-4f34-90f8-8436f9f374b8
http://data.europa.eu/esco/skill/53780150-1581-4ae6-b435-34068c172caf,DigitalSkill,Vyper,"The techniques and principles of software development, such as analysis, algorithms, coding, testing and compiling of programming paradigms in Vyper.",knowledge,sector-specific,released,Digital,high,DIG_53780150-1581-4ae6-b435-34068c172caf
http://data.europa.eu/esco/skill/541561bc-510c-4a99-881c-2d8bf5a85462,DigitalSkill,use technical drawing software,Create technical designs and technical drawings using specialised software.,skill/competence,cross-sector,released,Digital,high,DIG_541561bc-510c-4a99-881c-2d8bf5a85462
http://data.europa.eu/esco/skill/545c80e8-7ab2-42fe-af64-242211e94709,DigitalSkill,analyse network configuration and performance,"Analyse essential network data (e.g., router configuration files, routing protocols), network traffic capacity and performance characteristics of ICT networks, such as wide area network and local area network, that connect computers using cable or wireless connections and allow them to exchange data.",skill/competence,sector-specific,released,Digital,high,DIG_545c80e8-7ab2-42fe-af64-242211e94709
http://data.europa.eu/esco/skill/546a96b1-5f0a-4c80-b3c5-8ac0830d9f0e,DigitalSkill,create digital game characters,Develop a typology of characters for digital games and identify their exact role in the gameplay and the narrative.,skill/competence,occupation-specific,released,Digital,high,DIG_546a96b1-5f0a-4c80-b3c5-8ac0830d9f0e
http://data.europa.eu/esco/skill/5475343c-5e75-415f-b431-17f3c20a347e,DigitalSkill,use production planning software,Use software that facilitates planning and scheduling in the manufacturing industry and enables the optimisation of resource allocation.,skill/competence,occupation-specific,released,Digital,high,DIG_5475343c-5e75-415f-b431-17f3c20a347e
http://data.europa.eu/esco/skill/54924a2c-daca-40d3-9716-4b38ceb04f38,DigitalSkill,algorithms,"The self-contained step-by-step sets of operations that carry out calculations, data processing and automated reasoning, usually to solve problems.",knowledge,cross-sector,released,Digital,high,DIG_54924a2c-daca-40d3-9716-4b38ceb04f38
http://data.europa.eu/esco/skill/54971fec-1c2f-49c0-9396-2f0c9fa5c8c0,DigitalSkill,LAMS,"The computer program LAMS is a e-learning platform for creating, administrating, arranging, reporting and delivering e-learning education courses or training programs. It is developed by the LAMS Foundation.",knowledge,sector-specific,released,Digital,high,DIG_54971fec-1c2f-49c0-9396-2f0c9fa5c8c0
http://data.europa.eu/esco/skill/54ae8c54-2aad-46fc-bff2-9d44d0ec7a6e,DigitalSkill,manage information access aids,"Develop and maintain information access aids such as databases, digital bibliographies, web pages, software programs and online tutorials.",skill/competence,sector-specific,released,Digital,high,DIG_54ae8c54-2aad-46fc-bff2-9d44d0ec7a6e
http://data.europa.eu/esco/skill/54b4a91f-9db8-4b67-a20d-9b6ceb9c2315,DigitalSkill,online gambling,The activity of wagering money or virtual currencies on bets or online gambling games through websites or online software.,knowledge,occupation-specific,released,Digital,high,DIG_54b4a91f-9db8-4b67-a20d-9b6ceb9c2315
http://data.europa.eu/esco/skill/54d774a3-de3b-4425-b0d7-c03bc99a0937,DigitalSkill,set up cybersecurity training programmes,"Design, develop and deliver educational activities (such as lectures and cyber ranges) to cover needs and/or raise awareness on cybersecurity.",skill/competence,sector-specific,released,Digital,high,DIG_54d774a3-de3b-4425-b0d7-c03bc99a0937
http://data.europa.eu/esco/skill/54ddd422-5905-44db-93d4-03b17b913c5e,DigitalSkill,use CADD software,Use computer-aided design and drafting software to make detailed drawings and blueprints of designs.,skill/competence,cross-sector,released,Digital,high,DIG_54ddd422-5905-44db-93d4-03b17b913c5e
http://data.europa.eu/esco/skill/553e1d2d-abf1-4b37-8ac4-c5c78a8edbc0,DigitalSkill,proxy servers,"The proxy tools which act as an intermediary for requests from users searching for resources e.g. files and web pages from other servers such as Burp, WebScarab, Charles or Fiddler.",knowledge,sector-specific,released,Digital,high,DIG_553e1d2d-abf1-4b37-8ac4-c5c78a8edbc0
http://data.europa.eu/esco/skill/557c86b8-a0bc-4545-bb30-d141b1d60bc1,DigitalSkill,conduct clinical software research,"Oversee and undertake the necessary research to succesfully purchase, design, develop, test, train and implement software regarding clinical care and according to health plans guidelines.",skill/competence,occupation-specific,released,Digital,high,DIG_557c86b8-a0bc-4545-bb30-d141b1d60bc1
http://data.europa.eu/esco/skill/557e9247-1a2d-4497-aa7f-0cded7768da1,DigitalSkill,Aircrack (penetration testing tool),"The computer program Aircrack is a cracking program which recovers 802.11 WEP and WPA-PSK keys by making several network attacks such as FMS, KoreK and PTW attacks.",knowledge,sector-specific,released,Digital,high,DIG_557e9247-1a2d-4497-aa7f-0cded7768da1
http://data.europa.eu/esco/skill/55c16653-343c-4d02-a9de-7d8e864a4592,DigitalSkill,Codenvy,The tool Codenvy is a platform used to create on-demand workspaces in the cloud where developers can collaborate on coding projects and work together before they merge their work to the main repository.,knowledge,sector-specific,released,Digital,high,DIG_55c16653-343c-4d02-a9de-7d8e864a4592
http://data.europa.eu/esco/skill/55cc1f3f-69fc-46ec-b24a-9708f6bd92b4,DigitalSkill,use software tools for site modelling,Use software and other modelling tools to create simulations of and develop scenarios for possible outcomes of site operations. Use the information gathered from simulations and models for analysis and decision making.,skill/competence,sector-specific,released,Digital,high,DIG_55cc1f3f-69fc-46ec-b24a-9708f6bd92b4
http://data.europa.eu/esco/skill/55cd5608-1497-4ed1-96d0-cb9494749a09,DigitalSkill,repair mobile devices,"Replace parts and repair faults of mobile phones, tablets and other small mobile devices.",skill/competence,cross-sector,released,Digital,high,DIG_55cd5608-1497-4ed1-96d0-cb9494749a09
http://data.europa.eu/esco/skill/5608d5a0-6d5e-43b7-be37-616501729bb4,DigitalSkill,artificial neural networks,A network of artificial neurons composed for solving artificial intelligence problems. These computing systems are inspired by the biological neural networks that constitute brains. Understanding of its general model and its  elements. Knowledge of its use possibilities for automation. ,knowledge,cross-sector,released,Digital,high,DIG_5608d5a0-6d5e-43b7-be37-616501729bb4
http://data.europa.eu/esco/skill/5645b349-2b67-48cf-b290-bbb029e59dcf,DigitalSkill,medical imaging technology,Set of technologies used to creating visual representations of the body interior for the purposes of clinical analysis.,knowledge,cross-sector,released,Digital,high,DIG_5645b349-2b67-48cf-b290-bbb029e59dcf
http://data.europa.eu/esco/skill/56a10e3e-c9e7-4d39-b6f1-6013398fcb3a,DigitalSkill,use content management system software,"Use software that allows publishing, editing and modifying content as well as maintenance from a central interface.",skill/competence,cross-sector,released,Digital,high,DIG_56a10e3e-c9e7-4d39-b6f1-6013398fcb3a
http://data.europa.eu/esco/skill/56a7f561-1d55-43c9-9cd7-36a0a9bc6c50,DigitalSkill,ASP.NET,"The techniques and principles of software development, such as analysis, algorithms, coding, testing and compiling of programming paradigms in ASP.NET.",knowledge,sector-specific,released,Digital,high,DIG_56a7f561-1d55-43c9-9cd7-36a0a9bc6c50
http://data.europa.eu/esco/skill/5706691c-2c38-46e4-9e88-c55be7e5d3ff,DigitalSkill,digital camera sensors,"Types of sensors used in digital cameras, such as charged coupled devices (CCD) and complementary metal oxide semiconductor sensors (CMOS).",knowledge,sector-specific,released,Digital,high,DIG_5706691c-2c38-46e4-9e88-c55be7e5d3ff
http://data.europa.eu/esco/skill/571c8cb7-33f5-4a2e-999d-35688afed581,DigitalSkill,repair maritime communication equipment,Repair maritime communication devices as required by using electronic testing equipment.,skill/competence,occupation-specific,released,Digital,high,DIG_571c8cb7-33f5-4a2e-999d-35688afed581
http://data.europa.eu/esco/skill/57231a22-4da7-49c8-97b8-75672feadf1e,DigitalSkill,manage quantitative data,"Gather, process and present quantitative data. Use the appropriate programs and methods for validating, organising and interpreting data.",skill/competence,cross-sector,released,Digital,high,DIG_57231a22-4da7-49c8-97b8-75672feadf1e
http://data.europa.eu/esco/skill/574032f3-e427-49ad-8d88-2341ac6e1a7d,DigitalSkill,operate seismic equipment,Move seismic equipment to different locations. Utilise seismometers. Observe recording equipment in order to detect anomalies and irregularities. Process and interpret seismic data both in 2D as in 3D.,skill/competence,occupation-specific,released,Digital,high,DIG_574032f3-e427-49ad-8d88-2341ac6e1a7d
http://data.europa.eu/esco/skill/580660a6-5d3a-421d-a54f-d85b706c2b2f,DigitalSkill,use online tools to collaborate,"Use online resources such as online meeting tools, VoIP conference calling, concurrent file editing, to co-create, share content and collaborate from remote locations.",skill/competence,cross-sector,released,Digital,high,DIG_580660a6-5d3a-421d-a54f-d85b706c2b2f
http://data.europa.eu/esco/skill/5865c47c-cf1a-4dcb-8871-d4a1ea4b047b,DigitalSkill,set up documentation control system,Set up and maintain documentation control system,skill/competence,occupation-specific,released,Digital,high,DIG_5865c47c-cf1a-4dcb-8871-d4a1ea4b047b
http://data.europa.eu/esco/skill/58783f72-5098-4807-b1d1-954ec2ae94c4,DigitalSkill,Backbox (penetration testing tool),"The software BackBox is a Linux distribution which tests security weaknesses of the system for potentially unauthorised access to system information by information gathering, forensic, wireless and VoIP analysis, exploitation and reverse engineering.",knowledge,sector-specific,released,Digital,high,DIG_58783f72-5098-4807-b1d1-954ec2ae94c4
http://data.europa.eu/esco/skill/58888680-07cd-4baa-8eb1-f846bff7e2d4,DigitalSkill,manage membership database,Add and update membership information and analyze and report on statistical membership information.,skill/competence,sector-specific,released,Digital,high,DIG_58888680-07cd-4baa-8eb1-f846bff7e2d4
http://data.europa.eu/esco/skill/5898d99a-62a4-4e10-a2e3-0d815ce44248,DigitalSkill,cyber attack counter-measures,"Methods, technologies and techniques used to defend (detect, monitor and recover) against cyber attacks. These cyber attacks include several attack vectors such as malware, denial of service (DoS) attacks and phishing. 

Intrusion prevention systems (IPS), firewall, antivirus, intrusion detection systems (IDS), cybersecurity training, backup, Information Security Management System (ISM), multi-factor authentication and employ awareness, are some examples of the methods used.",knowledge,sector-specific,released,Digital,high,DIG_5898d99a-62a4-4e10-a2e3-0d815ce44248
http://data.europa.eu/esco/skill/58bfa8b2-f39f-40c3-8e5e-2dc0d26c7601,DigitalSkill,set up media integration systems,"Set up different types of light, sound, image and movement control boards and related equipment like tracking systems, media servers and control software and hardware.",skill/competence,occupation-specific,released,Digital,high,DIG_58bfa8b2-f39f-40c3-8e5e-2dc0d26c7601
http://data.europa.eu/esco/skill/58c3ed60-c06b-47c0-b213-4e3608608644,DigitalSkill,use remote control equipment,"Use a remote control to operate equipment. Watch the equipment closely while operating, and use any sensors or cameras to guide your actions.",skill/competence,cross-sector,released,Digital,high,DIG_58c3ed60-c06b-47c0-b213-4e3608608644
http://data.europa.eu/esco/skill/58d7a289-dafd-4363-833f-d1dc4140885e,DigitalSkill,APL,"The techniques and principles of software development, such as analysis, algorithms, coding, testing and compiling of programming paradigms in APL.",knowledge,sector-specific,released,Digital,high,DIG_58d7a289-dafd-4363-833f-d1dc4140885e
http://data.europa.eu/esco/skill/598de5b0-5b58-4ea7-8058-a4bc4d18c742,DigitalSkill,SQL,The computer language SQL is a query language for retrieval of information from a database and of documents containing the needed information. It is developed by the American National Standards Institute and the International Organization for Standardization.,knowledge,sector-specific,released,Digital,high,DIG_598de5b0-5b58-4ea7-8058-a4bc4d18c742
http://data.europa.eu/esco/skill/59ea80e1-463a-4dba-82c6-d0b6d577d532,DigitalSkill,technical drawings,"Drawing software and the various symbols, perspectives, units of measurement, notation systems, visual styles and page layouts used in technical drawings.",knowledge,cross-sector,released,Digital,high,DIG_59ea80e1-463a-4dba-82c6-d0b6d577d532
http://data.europa.eu/esco/skill/5a29fbb3-3b5c-44f2-b07a-e84faa790088,DigitalSkill,maintain sensor equipment,"Diagnose and detect malfunctions in sensor components, systems, and products using sensors and remove, replace, or repair these components when necessary. Execute preventative equipment maintenance tasks, such as storing the components in clean, dust-free, and non-humid spaces.",skill/competence,cross-sector,released,Digital,high,DIG_5a29fbb3-3b5c-44f2-b07a-e84faa790088
http://data.europa.eu/esco/skill/5a6dda77-c09d-441a-8456-c6ca7e1bda06,DigitalSkill,weigh in motion system,"Weigh in motion systems, which measure the weight of a vehicle passing over and may send out an alarm if the vehicle is overloaded or unbalanced.",knowledge,occupation-specific,released,Digital,high,DIG_5a6dda77-c09d-441a-8456-c6ca7e1bda06
http://data.europa.eu/esco/skill/5ae6743f-8241-49f8-b447-0df43756cb1c,DigitalSkill,coordinate audio system programmes,"Coordinate the requirements, integration, and installation of audio control system programs.",skill/competence,sector-specific,released,Digital,high,DIG_5ae6743f-8241-49f8-b447-0df43756cb1c
http://data.europa.eu/esco/skill/5af49836-2269-46d9-87b9-0d3140c6c22e,DigitalSkill,integrate and re-elaborate digital content,"Modify, refine, improve and integrate information and content into an existing body of knowledge to create new, original and relevant content and knowledge.",skill/competence,cross-sector,released,Digital,high,DIG_5af49836-2269-46d9-87b9-0d3140c6c22e
http://data.europa.eu/esco/skill/5b26f08b-88bc-45f0-b901-530d7786466b,DigitalSkill,scientific computing,"The interdisciplinary field between computer science, mathematics and engineering. It concerns the employment of technical approaches and theoretical frameworks, and the use of computers, to address issues in science and engineering.",knowledge,cross-sector,released,Digital,high,DIG_5b26f08b-88bc-45f0-b901-530d7786466b
http://data.europa.eu/esco/skill/5b4ea415-3a3a-4d90-91d2-2d18ad196f4b,DigitalSkill,program sound cues,Program sound cues and rehearse sound states before or during rehearsals.,skill/competence,sector-specific,released,Digital,high,DIG_5b4ea415-3a3a-4d90-91d2-2d18ad196f4b
http://data.europa.eu/esco/skill/5b776f2d-cac1-437e-badd-9871876209a5,DigitalSkill,develop geological databases,Develop geological databases in order to acquire and organise information.,skill/competence,sector-specific,released,Digital,high,DIG_5b776f2d-cac1-437e-badd-9871876209a5
http://data.europa.eu/esco/skill/5b9cde20-f1b9-4adc-bfb3-dbf70b14138d,DigitalSkill,use object-oriented programming,"Utilise specialised ICT tools for programming paradigm based on the concept of objects, which can contain data in the form of fields and code in the form of procedures. Use programming languages which support this method such as JAVA and C++.",skill/competence,sector-specific,released,Digital,high,DIG_5b9cde20-f1b9-4adc-bfb3-dbf70b14138d
http://data.europa.eu/esco/skill/5bac4bcc-1846-4688-ba02-ad2b51544282,DigitalSkill,develop inclusive communication material,"Develop inclusive communication resources. Provide appropriate accessible digital, print and signage information and apply the appropriate language to support the representation and inclusion of people with disabilities. Make websites and online facilities accessible, e.g., ensuring compatibility with screen readers.",skill/competence,cross-sector,released,Digital,high,DIG_5bac4bcc-1846-4688-ba02-ad2b51544282
http://data.europa.eu/esco/skill/5be3d306-6cf1-4b49-aa1d-01651dd4ba4c,DigitalSkill,object-oriented modelling,"The object-oriented paradigm, which is based on classes, objects, methods and interfaces and their application in software design and analysis, programming organisation and techniques.",knowledge,sector-specific,released,Digital,high,DIG_5be3d306-6cf1-4b49-aa1d-01651dd4ba4c
http://data.europa.eu/esco/skill/5c48050b-c4ca-467e-a4d3-9547bf362a17,DigitalSkill,synchronise with mouth movements,Synchronise sound recording with the mouth movements of the original actor.,skill/competence,sector-specific,released,Digital,high,DIG_5c48050b-c4ca-467e-a4d3-9547bf362a17
http://data.europa.eu/esco/skill/5c66ce3a-658d-43b1-9d8d-0f39be6c0f2e,DigitalSkill,WebCMS,"The web-based software systems used for creating, editing, publishing and archiving blogs, articles, web pages or press releases which are mostly managed by users with limited web programming knowledge.",knowledge,sector-specific,released,Digital,high,DIG_5c66ce3a-658d-43b1-9d8d-0f39be6c0f2e
http://data.europa.eu/esco/skill/5c845ff8-b3f7-42b1-a846-a4238a8b404e,DigitalSkill,use ICT resources to solve work related tasks,Choose and use ICT resources in order to solve related tasks.,skill/competence,sector-specific,released,Digital,high,DIG_5c845ff8-b3f7-42b1-a846-a4238a8b404e
http://data.europa.eu/esco/skill/5c8aa481-9e7c-4f32-8197-a8b0fd7ca186,DigitalSkill,demonstrate functionality of software products,Demonstrate to customers the features and functionalities of software products.,skill/competence,sector-specific,released,Digital,high,DIG_5c8aa481-9e7c-4f32-8197-a8b0fd7ca186
http://data.europa.eu/esco/skill/5ca9f3d6-d7dd-4bb1-a4ca-75c6b14b7b6f,DigitalSkill,adapt to new technology used in cars,Adapt to new technology integrated in cars; understand systems operation and provide troubleshooting.,skill/competence,sector-specific,released,Digital,high,DIG_5ca9f3d6-d7dd-4bb1-a4ca-75c6b14b7b6f
http://data.europa.eu/esco/skill/5cbfa47c-5363-46f2-91e7-01909e4f3b15,DigitalSkill,manage online volunteers,"Manage a team of volunteers that are working online, recruiting them via online tools and facilitating online meetings to establish goals and evaluate their activities. ",skill/competence,sector-specific,released,Digital,high,DIG_5cbfa47c-5363-46f2-91e7-01909e4f3b15
http://data.europa.eu/esco/skill/5ce5236e-93e2-4899-8971-fff526f85a01,DigitalSkill,blockchain applications,"The knowledge of applications where blockchains can provide significant added value. They include applications in Banking and Finance (International Payments, Capital Markets, Trade Finance, Regulatory Finance and Audit, Money Laundering Protection, Insurance, Peer-to-Peer Transactions) and Business (Supply Chain Management, Healthcare, Real Estate, Media, Energy), Government (Identity Management, Voting, Taxes, Non-Profit Agencies, Compliance/Regulatory Oversight).",knowledge,cross-sector,released,Digital,high,DIG_5ce5236e-93e2-4899-8971-fff526f85a01
http://data.europa.eu/esco/skill/5ce80f97-b385-4a41-9339-a6593d0709c1,DigitalSkill,perform video editing,"Rearrange and edit video footage in the course of the post-production process. Edit the footage using a variety of sofware, tools, and techniques such as colour correction and effects, speed effects, and audio enhancing.",skill/competence,sector-specific,released,Digital,high,DIG_5ce80f97-b385-4a41-9339-a6593d0709c1
http://data.europa.eu/esco/skill/5cf70b66-f1b4-4c50-94fb-15ec74fad028,DigitalSkill,communicate using the global maritime distress and safety system,"Send an alert in case of distress, using any of the various GMDSS radio systems such that the alert has a very high probability of being received by either shore rescue authorities and/or other vessels in the area.",skill/competence,cross-sector,released,Digital,high,DIG_5cf70b66-f1b4-4c50-94fb-15ec74fad028
http://data.europa.eu/esco/skill/5d3798b0-d3a3-45ef-9df2-8b8756d4d79c,DigitalSkill,use thermal analysis,"Use software tools such as Icepak, Fluens and FloTHERM as a means to develop and optimize thermal control designs in order to cope with a wide range of difficult problems regarding thermal products and properties of thermal materials.",skill/competence,sector-specific,released,Digital,high,DIG_5d3798b0-d3a3-45ef-9df2-8b8756d4d79c
http://data.europa.eu/esco/skill/5d74614d-32c8-4ca4-9818-6980e52424b1,DigitalSkill,plan software testing,"Create and supervise tests plans. Decide on allocation of resources, tools and techniques. Set testing criteria for balancing incurred risks in case of remaining defects, adapt budgets and plan additional costs.",skill/competence,sector-specific,released,Digital,high,DIG_5d74614d-32c8-4ca4-9818-6980e52424b1
http://data.europa.eu/esco/skill/5d852752-4bae-4c6e-ab2a-7eb6bf82a99d,DigitalSkill,maintain computerised records of railway traffic,"Keep digital records of railway activities, such as the coordination and direction of railway traffic, issuing of permits and authorisations, and general traffic monitoring.",skill/competence,sector-specific,released,Digital,high,DIG_5d852752-4bae-4c6e-ab2a-7eb6bf82a99d
http://data.europa.eu/esco/skill/5da42cfd-1da8-4e4f-b68e-4f821d005fc5,DigitalSkill,virtual reality,The process of simulating real-life experiences in a completely immersive digital environment. The user interacts with the virtual reality system via devices such as specifically designed headsets.,knowledge,cross-sector,released,Digital,high,DIG_5da42cfd-1da8-4e4f-b68e-4f821d005fc5
http://data.europa.eu/esco/skill/5da73370-f6b9-417d-a94c-09bf01f84aa2,DigitalSkill,use access control software,"Utilise software to define the roles and manage user authentication, privileges and access rights to ICT systems, data and services.",skill/competence,sector-specific,released,Digital,high,DIG_5da73370-f6b9-417d-a94c-09bf01f84aa2
http://data.europa.eu/esco/skill/5da8018b-ae85-4cde-ad93-0394369018f3,DigitalSkill,SPARQL,The computer language SPARQL is a query language for retrieval of information from a database and of documents containing the needed information. It is developed by the international standards organisation World Wide Web Consortium.,knowledge,sector-specific,released,Digital,high,DIG_5da8018b-ae85-4cde-ad93-0394369018f3
http://data.europa.eu/esco/skill/5e0d6552-7efb-4207-b805-68fed752d778,DigitalSkill,apply colour grading,"Enhance the colour of recorded motion pictures or videos by adjusting the colour composition either by hand, in a photographic laboratory or digitally by using image editing software.",skill/competence,occupation-specific,released,Digital,high,DIG_5e0d6552-7efb-4207-b805-68fed752d778
http://data.europa.eu/esco/skill/5e14de3d-d055-427e-9f5b-eb068f56b019,DigitalSkill,research website users,Record and analyse website traffic by distributing surveys or using e-commerce and analytics. Identify the needs and preferences of target visitors in order to apply marketing strategies to increase website traffic.,skill/competence,cross-sector,released,Digital,high,DIG_5e14de3d-d055-427e-9f5b-eb068f56b019
http://data.europa.eu/esco/skill/5edaf4c4-6747-4eb8-b898-72dd2351dca8,DigitalSkill,control production flow remotely,"Control remotely the flow of production from the start-up operations to the shutdown of the equipments and systems, using the control panel.",skill/competence,cross-sector,released,Digital,high,DIG_5edaf4c4-6747-4eb8-b898-72dd2351dca8
http://data.europa.eu/esco/skill/5ef0c719-5bcb-49f8-b8eb-824388225333,DigitalSkill,use scripting programming,"Utilise specialised ICT tools to create computer code that is interpreted by the corresponding run-time environments in order to extend applications and automate common computer operations. Use programming languages which support this method such as Unix Shell scripts, JavaScript, Python and Ruby.",skill/competence,sector-specific,released,Digital,high,DIG_5ef0c719-5bcb-49f8-b8eb-824388225333
http://data.europa.eu/esco/skill/5f5e9350-1d13-4391-b9e1-07f6b2047fc5,DigitalSkill,e-learning,The strategies and didactical methods of learning in which the main elements include the use of ICT technologies.,knowledge,sector-specific,released,Digital,high,DIG_5f5e9350-1d13-4391-b9e1-07f6b2047fc5
http://data.europa.eu/esco/skill/5f782745-6382-4873-b415-8fb91c705b03,DigitalSkill,create digital images,"Create and process two-dimensional and three-dimensional digital images depicting animated objects or illustrating a process, using computer animation or modelling programs.",skill/competence,cross-sector,released,Digital,high,DIG_5f782745-6382-4873-b415-8fb91c705b03
http://data.europa.eu/esco/skill/5fd5c985-eaaa-47aa-8314-62359c54505a,DigitalSkill,develop digital content,"Create and edit digital content in different formats, express oneself through digital means.",skill/competence,cross-sector,released,Digital,high,DIG_5fd5c985-eaaa-47aa-8314-62359c54505a
http://data.europa.eu/esco/skill/5fd6c193-93c6-4f2d-bf9b-e0debb851f2d,DigitalSkill,collection management software,Be familiar with specialised collection management software used to document and keep record of the museum collection.,knowledge,sector-specific,released,Digital,high,DIG_5fd6c193-93c6-4f2d-bf9b-e0debb851f2d
http://data.europa.eu/esco/skill/5fed696b-77d6-46e1-aa57-e520928a9837,DigitalSkill,use free typing techniques,"Know, use and write documents, texts and content in general without looking at the keyboard. Use techniques to write documents in such fashion.",skill/competence,cross-sector,released,Digital,high,DIG_5fed696b-77d6-46e1-aa57-e520928a9837
http://data.europa.eu/esco/skill/6014921e-1d25-4039-adc2-04852d61880e,DigitalSkill,ICT debugging tools,"The ICT tools used to test and debug programs and software code, such as GNU Debugger (GDB), Intel Debugger (IDB), Microsoft Visual Studio Debugger, Valgrind and WinDbg.",knowledge,sector-specific,released,Digital,high,DIG_6014921e-1d25-4039-adc2-04852d61880e
http://data.europa.eu/esco/skill/604f62cc-0f04-4903-b9f9-7128f72d4e5a,DigitalSkill,Brightspace (learning management systems),"The computer program Brightspace is a e-learning platform for creating, administrating, arranging, reporting and delivering e-learning education courses or training programs. It is developed by the software company D2L Corporation.",knowledge,sector-specific,released,Digital,high,DIG_604f62cc-0f04-4903-b9f9-7128f72d4e5a
http://data.europa.eu/esco/skill/605399ce-4736-4b41-b41e-92ecf2139454,DigitalSkill,Solidity,"The techniques and principles of software development, such as analysis, algorithms, coding, testing and compiling of programming paradigms in Solidity.",knowledge,sector-specific,released,Digital,high,DIG_605399ce-4736-4b41-b41e-92ecf2139454
http://data.europa.eu/esco/skill/60d48be0-4260-4b2e-85b9-aedff7a9b7d9,DigitalSkill,ICT capacity planning strategies,"The methods, techniques and ICT tools used for planning the maximum amount of work that an organisation is capable of completing in a given period, based on the number of machines, workers and shifts and taking into account constraints such as quality problems, delays and material handling.",knowledge,sector-specific,released,Digital,high,DIG_60d48be0-4260-4b2e-85b9-aedff7a9b7d9
http://data.europa.eu/esco/skill/60f2ec1a-9237-4d0e-8c4a-1a3e67a0d83d,DigitalSkill,define celestial bodies,"Analyse data and images to calculate the size, shape, brightness, and motion of celestial bodies.",skill/competence,sector-specific,released,Digital,high,DIG_60f2ec1a-9237-4d0e-8c4a-1a3e67a0d83d
http://data.europa.eu/esco/skill/611ed16b-99bf-4840-9cab-f55d1d286e0a,DigitalSkill,store digital data and systems,"Use software tools to archive data by copying and backing them up, in order to ensure their integrity and to prevent data loss.",skill/competence,cross-sector,released,Digital,high,DIG_611ed16b-99bf-4840-9cab-f55d1d286e0a
http://data.europa.eu/esco/skill/6141595f-a016-4ef9-9487-3829f6804715,DigitalSkill,design a media integration system ,"Design a complex media integration system, based on a given concept and predefined requirements. This could be a permanent as well as a temporary installation.",skill/competence,occupation-specific,released,Digital,high,DIG_6141595f-a016-4ef9-9487-3829f6804715
http://data.europa.eu/esco/skill/6195c5f7-a4fb-425d-a3dd-c4467c4471a3,DigitalSkill,deploy cloud resource,"Identify and execute steps required to provision cloud resources, such as networks, servers, storage, applications, GPUs, and services. Define the cloud global infrastructure and remediate deployment issues. ",skill/competence,sector-specific,released,Digital,high,DIG_6195c5f7-a4fb-425d-a3dd-c4467c4471a3
http://data.europa.eu/esco/skill/61c567d0-e01c-4f5c-9420-5926298f5099,DigitalSkill,select recording source,Select the source from which programs will be recorded such as satellite or studio.,skill/competence,occupation-specific,released,Digital,high,DIG_61c567d0-e01c-4f5c-9420-5926298f5099
http://data.europa.eu/esco/skill/61c81161-b732-4c47-aba5-9e554d9a853f,DigitalSkill,integrated circuit types,"Types of integrated circuits (IC), such as analog integrated circuits, digital integrated circuits, and mixed-signal integrated circuits.",knowledge,sector-specific,released,Digital,high,DIG_61c81161-b732-4c47-aba5-9e554d9a853f
http://data.europa.eu/esco/skill/61d6ef20-6cc7-40f8-919e-3360db6cf2b3,DigitalSkill,hardware materials,"The characteristics, applications and environmental effects of materials used to develop hardware.",knowledge,sector-specific,released,Digital,high,DIG_61d6ef20-6cc7-40f8-919e-3360db6cf2b3
http://data.europa.eu/esco/skill/625b57ee-29d4-425b-bf99-9fd54dd021fe,DigitalSkill,Kali Linux,"The Kali Linux tool is a penetration testing tool which tests security weaknesses of the systems for potentially unauthorised access to system information by information gathering, vulnerability analysis and wireless and passwords attacks.",knowledge,sector-specific,released,Digital,high,DIG_625b57ee-29d4-425b-bf99-9fd54dd021fe
http://data.europa.eu/esco/skill/628664ec-a63b-4486-8d65-02aba81c82a0,DigitalSkill,ICT sales methodologies,"The practices used in the ICT sector to promote and sell products, services or applications such as SPIN Selling, Conceptual Selling and SNAP Selling.",knowledge,sector-specific,released,Digital,high,DIG_628664ec-a63b-4486-8d65-02aba81c82a0
http://data.europa.eu/esco/skill/6290031b-4183-4849-ab02-11a3ea0494da,DigitalSkill,test wireless devices,"Analyse and test wireless devices and digital platforms that use power management integrated circuits (PMIC), radio frequency integrated circuits (RFIC) or wireless chipsets.",skill/competence,occupation-specific,released,Digital,high,DIG_6290031b-4183-4849-ab02-11a3ea0494da
http://data.europa.eu/esco/skill/62f2caf5-9f94-43a6-ac1c-5962de81643f,DigitalSkill,promote virtual reality travelling experiences ,"Use virtual reality technology to immerse customers into experiences such as virtual tours of a destination, attraction or hotel. Promote this technology to allow customers to sample attractions or hotel rooms virtually before making a purchasing decision.",skill/competence,sector-specific,released,Digital,high,DIG_62f2caf5-9f94-43a6-ac1c-5962de81643f
http://data.europa.eu/esco/skill/63206320-8fb8-481d-b969-5ebdd33ac32e,DigitalSkill,roofing drones,"Types of remotely operated aircraft (ROA) which are used for visually assessing roofing damage, image or video capturing and gathering general size information for roofing works and further construction.",knowledge,occupation-specific,released,Digital,high,DIG_63206320-8fb8-481d-b969-5ebdd33ac32e
http://data.europa.eu/esco/skill/632843be-2872-47b4-a92e-352629f9bd88,DigitalSkill,analyse stress resistance of products,"Analyse the ability of products to endure stress imposed by temperature, loads, motion, vibration and other factors, by using mathematical formulas and computer simulations.",skill/competence,cross-sector,released,Digital,high,DIG_632843be-2872-47b4-a92e-352629f9bd88
http://data.europa.eu/esco/skill/6345d3a4-7d1a-40a9-9a82-6ed06beffe7b,DigitalSkill,online job platforms,Online platforms which display job offers.,knowledge,occupation-specific,released,Digital,high,DIG_6345d3a4-7d1a-40a9-9a82-6ed06beffe7b
http://data.europa.eu/esco/skill/6360a934-cc87-4954-9656-b32db20592e3,DigitalSkill,quantitative analysis,The technique of employing statistical and mathematical modelling and measurement to represent a specific reality through numbers.,knowledge,cross-sector,released,Digital,high,DIG_6360a934-cc87-4954-9656-b32db20592e3
http://data.europa.eu/esco/skill/6391d9ad-165e-4c42-80af-1b478db422e6,DigitalSkill,improve customer traveling experiences with augmented reality,"Use augmented reality technology to provide customers with enhanced experiences in their travelling journey, ranging from exploring digitally, interactively and in more depth tourist destinations, local sights and hotel rooms.",skill/competence,sector-specific,released,Digital,high,DIG_6391d9ad-165e-4c42-80af-1b478db422e6
http://data.europa.eu/esco/skill/63f0aa84-5e4c-4eb6-8e8c-876d9feedf1f,DigitalSkill,Outsourcing model,"The outsourcing model consists of principles and fundamentals of service-oriented modelling for business and software systems that allow the design and specification of service-oriented business systems within a variety of architectural styles, such as enterprise architecture.",knowledge,sector-specific,released,Digital,high,DIG_63f0aa84-5e4c-4eb6-8e8c-876d9feedf1f
http://data.europa.eu/esco/skill/6417a4cc-6f61-4459-a114-761a7fa0279d,DigitalSkill,Puppet (tools for software configuration management),"The tool Puppet is a software program to perform configuration identification, control, status accounting and audit.",knowledge,sector-specific,released,Digital,high,DIG_6417a4cc-6f61-4459-a114-761a7fa0279d
http://data.europa.eu/esco/skill/6430eb0d-c6de-46b7-a7fc-3dd2e8e62a69,DigitalSkill,use ICT ticketing system,"Utilise a specialised system to track registration, processing and resolution of issues in an organisation by assigning each of these issues a ticket, registering inputs from involved persons, tracking changes and displaying the status of the ticket, until it is completed.",skill/competence,cross-sector,released,Digital,high,DIG_6430eb0d-c6de-46b7-a7fc-3dd2e8e62a69
http://data.europa.eu/esco/skill/6468e5fb-f3be-4025-87be-4b6556755c61,DigitalSkill,programmable logic controller,Programmable logic controllers or PLC's are computer control systems used for the monitoring and control of input and output as well as the automation of electromechanical processes.,knowledge,cross-sector,released,Digital,high,DIG_6468e5fb-f3be-4025-87be-4b6556755c61
http://data.europa.eu/esco/skill/6474fc36-67ae-436b-9d39-c14402c6a89b,DigitalSkill,use ICT hardware,"Ability to use equipment such as monitor, mouse, keyboard, storage devices, printers, scanners etc to perform operations such as plugging in, starting up, shutting down, rebooting, saving files and other operations.",skill/competence,sector-specific,released,Digital,high,DIG_6474fc36-67ae-436b-9d39-c14402c6a89b
http://data.europa.eu/esco/skill/64852ade-6ae1-4760-ba4a-976bf07ca255,DigitalSkill,manage disaster recovery plans,"Prepare, test and execute, when necessary, a plan of action to retrieve or compensate lost information system data.",skill/competence,cross-sector,released,Digital,high,DIG_64852ade-6ae1-4760-ba4a-976bf07ca255
http://data.europa.eu/esco/skill/64a3ce27-51c7-4b9d-8e6b-0b127558b3e2,DigitalSkill,plot show control cues,"Enter, check and try out the different states in a show control board or system. Put in actions, levels, positions, changeovers, etc.",skill/competence,occupation-specific,released,Digital,high,DIG_64a3ce27-51c7-4b9d-8e6b-0b127558b3e2
http://data.europa.eu/esco/skill/64ab52f5-9200-45a3-a127-679b487c6415,DigitalSkill,use computer programs to improve patients' skills,"Use specialised computer programs to help patients improve skills they use in their daily lives, working on decision-making, abstract reasoning, memory, sequencing, coordination, problem-solving, and perceptual skills.",skill/competence,occupation-specific,released,Digital,high,DIG_64ab52f5-9200-45a3-a127-679b487c6415
http://data.europa.eu/esco/skill/64e09849-a7db-4d6b-a932-66264420eb97,DigitalSkill,apply social media marketing,"Employ website traffic of social media such as Facebook and Twitter to generate attention and participation of existing and potential customers through discussion forums, web logs, microblogging and social communities for gaining a quick overview or insight into topics and opinions in the social web and handle inbound leads or inquiries.",skill/competence,cross-sector,released,Digital,high,DIG_64e09849-a7db-4d6b-a932-66264420eb97
http://data.europa.eu/esco/skill/65e58886-bd1e-4c5b-8ca5-8d9b353c8aa1,DigitalSkill,data visualisation software,"A computer tool or application that creates a graphical and visual representation of data, allowing a better understanding and interpretation of complex data through visual elements such as maps, charts, infographics or graphs.",knowledge,cross-sector,released,Digital,high,DIG_65e58886-bd1e-4c5b-8ca5-8d9b353c8aa1
http://data.europa.eu/esco/skill/668c3fd4-8443-4f27-bc1e-2d96205186b5,DigitalSkill,blockchain application areas ,"The study of the areas in which blockchain is implemented. Banking and Finance, Businesses (Supply Chain Management, Healthcare, Real Estate, Media, Energy), and Government are some examples of this application areas.",knowledge,cross-sector,released,Digital,high,DIG_668c3fd4-8443-4f27-bc1e-2d96205186b5
http://data.europa.eu/esco/skill/6709e92c-7546-46a4-aa57-5e951bd4cb0f,DigitalSkill,building automation,"Type of automatic control system where through a Building Managements System or Building Automation System (BAS) the control of a building's ventilation, humidity, heating, lighting and other systems is being automated at centralized location and monitored through electronic systems. Can be set to optimize energy consumption.  ",knowledge,cross-sector,released,Digital,high,DIG_6709e92c-7546-46a4-aa57-5e951bd4cb0f
http://data.europa.eu/esco/skill/670f8eea-f25b-4c3f-97ef-a4729d4c63d6,DigitalSkill,smart contract,A software program in which the terms of a contract or transaction are directly coded. Smart contracts are executed automatically upon fulfilment of the terms and therefore require no third party to oversee and register the contract or transaction.,knowledge,sector-specific,released,Digital,high,DIG_670f8eea-f25b-4c3f-97ef-a4729d4c63d6
http://data.europa.eu/esco/skill/67a118f4-8a5f-48f7-8e5f-de34b9ca2c37,DigitalSkill,hybrid model,"The hybrid model consists of principles and fundamentals of service-oriented modelling for business and software systems that allow the design and specification of service-oriented business systems within a variety of architectural styles, such as enterprise architecture.",knowledge,sector-specific,released,Digital,high,DIG_67a118f4-8a5f-48f7-8e5f-de34b9ca2c37
http://data.europa.eu/esco/skill/67d37d22-a013-4d79-9185-2f97820917d6,DigitalSkill,analyse blood samples,"Analyse blood samples using computer-aided and manual techniques, looking for white or red blood cell abnormalities and other risk factors.",skill/competence,sector-specific,released,Digital,high,DIG_67d37d22-a013-4d79-9185-2f97820917d6
http://data.europa.eu/esco/skill/67dbfc2a-3dd4-41a1-90bd-97035e7add60,DigitalSkill,stay up to date with social media,"Keep up with the trends and people on social media such as Facebook, Twitter, and Instagram.",skill/competence,sector-specific,released,Digital,high,DIG_67dbfc2a-3dd4-41a1-90bd-97035e7add60
http://data.europa.eu/esco/skill/68174d5f-1646-42e2-b765-6a66cd1e59ae,DigitalSkill,adjust video transmissions,"Adjust the fidelity, brightness, and contrast of video transmissions by using video console control panels.",skill/competence,occupation-specific,released,Digital,high,DIG_68174d5f-1646-42e2-b765-6a66cd1e59ae
http://data.europa.eu/esco/skill/683bc3e3-6ec1-4ad2-8d62-d0ac1fabbe76,DigitalSkill,use analytics for commercial purposes,"Understand, extract and make use of patterns found in data. Use analytics to describe consistent happenings in observed samples in order to apply them to commercial plans, strategies, and corporate quests.",skill/competence,cross-sector,released,Digital,high,DIG_683bc3e3-6ec1-4ad2-8d62-d0ac1fabbe76
http://data.europa.eu/esco/skill/688e1fc3-cb58-4d56-85a0-97b84f37fb4a,DigitalSkill,operate automated stage movement control system,Operate an automated controlling system for stage movement and flying systems. Prepare and program the system including multiple synchronised movements.,skill/competence,occupation-specific,released,Digital,high,DIG_688e1fc3-cb58-4d56-85a0-97b84f37fb4a
http://data.europa.eu/esco/skill/694f1a0a-b6bd-453f-af6d-a833503da307,DigitalSkill,manage meteorological database,Develop and maintain meteorological databases. Add information after each new observation.,skill/competence,cross-sector,released,Digital,high,DIG_694f1a0a-b6bd-453f-af6d-a833503da307
http://data.europa.eu/esco/skill/696e3b5b-8b61-45af-ae4c-3ab700f197ec,DigitalSkill,information extraction,The techniques and methods used for eliciting and extracting information from unstructured or semi-structured digital documents and sources.,knowledge,sector-specific,released,Digital,high,DIG_696e3b5b-8b61-45af-ae4c-3ab700f197ec
http://data.europa.eu/esco/skill/697dcc9f-ae92-4506-b5f2-e770d7589f74,DigitalSkill,utilise regular expressions,Combine characters from a specific alphabet using well defined rules to generate character strings that can be used to describe a language or a pattern.,skill/competence,occupation-specific,released,Digital,high,DIG_697dcc9f-ae92-4506-b5f2-e770d7589f74
http://data.europa.eu/esco/skill/699c949a-699a-4858-a02e-a63f66872d6f,DigitalSkill,blockchain concept application,"The process of transferring essential blockchain and, more generally, distributed ledger concepts to diverse application domains. For this, the domain-specific challenges, solutions, and consequences of introducing peer-to-peer transaction and consensus patterns need to be well understood.

",knowledge,cross-sector,released,Digital,high,DIG_699c949a-699a-4858-a02e-a63f66872d6f
http://data.europa.eu/esco/skill/69bbd53f-fbb0-4476-b4b2-ef7844464e28,DigitalSkill,web programming,"The programming paradigm that is based on combining markup (which adds context and structure to text) and other web programming code, such as AJAX, javascript and PHP, in order to carry out appropriate actions and visualise the content.",knowledge,sector-specific,released,Digital,high,DIG_69bbd53f-fbb0-4476-b4b2-ef7844464e28
http://data.europa.eu/esco/skill/69cfc5ed-6569-4aca-a4cc-fd782ba51d9c,DigitalSkill,implement ICT risk management,"Develop and implement procedures for identifying, assessing, treating and mitigating ICT risks, such as hacks or data leaks, according to the company's risk strategy, procedures and policies. Analyse and manage security risks and incidents. Recommend measures to improve digital security strategy.",skill/competence,sector-specific,released,Digital,high,DIG_69cfc5ed-6569-4aca-a4cc-fd782ba51d9c
http://data.europa.eu/esco/skill/69f0167e-75d9-46cf-847f-72a592880ebb,DigitalSkill,STAF,"The tool STAF is a software program to perform configuration identification, control, status accounting and audit.",knowledge,sector-specific,released,Digital,high,DIG_69f0167e-75d9-46cf-847f-72a592880ebb
http://data.europa.eu/esco/skill/6a2bc03b-e30d-429b-9549-5784cb92ae2f,DigitalSkill,printed circuit boards,"Printed circuit boards (PCB) are essential components to almost all electronic devices. They consist of thin wafers or substrates on which electronic components, such as microchips, are placed. The electronic components are electrically connected through conductive tracks and pads.",knowledge,cross-sector,released,Digital,high,DIG_6a2bc03b-e30d-429b-9549-5784cb92ae2f
http://data.europa.eu/esco/skill/6a322874-e32f-4cd8-9683-badce67a7f73,DigitalSkill,develop automated software tests,"Create software test sets in an automated manner, ​using specialised languages or tools, that can be performed by testing tools in order to save resources, gain efficiency and effectiveness in test execution.",skill/competence,sector-specific,released,Digital,high,DIG_6a322874-e32f-4cd8-9683-badce67a7f73
http://data.europa.eu/esco/skill/6a536b36-c5c7-4d10-bf67-a4fb0f8549b2,DigitalSkill,audit techniques,"The techniques and methods that support a systematic and independent examination of data, policies, operations and performances using computer-assisted audit tools and techniques (CAATs) such as spreadsheets, databases, statistical analysis and business intelligence software.",knowledge,cross-sector,released,Digital,high,DIG_6a536b36-c5c7-4d10-bf67-a4fb0f8549b2
http://data.europa.eu/esco/skill/6a57def2-7b11-4b50-95b8-b16498795ad9,DigitalSkill,operate imagesetter,"Use a typesetting device that transfers electronic text and graphics directly to film, printing plates or photo-sensitive paper. The image is generated by a laser and raster image processor. Their use is to proof documents before the making of printing plates.",skill/competence,occupation-specific,released,Digital,high,DIG_6a57def2-7b11-4b50-95b8-b16498795ad9
http://data.europa.eu/esco/skill/6a876489-7ad8-4a13-b09c-c9b8e97a302e,DigitalSkill,Waterfall development,The waterfall development model is a methodology to design software systems and applications.,knowledge,sector-specific,released,Digital,high,DIG_6a876489-7ad8-4a13-b09c-c9b8e97a302e
http://data.europa.eu/esco/skill/6ad40ca3-dc34-4442-b23f-0b1b28936f56,DigitalSkill,maintain responsive design,Ensure that the website runs on the latest technology and is multi-platform compatible and mobile-friendly.,skill/competence,occupation-specific,released,Digital,high,DIG_6ad40ca3-dc34-4442-b23f-0b1b28936f56
http://data.europa.eu/esco/skill/6ae8306a-4f9d-4410-ac82-6406f3cbd16a,DigitalSkill,manage office facility systems,"Keep management and service ability of the various office systems needed for the smooth and daily operation of the office facilities such as internal communication systems, softwares of common use inside the company, and office networks.",skill/competence,cross-sector,released,Digital,high,DIG_6ae8306a-4f9d-4410-ac82-6406f3cbd16a
http://data.europa.eu/esco/skill/6b21150f-e704-4758-b102-63fd3412543c,DigitalSkill,create 3D characters,Develop 3D models by transforming and digitising previously designed characters using specialised 3D tools,skill/competence,sector-specific,released,Digital,high,DIG_6b21150f-e704-4758-b102-63fd3412543c
http://data.europa.eu/esco/skill/6b222aac-688c-4c9d-acbc-7fe25d37565e,DigitalSkill,maintain system logs,Maintain system logs or manuals to document equipment testing and operation.,skill/competence,cross-sector,released,Digital,high,DIG_6b222aac-688c-4c9d-acbc-7fe25d37565e
http://data.europa.eu/esco/skill/6b2f8802-0cbf-436e-a37f-ca55ede41bbc,DigitalSkill,operate digital hardware,"Use equipment such as monitor, mouse, keyboard, storage devices, printers and scanners to perform operations such as plugging in, starting up, shutting down, rebooting, saving files and other operations.",skill/competence,transversal,released,Digital,high,DIG_6b2f8802-0cbf-436e-a37f-ca55ede41bbc
http://data.europa.eu/esco/skill/6b30644d-bdc5-4bca-b1af-edbf5c6b15ee,DigitalSkill,process collected survey data,"Analyse and interpret survey data acquired from a wide variety of sources e.g. satellite surveys, aerial photography and laser measurement systems.",skill/competence,cross-sector,released,Digital,high,DIG_6b30644d-bdc5-4bca-b1af-edbf5c6b15ee
http://data.europa.eu/esco/skill/6b3afb82-c4ea-4f14-be54-a757fb762663,DigitalSkill,Vagrant,"The tool Vagrant is a software program to perform configuration identification, control, status accounting and audit.",knowledge,sector-specific,released,Digital,high,DIG_6b3afb82-c4ea-4f14-be54-a757fb762663
http://data.europa.eu/esco/skill/6b42f6d0-709f-4011-b777-2c8ecc559214,DigitalSkill,maintain broadcast equipment,"Maintain, check, and repair broadcast equipment to ensure continuity of operations.",skill/competence,occupation-specific,released,Digital,high,DIG_6b42f6d0-709f-4011-b777-2c8ecc559214
http://data.europa.eu/esco/skill/6b4f794c-062e-4e05-863a-ae1bad44f395,DigitalSkill,Monte Carlo simulation,"A mathematical technique used to predict, estimate, and analyse a range of future possible outcomes for an uncertain event. The process is performed through a simulation to estimate a range of values. ",knowledge,cross-sector,released,Digital,high,DIG_6b4f794c-062e-4e05-863a-ae1bad44f395
http://data.europa.eu/esco/skill/6b643893-0a1f-4f6c-83a1-e7eef75849b9,DigitalSkill,develop with cloud services,"Write code that interacts with cloud services by using APIs, SDKs, and cloud CLI. Write code for serverless applications, translate functional requirements into application design, implement application design into application code. ",skill/competence,sector-specific,released,Digital,high,DIG_6b643893-0a1f-4f6c-83a1-e7eef75849b9
http://data.europa.eu/esco/skill/6b6a9252-2ed7-4862-a02f-1578f4a532ea,DigitalSkill,Eclipse (integrated development environment software),"The computer program Eclipse is a suite of software development tools for writing programs, such as compiler, debugger, code editor, code highlights, packaged in a unified user interface. It is developed by the Eclipse Foundation.",knowledge,sector-specific,released,Digital,high,DIG_6b6a9252-2ed7-4862-a02f-1578f4a532ea
http://data.europa.eu/esco/skill/6b9c6280-cd0b-4462-885e-da63fe5918ea,DigitalSkill,draw up stage layouts digitally,Draw and design stage settings and layouts using software like CAD.,skill/competence,sector-specific,released,Digital,high,DIG_6b9c6280-cd0b-4462-885e-da63fe5918ea
http://data.europa.eu/esco/skill/6c08403c-a5bb-4868-b8c2-b7d039c0e511,DigitalSkill,design database scheme,"Draft a database scheme by following the Relational Database Management System (RDBMS) rules in order to create a logically arranged group of objects such as tables, columns and processes.",skill/competence,sector-specific,released,Digital,high,DIG_6c08403c-a5bb-4868-b8c2-b7d039c0e511
http://data.europa.eu/esco/skill/6c153605-d62c-4970-81a9-49646ab32032,DigitalSkill,consumer electronics,"The functioning of electronic consumer goods such as TVs, radios, cameras and other audio and video equipment.",knowledge,sector-specific,released,Digital,high,DIG_6c153605-d62c-4970-81a9-49646ab32032
http://data.europa.eu/esco/skill/6c80d53c-d8c9-41fe-998f-091fca208834,DigitalSkill,learning management systems,"The e-learning platform for creating, administrating, arranging, reporting and delivering e-learning education courses or training programs.",knowledge,cross-sector,released,Digital,high,DIG_6c80d53c-d8c9-41fe-998f-091fca208834
http://data.europa.eu/esco/skill/6cad4013-3055-47ba-8316-0720e1a55256,DigitalSkill,technically design a sound system,"Set up, test and operate a complex audio system, based on a given sound concept. This could be a permanent as well as a temporary installation.",skill/competence,sector-specific,released,Digital,high,DIG_6cad4013-3055-47ba-8316-0720e1a55256
http://data.europa.eu/esco/skill/6d289e8b-2cc1-4eda-ab1f-ad1090ef98f0,DigitalSkill,WordPress,"The open-source web-based software systems used for creating, editing, publishing and archiving blogs, articles, web pages or press releases which are mostly managed by users with limited web programming knowledge.",knowledge,sector-specific,released,Digital,high,DIG_6d289e8b-2cc1-4eda-ab1f-ad1090ef98f0
http://data.europa.eu/esco/skill/6e34b68e-0d61-49f2-bc4d-571c0326d857,DigitalSkill,test sensors,Test sensors using appropriate equipment. Gather and analyse data. Monitor and evaluate system performance and take action if needed.,skill/competence,cross-sector,released,Digital,high,DIG_6e34b68e-0d61-49f2-bc4d-571c0326d857
http://data.europa.eu/esco/skill/6e3e5c17-0d46-4376-9928-8dbaaea27164,DigitalSkill,conserve new media,Digitally preserve and archive electronic records using up-to-date technology.,skill/competence,sector-specific,released,Digital,high,DIG_6e3e5c17-0d46-4376-9928-8dbaaea27164
http://data.europa.eu/esco/skill/6e4f264a-e2e1-42fb-9866-e64069f8b441,DigitalSkill,maintain audiovisual equipment,"Perform routine maintenance tasks on audiovisual equipment as well as minor repairs, such as replacing parts and calibrating the instruments, on equipment used in processing sound and images.",skill/competence,sector-specific,released,Digital,high,DIG_6e4f264a-e2e1-42fb-9866-e64069f8b441
http://data.europa.eu/esco/skill/6e4f75b4-c60f-4623-a9ba-760c8245753b,DigitalSkill,ICT communications protocols,The system of rules which allow the exchange of information between computers or other devices via computer networks.,knowledge,sector-specific,released,Digital,high,DIG_6e4f75b4-c60f-4623-a9ba-760c8245753b
http://data.europa.eu/esco/skill/6e53fd99-b646-4327-9580-ac062ab21188,DigitalSkill,3D lighting,The arrangement or digital effect which simulates lighting in a 3D environment.,knowledge,sector-specific,released,Digital,high,DIG_6e53fd99-b646-4327-9580-ac062ab21188
http://data.europa.eu/esco/skill/6e8fe5de-fe6d-482c-92fe-20e56ee57324,DigitalSkill,global navigation satellite system performance parameters,"The performance parameters for Global Navigation Satellite Systems (GNSS), and the requirements that any GNSS system should possess in specific conditions.",knowledge,sector-specific,released,Digital,high,DIG_6e8fe5de-fe6d-482c-92fe-20e56ee57324
http://data.europa.eu/esco/skill/6efef9df-ac86-45ca-8b1b-a8178ef17b5c,DigitalSkill,solve location and navigation problems by using GPS tools,"Use applications and devices which provide users with accurate assessment of their location using system of satellites, such as navigation systems.",skill/competence,sector-specific,released,Digital,high,DIG_6efef9df-ac86-45ca-8b1b-a8178ef17b5c
http://data.europa.eu/esco/skill/6f728d63-5c45-40b3-8bfd-e17c5dba28ad,DigitalSkill,tend CNC grinding machine,"Tend a computer numerical controlled (CNC) grinding machine designed for manufacturing processes on metal, wooden, plastic materials and others, monitor and operate it, according to regulations.",skill/competence,cross-sector,released,Digital,high,DIG_6f728d63-5c45-40b3-8bfd-e17c5dba28ad
http://data.europa.eu/esco/skill/6f7512ab-d46d-402a-8c30-a8878d7c1f88,DigitalSkill,SQL Server Integration Services,"The computer program SQL Server Integration Services is a tool for integration of information from multiple applications, created and maintained by organisations, into one consistent and transparent data structure, developed by the software company Microsoft.",knowledge,sector-specific,released,Digital,high,DIG_6f7512ab-d46d-402a-8c30-a8878d7c1f88
http://data.europa.eu/esco/skill/6f8a40d6-f9ce-43ec-a72f-d4213a53f3ed,DigitalSkill,Ansible,"The tool Ansible is a software program to perform configuration identification, control, status accounting and audit.",knowledge,sector-specific,released,Digital,high,DIG_6f8a40d6-f9ce-43ec-a72f-d4213a53f3ed
http://data.europa.eu/esco/skill/6f993130-082b-4732-b62f-52cdf2096ad9,DigitalSkill,use methods of logistical data analysis,"Read and interpret supply chain and transportation data. Analyse the reliability and availability of findings by using methods such as data mining, data modelling and cost-benefit analysis.",skill/competence,cross-sector,released,Digital,high,DIG_6f993130-082b-4732-b62f-52cdf2096ad9
http://data.europa.eu/esco/skill/6fa1c2c0-a012-4ca0-9642-e01569ba322c,DigitalSkill,ICT system integration,"The principles of integrating ICT components and products from a number of sources to create an operational ICT system, techniques which ensure interoperability and interfaces between components and the system.",knowledge,sector-specific,released,Digital,high,DIG_6fa1c2c0-a012-4ca0-9642-e01569ba322c
http://data.europa.eu/esco/skill/6fe76a8b-4d5f-4cea-b76b-5908463fb014,DigitalSkill,study website behaviour patterns,"Research, analyse and optimise business results and user experience online through the use of tracking website metric tools.",skill/competence,cross-sector,released,Digital,high,DIG_6fe76a8b-4d5f-4cea-b76b-5908463fb014
http://data.europa.eu/esco/skill/70988d2c-a750-4808-a360-5aaf859cf39a,DigitalSkill,broadcast using Internet Protocol,Manage broadcasting over the internet by properly using the Internet Protocol in order to ensure the broadcast is accessible to users.,skill/competence,occupation-specific,released,Digital,high,DIG_70988d2c-a750-4808-a360-5aaf859cf39a
http://data.europa.eu/esco/skill/709ef32a-7435-48e2-8fa2-16e389ecab8a,DigitalSkill,Cisco,The products available from the network equipment provider Cisco and methods for selecting and procuring the equipment.,knowledge,sector-specific,released,Digital,high,DIG_709ef32a-7435-48e2-8fa2-16e389ecab8a
http://data.europa.eu/esco/skill/70a7b3b3-31ef-4b29-a30f-bb7299dff39b,DigitalSkill,sensors,"Sensors are transducers that can detect or sense characteristics in their environment. They detect changes in the apparatus or environment and provide a corresponding optical or electrical signal. Sensors are commonly divided in six classes: mechanical, electronic, thermal, magnetic, electrochemical, and optical sensors.",knowledge,cross-sector,released,Digital,high,DIG_70a7b3b3-31ef-4b29-a30f-bb7299dff39b
http://data.europa.eu/esco/skill/70b0bc44-6751-4530-ac5c-a893d4241aeb,DigitalSkill,building's electronic access equipment,"The types, characteristics and methods of use of electronic equipment used to access facilities such as card access control panels, card readers or infra-red readers.",knowledge,sector-specific,released,Digital,high,DIG_70b0bc44-6751-4530-ac5c-a893d4241aeb
http://data.europa.eu/esco/skill/70de94f5-9575-4edd-bca7-c797b023b9d6,DigitalSkill,Oracle WebLogic,The application server Oracle WebLogic is Java EE based application server which serves as a middle tier that links the back-end databases to the related applications.,knowledge,sector-specific,released,Digital,high,DIG_70de94f5-9575-4edd-bca7-c797b023b9d6
http://data.europa.eu/esco/skill/7106b5df-e017-4c28-8c40-98814db5b775,DigitalSkill,Prince2 project management,"The PRINCE2 management approach is a methodology for planning, managing and overseeing of ICT resources in order to meet specific goals and using project management ICT tools.",knowledge,sector-specific,released,Digital,high,DIG_7106b5df-e017-4c28-8c40-98814db5b775
http://data.europa.eu/esco/skill/713fb616-118e-40bc-9366-4a69879a49d5,DigitalSkill,implement data quality processes,"Apply quality analysis, validation and verification techniques on data to check data quality integrity.",skill/competence,cross-sector,released,Digital,high,DIG_713fb616-118e-40bc-9366-4a69879a49d5
http://data.europa.eu/esco/skill/7193cb6d-8334-494f-86e5-21e6d03a47c3,DigitalSkill,unified modelling language,The general-purpose modelling language used in software development to offer a standard visualisation of system designs.,knowledge,sector-specific,released,Digital,high,DIG_7193cb6d-8334-494f-86e5-21e6d03a47c3
http://data.europa.eu/esco/skill/719d8699-a221-4b5a-8fc3-68a8645cbe03,DigitalSkill,adobe creative suite,"The set of software applications that are used to create visual content for personal or business use. Examples of items that can be generated are flyers, brochures, books, websites and videos.",knowledge,sector-specific,released,Digital,high,DIG_719d8699-a221-4b5a-8fc3-68a8645cbe03
http://data.europa.eu/esco/skill/71c2f41e-14de-4b23-82ad-5dbcd54ba5b0,DigitalSkill,deploy ICT systems,"Deliver and instalI computers or ICT systems, ensuring testing and preparation for use.",skill/competence,sector-specific,released,Digital,high,DIG_71c2f41e-14de-4b23-82ad-5dbcd54ba5b0
http://data.europa.eu/esco/skill/71f81e1a-e2ca-48d6-b7b8-7a34c56c51f8,DigitalSkill,transmission technology,"Technologies that allow the transmission of analogue or digital information signals over a point-to-point or a point-to-multipoint through the use of communication channels or transmission media, such as optical fibre, copper wire, or wireless communication channels. The information or data are usually transmitted as an electromagnetic signal, such as radio waves or microwaves.",knowledge,cross-sector,released,Digital,high,DIG_71f81e1a-e2ca-48d6-b7b8-7a34c56c51f8
http://data.europa.eu/esco/skill/7229b6dc-e2ef-44fe-b9a1-06b1c1075d8f,DigitalSkill,automatic control system,"Set of interconnected mechanisms and components, such as controllers or sensing elements, that use programming logic to automate the operation and behaviour of a process or system without a continuous human intervention, to achieve a desired performance such as stability.
",knowledge,cross-sector,released,Digital,high,DIG_7229b6dc-e2ef-44fe-b9a1-06b1c1075d8f
http://data.europa.eu/esco/skill/7234e847-451d-499a-9c7b-0050a4e758d6,DigitalSkill,utilise content types,"Use MIME types and subtypes as standard identifier to indicate the type of data that a file contains such as the type of link, object, script and style elements and the media type.",skill/competence,cross-sector,released,Digital,high,DIG_7234e847-451d-499a-9c7b-0050a4e758d6
http://data.europa.eu/esco/skill/7253d98c-4a6d-4e37-8b6c-accca9f4b639,DigitalSkill,develop ICT test suite,Create a series of test cases to check software behaviour versus specifications. These test cases are then to be used during subsequent testing.,skill/competence,sector-specific,released,Digital,high,DIG_7253d98c-4a6d-4e37-8b6c-accca9f4b639
http://data.europa.eu/esco/skill/727eb829-28da-4d6a-8552-ba5b5d280c41,DigitalSkill,install image equipment,Install and connect projection and image equipment.,skill/competence,occupation-specific,released,Digital,high,DIG_727eb829-28da-4d6a-8552-ba5b5d280c41
http://data.europa.eu/esco/skill/72812eb6-5a0f-48e8-815d-3d2a16b8e963,DigitalSkill,operate an audio mixing console,Operate an audio mixing system during rehearsals or during live performances.,skill/competence,sector-specific,released,Digital,high,DIG_72812eb6-5a0f-48e8-815d-3d2a16b8e963
http://data.europa.eu/esco/skill/7341904f-5913-470c-8c53-bc832df248ec,DigitalSkill,maintain robotic equipment,"Diagnose and detect malfunctions in robotic components and systems and remove, replace, or repair these components when necessary. Execute preventative equipment maintenance tasks, such as storing robotic components in clean, dust-free, and non-humid spaces.",skill/competence,sector-specific,released,Digital,high,DIG_7341904f-5913-470c-8c53-bc832df248ec
http://data.europa.eu/esco/skill/7369f779-4b71-4aab-8836-48b69c676eec,DigitalSkill,operate relational database management system,"Extract, store and verify information using database management systems based on the relational database model, which arranges data into tables of rows and columns, such as Oracle Database, Microsoft SQL Server and MySQL.",skill/competence,sector-specific,released,Digital,high,DIG_7369f779-4b71-4aab-8836-48b69c676eec
http://data.europa.eu/esco/skill/736ef286-fbd3-4e5c-a4b4-d1e2008c9898,DigitalSkill,plan digital marketing,"Develop digital marketing strategies for both leisure and business purposes, create websites and deal with mobile technology and social networking.",skill/competence,cross-sector,released,Digital,high,DIG_736ef286-fbd3-4e5c-a4b4-d1e2008c9898
http://data.europa.eu/esco/skill/7373abdb-ee5a-4949-b4ae-dee60ab37914,DigitalSkill,use communication equipment,"Set up, test and operate different types of communication equipment such as transmission equipment, digital network equipment, or telecommunications equipment.",skill/competence,sector-specific,released,Digital,high,DIG_7373abdb-ee5a-4949-b4ae-dee60ab37914
http://data.europa.eu/esco/skill/737f8895-46df-4283-8f38-13f3f0fc3b77,DigitalSkill,digital twin technology,"Model designed to generate a virtual representation of an object or system updated from real-time data. The virtual representation process is through the combination of data and technology simulation, using sensors to produce data of the physical object, such as temperature or energy to build its digital twin. Machine learning, simulation and reasoning are involved in this process. ",knowledge,sector-specific,released,Digital,high,DIG_737f8895-46df-4283-8f38-13f3f0fc3b77
http://data.europa.eu/esco/skill/73c7d0d9-092f-4f6e-800a-5759f45a6fc6,DigitalSkill,operate 2D CAD for footwear,"Be able to read and interpret design specification to transfer 3D virtual models, computer made drawings and handmade sketches into the 2D environment of the CAD software. Flatten and work with digitised shells. Use scanners and tablets. Produce, adjust and modify 2D designs of all patterns, including technical specifications, for various footwear construction types with 2D CAD systems. Grade and make the nesting. Produce technical sheets.",skill/competence,sector-specific,released,Digital,high,DIG_73c7d0d9-092f-4f6e-800a-5759f45a6fc6
http://data.europa.eu/esco/skill/744442ac-c157-4350-8be0-ce454df4f5c5,DigitalSkill,perform ICT troubleshooting,"Identify problems with servers, desktops, printers, networks, and remote access, and perform actions which solve the problems.",skill/competence,cross-sector,released,Digital,high,DIG_744442ac-c157-4350-8be0-ce454df4f5c5
http://data.europa.eu/esco/skill/7482a123-e801-48de-9733-262125671410,DigitalSkill,task algorithmisation,The techniques to convert unstructured descriptions of a process into step-by-step sequence of actions of a finite number of steps.,knowledge,cross-sector,released,Digital,high,DIG_7482a123-e801-48de-9733-262125671410
http://data.europa.eu/esco/skill/749ae61c-fe7b-461b-8bc3-349f46617ee7,DigitalSkill,locate microchip in animals,"Scan the animal carefully, using the correct procedure for the type of scanner, to locate the possible presence of a microchip. Check the data on the relevant database or other documentation where a microchip is detected. Use the back track system to identify who implanted the chip, where a chip is not listed in a database.",skill/competence,occupation-specific,released,Digital,high,DIG_749ae61c-fe7b-461b-8bc3-349f46617ee7
http://data.europa.eu/esco/skill/74cb80c4-df6b-4d79-a153-cb7b3b3b6eb0,DigitalSkill,plan social media marketing campaigns,Plan and implement a marketing campaign on social media. ,skill/competence,sector-specific,released,Digital,high,DIG_74cb80c4-df6b-4d79-a153-cb7b3b3b6eb0
http://data.europa.eu/esco/skill/750f86d2-18be-4015-84b1-d4a26d9b2d88,DigitalSkill,online ads campaign techniques,Techniques to plan and implement a marketing campaign on online ads platforms.,knowledge,cross-sector,released,Digital,high,DIG_750f86d2-18be-4015-84b1-d4a26d9b2d88
http://data.europa.eu/esco/skill/751941a0-5645-4f8b-b97e-b252909d5edb,DigitalSkill,develop ICT workflow,"Create repeatable patterns of ICT activity within an organisation which enhances the systematic transformations of products, informational processes and services through their production.",skill/competence,sector-specific,released,Digital,high,DIG_751941a0-5645-4f8b-b97e-b252909d5edb
http://data.europa.eu/esco/skill/7557f0f4-b8bc-4ac0-b91e-222ab1ba744f,DigitalSkill,tools for ICT test automation,"The specialised software to execute or control tests and compare predicted testing outputs with actual testing results such as Selenium, QTP and LoadRunner",knowledge,sector-specific,released,Digital,high,DIG_7557f0f4-b8bc-4ac0-b91e-222ab1ba744f
http://data.europa.eu/esco/skill/755a5df2-863e-44c1-b4a2-83eb33bac492,DigitalSkill,design brand's online communication plan,Design of content and presentation of the brand in an online interactive platform.,skill/competence,occupation-specific,released,Digital,high,DIG_755a5df2-863e-44c1-b4a2-83eb33bac492
http://data.europa.eu/esco/skill/75d2ac62-700a-41d1-b920-5cd7aaa78553,DigitalSkill,operate control systems,"Configure and operate electrical, electronic and control equipment. Maintain, monitor and control operations on a control system to ensure major risks are controlled and prevented.",skill/competence,sector-specific,released,Digital,high,DIG_75d2ac62-700a-41d1-b920-5cd7aaa78553
http://data.europa.eu/esco/skill/75f839c2-fd9a-4ad3-8921-6e734608568d,DigitalSkill,use query languages,Retrieve information from a database or information system using computer languages designed for the retrieval of data.,skill/competence,sector-specific,released,Digital,high,DIG_75f839c2-fd9a-4ad3-8921-6e734608568d
http://data.europa.eu/esco/skill/76415d7f-0fde-4364-b45f-5c044580d2aa,DigitalSkill,create CAD drawings,Create As-Built drawings using CAD.,skill/competence,cross-sector,released,Digital,high,DIG_76415d7f-0fde-4364-b45f-5c044580d2aa
http://data.europa.eu/esco/skill/76842746-cacb-4e6d-adc6-0656d75c9c51,DigitalSkill,use CAD for heels,"Digitise and scan the lasts. Work with files in various CAD systems. Produce 3D models of heels and create 2D computer aided designs. Grade and obtain the size series. Prepare technical specifications for manufacturing. Produce 2D and 3D computer aided engineering designs and technical drawings of moulds for vulcanised and injected heels. Export the files of the virtual models to 3D printers, CAM or CNC systems.",skill/competence,sector-specific,released,Digital,high,DIG_76842746-cacb-4e6d-adc6-0656d75c9c51
http://data.europa.eu/esco/skill/768fe91b-ccde-4649-94f3-07be5d8b6be1,DigitalSkill,read 3D displays,"Read 3D-displays and understand the information they provide on positions, distances, and other parameters.",skill/competence,cross-sector,released,Digital,high,DIG_768fe91b-ccde-4649-94f3-07be5d8b6be1
http://data.europa.eu/esco/skill/76ef6ed3-1658-4a1a-9593-204d799c6d0c,DigitalSkill,NoSQL,"The Not Only SQL non-relational database used for creating, updating and managing large amounts of unstructured data stored in the cloud.",knowledge,sector-specific,released,Digital,high,DIG_76ef6ed3-1658-4a1a-9593-204d799c6d0c
http://data.europa.eu/esco/skill/770d4956-b5e0-4d44-bf42-3a766b232c5d,DigitalSkill,maintain a central project repository,Store project files and documents in a central repository accessible to the project manager and to all the project teams. Use available online tools and dedicated software.,skill/competence,cross-sector,released,Digital,high,DIG_770d4956-b5e0-4d44-bf42-3a766b232c5d
http://data.europa.eu/esco/skill/772a9c72-abef-4333-9788-f4cb48ad8e08,DigitalSkill,identify software for warehouse management,"Identify relevant software and applications used for warehouse management systems, their characteristics and value added to warehouse management operations.",skill/competence,cross-sector,released,Digital,high,DIG_772a9c72-abef-4333-9788-f4cb48ad8e08
http://data.europa.eu/esco/skill/77592603-505b-4096-97dd-d0def6bd7601,DigitalSkill,computational fluid dynamics,"The principles of computer-manipulated fluid mechanics, which determines the behaviour of fluids in motion. ",knowledge,cross-sector,released,Digital,high,DIG_77592603-505b-4096-97dd-d0def6bd7601
http://data.europa.eu/esco/skill/778ca7ad-6c5d-4868-9b96-a7777dca799c,DigitalSkill,ICT help platforms,The platforms for delivering help systems for operating systems.,knowledge,sector-specific,released,Digital,high,DIG_778ca7ad-6c5d-4868-9b96-a7777dca799c
http://data.europa.eu/esco/skill/77bf865e-6360-424f-9d77-ce03918c7dcf,DigitalSkill,design circuit boards,"Draught circuit boards used in electronic product such as cell phones and computers, make sure to include integrated circuits and microchips in the design.",skill/competence,cross-sector,released,Digital,high,DIG_77bf865e-6360-424f-9d77-ce03918c7dcf
http://data.europa.eu/esco/skill/7814e88f-c133-4c3b-b27f-857afa145d42,DigitalSkill,ICT security legislation,"The set of legislative rules that safeguards information technology, ICT networks and computer systems and legal consequences which result from their misuse. Regulated measures include firewalls, intrusion detection, anti-virus software and encryption.",knowledge,sector-specific,released,Digital,high,DIG_7814e88f-c133-4c3b-b27f-857afa145d42
http://data.europa.eu/esco/skill/78845d0c-e56f-4318-a9c6-bf75931dd520,DigitalSkill,conduct threat intelligence,"Conduct cyber threats intelligence by collecting, analysing, and interpreting data about potential cyber threats. Leverage various sources of information such as open-source intelligence (OSINT), social media, or dark web services.",skill/competence,sector-specific,released,Digital,high,DIG_78845d0c-e56f-4318-a9c6-bf75931dd520
http://data.europa.eu/esco/skill/78a74fd1-efc6-49dc-adb1-1b0fbe35c22c,DigitalSkill,provide software testing documentation,Describe software testing procedures to technical team and analysis of test outcomes to users and clients in order to inform them about state and efficiency of software.,skill/competence,sector-specific,released,Digital,high,DIG_78a74fd1-efc6-49dc-adb1-1b0fbe35c22c
http://data.europa.eu/esco/skill/78b26c92-da70-4c72-9f10-7a8c8b9db02e,DigitalSkill,use internet to increase sales,"Promote goods and services through the use of internet systems such as e-commerce, m-commerce and social media in order to increase sales.",skill/competence,sector-specific,released,Digital,high,DIG_78b26c92-da70-4c72-9f10-7a8c8b9db02e
http://data.europa.eu/esco/skill/78d90f00-5226-44fc-95c2-0d8dac6b081b,DigitalSkill,technology education,The educational branch that aims at providing students with the relevant knowledge skills about technology and its uses and applications.,knowledge,sector-specific,released,Digital,high,DIG_78d90f00-5226-44fc-95c2-0d8dac6b081b
http://data.europa.eu/esco/skill/7957b5f9-1f33-4ff8-84e9-e258b17882c2,DigitalSkill,test microelectronics,Test microelectronics using appropriate equipment. Gather and analyse data. Monitor and evaluate system performance and take action if needed.,skill/competence,sector-specific,released,Digital,high,DIG_7957b5f9-1f33-4ff8-84e9-e258b17882c2
http://data.europa.eu/esco/skill/7961413f-61d0-4722-9cd9-20a050a29899,DigitalSkill,perform software unit testing,Test single units of source code to determine whether or not they are suitable for use by creating short code fragments.,skill/competence,sector-specific,released,Digital,high,DIG_7961413f-61d0-4722-9cd9-20a050a29899
http://data.europa.eu/esco/skill/797a4416-0b8d-44f3-8fcd-eb10bd0be6b4,DigitalSkill,develop software prototype,Create a first incomplete or preliminary version of a piece of software application to simulate some specific aspects of the final product.,skill/competence,sector-specific,released,Digital,high,DIG_797a4416-0b8d-44f3-8fcd-eb10bd0be6b4
http://data.europa.eu/esco/skill/79a5bc25-5b59-47bc-a4c2-fb8e8cb1ddf6,DigitalSkill,smart grids systems,"Smart grids are a digital electricity network. The system involves the electronic digital control of production, distribution and use of electricity, information management of the components and energy saving.",knowledge,sector-specific,released,Digital,high,DIG_79a5bc25-5b59-47bc-a4c2-fb8e8cb1ddf6
http://data.europa.eu/esco/skill/79c366d4-0316-4838-b72e-c3be4f90fbd3,DigitalSkill,use communication devices,"Operate communication devices in order to interact with customers, colleagues, and others.",skill/competence,cross-sector,released,Digital,high,DIG_79c366d4-0316-4838-b72e-c3be4f90fbd3
http://data.europa.eu/esco/skill/79e29b8b-47d1-470d-b7b1-32506bfe7d9a,DigitalSkill,collect ICT data,Gather data by designing and applying search and sampling methods.,skill/competence,cross-sector,released,Digital,high,DIG_79e29b8b-47d1-470d-b7b1-32506bfe7d9a
http://data.europa.eu/esco/skill/7a6b4549-cd3e-46c7-8a40-9096520dff84,DigitalSkill,modify textile designs,Edit sketches and digital textile designs until they meet up with customers' requirements.,skill/competence,sector-specific,released,Digital,high,DIG_7a6b4549-cd3e-46c7-8a40-9096520dff84
http://data.europa.eu/esco/skill/7a757fa5-9a6f-43ab-9e66-f8f4dba1ffcb,DigitalSkill,use CAM software,"Use computer-aided manufacturing (CAM) programmes to control machinery and machine tools in the creation, modification, analysis, or optimisation as part of the manufacturing processes of workpieces.",skill/competence,cross-sector,released,Digital,high,DIG_7a757fa5-9a6f-43ab-9e66-f8f4dba1ffcb
http://data.europa.eu/esco/skill/7a950986-27fe-4b6c-adf3-88f211e77019,DigitalSkill,robotic components,"The components that can be found in robotic systems, such as microprocessors, electronics, sensors, circuit boards, encoders, servomotors, controllers, pneumatics or hydraulics.",knowledge,cross-sector,released,Digital,high,DIG_7a950986-27fe-4b6c-adf3-88f211e77019
http://data.europa.eu/esco/skill/7aa52bdc-9c56-4341-be65-e8e30f64403f,DigitalSkill,monitor automated machines,"Continuously check up on the automated machine's set-up and execution or make regular control rounds. If necessary, record and interpret data on the operating conditions of installations and equipment in order to identify abnormalities.",skill/competence,cross-sector,released,Digital,high,DIG_7aa52bdc-9c56-4341-be65-e8e30f64403f
http://data.europa.eu/esco/skill/7abf5b24-8f18-49c5-a64b-5a5870a03a56,DigitalSkill,convert scribbles into virtual sketches,Use software to convert the roughly drawn representation of a design into a two-dimensional geometrical sketch that they can further develop to obtain the final concept.,skill/competence,occupation-specific,released,Digital,high,DIG_7abf5b24-8f18-49c5-a64b-5a5870a03a56
http://data.europa.eu/esco/skill/7adb8473-bcc6-4ff8-9850-76d945d40092,DigitalSkill,analyse ICT system,"Analyse the functioning and performance of information systems in order to define their goals, architecture and services and set procedures and operations to meet end users requirements.",skill/competence,sector-specific,released,Digital,high,DIG_7adb8473-bcc6-4ff8-9850-76d945d40092
http://data.europa.eu/esco/skill/7b0d5000-00da-4864-b776-6de49a87a669,DigitalSkill,computer vision,"The definition and functioning of computer vision. Computer vision tools to allow computers to extract information from digital images such as photographs or video. Areas of application to solve real-world problems like security, autonomous driving, robotic manufacturing and inspection, digital image classification, medical image processing and diagnosis, and others.",knowledge,cross-sector,released,Digital,high,DIG_7b0d5000-00da-4864-b776-6de49a87a669
http://data.europa.eu/esco/skill/7b5cb897-2ee8-450c-85a6-d73925cbd1dc,DigitalSkill,GameSalad,The drag-and-drop software interface that consists of specialised design tools used for the rapid iteration of user-derived computer games by users with limited programming knowledge.,knowledge,sector-specific,released,Digital,high,DIG_7b5cb897-2ee8-450c-85a6-d73925cbd1dc
http://data.europa.eu/esco/skill/7b5cce4d-c7fe-4119-b48f-70aa05391787,DigitalSkill,computer science,"The scientific and practical study that deals with the foundations of information and computation, namely algorithms, data structures, programming, and data architecture. It deals with the practicability, structure and mechanisation of the methodical procedures that manage the acquisition, processing, and access to information.",knowledge,cross-sector,released,Digital,high,DIG_7b5cce4d-c7fe-4119-b48f-70aa05391787
http://data.europa.eu/esco/skill/7bf4539a-3f2e-4485-876b-1c9306b181af,DigitalSkill,John The Ripper (penetration testing tool),The tool John the Ripper is a password recovery tool which tests security weaknesses of the systems for potentially unauthorised access to system information. The key features of this tool are the strength-checking code and password hash code.,knowledge,sector-specific,released,Digital,high,DIG_7bf4539a-3f2e-4485-876b-1c9306b181af
http://data.europa.eu/esco/skill/7c5b66c6-36a1-4e03-bb57-64e8688b8f58,DigitalSkill,operate private branch exchange,"Handle Private Branch Exchange (PBX), a telecommunication system within an organisation that switches calls between users on local lines. At the same time the system allows all users to share external phone lines.",skill/competence,sector-specific,released,Digital,high,DIG_7c5b66c6-36a1-4e03-bb57-64e8688b8f58
http://data.europa.eu/esco/skill/7c821387-b428-4f75-b5a7-7b038aa81cfd,DigitalSkill,use a warehouse management system,"Use software in order to store materials within a warehouse and perform operations such as shipping, receiving and picking.",skill/competence,cross-sector,released,Digital,high,DIG_7c821387-b428-4f75-b5a7-7b038aa81cfd
http://data.europa.eu/esco/skill/7c939ef4-adb2-4c0c-aa27-9cc1aefd7c81,DigitalSkill,blockchain-based services regulation,"Key legal regulations around the blockchain, both existing and emerging ones. In Europe, regulations around the Digital Euro and Crypt-Assets, as well as the Pan-European blockchain regulatory sandbox are considered most essential.",knowledge,cross-sector,released,Digital,high,DIG_7c939ef4-adb2-4c0c-aa27-9cc1aefd7c81
http://data.europa.eu/esco/skill/7c9cb75d-ca4a-47c0-a989-ec0ba65a4bf0,DigitalSkill,use typesetting software,Use specialised computer programs to arrange the type of texts and images to be printed.,skill/competence,sector-specific,released,Digital,high,DIG_7c9cb75d-ca4a-47c0-a989-ec0ba65a4bf0
http://data.europa.eu/esco/skill/7ca5d3c2-2cea-4fac-88e4-f2955c5b705c,DigitalSkill,use IT systems for commercial purposes,Convey and communicate data and make commercial decisions by using internal and external IT-systems where appropriate.,skill/competence,sector-specific,released,Digital,high,DIG_7ca5d3c2-2cea-4fac-88e4-f2955c5b705c
http://data.europa.eu/esco/skill/7d02180a-87d1-4e25-92e1-653309c173c4,DigitalSkill,operate automated optical inspection machine,"Inspect the quality of assembled printed circuit boards (PCB) or surface-mount devices (SMD) through operating the automated optical inspection machine. During each test, dozens of images are captured with a special camera and compared to previous assembled boards.",skill/competence,sector-specific,released,Digital,high,DIG_7d02180a-87d1-4e25-92e1-653309c173c4
http://data.europa.eu/esco/skill/7d10fcb2-b368-48ab-996b-7c9fafcf68ed,DigitalSkill,use automatic programming,"Utilise specialised software tools to generate computer code from specifications, such as diagrams, structured informations or other means of describing functionality.",skill/competence,sector-specific,released,Digital,high,DIG_7d10fcb2-b368-48ab-996b-7c9fafcf68ed
http://data.europa.eu/esco/skill/7d11f682-644f-44fa-ad08-d6b0d97d2f28,DigitalSkill,develop shipping itineraries,Develop a total journey scenario using equipment and specialised software. Plot multiple port voyages while optimising utilisation of cargo space and ship capacity throughout the entire voyage.,skill/competence,occupation-specific,released,Digital,high,DIG_7d11f682-644f-44fa-ad08-d6b0d97d2f28
http://data.europa.eu/esco/skill/7d5ff73e-7bea-436d-974f-3a51ce24a138,DigitalSkill,develop virtual game engine,Create a virtual software framework that abstracts the details of doing common game-related tasks.,skill/competence,sector-specific,released,Digital,high,DIG_7d5ff73e-7bea-436d-974f-3a51ce24a138
http://data.europa.eu/esco/skill/7d913551-e17a-40ba-baf7-48d0c3b12e50,DigitalSkill,predictive maintenance,The use of data analytics and mathematical calculation to manage and monitor the conditions of machines and production processes. ,knowledge,occupation-specific,released,Digital,high,DIG_7d913551-e17a-40ba-baf7-48d0c3b12e50
http://data.europa.eu/esco/skill/7dde2d1d-48fa-43c9-8b48-1372b6e7cb4c,DigitalSkill,operate on-board computer systems,Operate on-board computer systems in heavy trucks and vehicles; communicate with yard management computer system.,skill/competence,sector-specific,released,Digital,high,DIG_7dde2d1d-48fa-43c9-8b48-1372b6e7cb4c
http://data.europa.eu/esco/skill/7deca286-1bd6-490e-851f-82d9d410d584,DigitalSkill,"design the digital interface of gambling, betting and lottery games","Create the digital outlook of gambling, betting and lottery games to make them appealing to the audience.",skill/competence,occupation-specific,released,Digital,high,DIG_7deca286-1bd6-490e-851f-82d9d410d584
http://data.europa.eu/esco/skill/7dfbe0f3-076f-4a19-9eaa-db4d6db704b6,DigitalSkill,keep up-to-date to computer trends,"Stay aware of the current developments and trends in computer hardware, software and peripherals.",skill/competence,sector-specific,released,Digital,high,DIG_7dfbe0f3-076f-4a19-9eaa-db4d6db704b6
http://data.europa.eu/esco/skill/7e1f9657-ab4e-407c-842f-b846197060e3,DigitalSkill,execute ICT audits,"Organise and execute audits in order to evaluate ICT systems, compliance of components of systems, information processing systems and information security. Identify and collect potential critical issues and recommend solutions based on required standards and solutions.",skill/competence,sector-specific,released,Digital,high,DIG_7e1f9657-ab4e-407c-842f-b846197060e3
http://data.europa.eu/esco/skill/7e796b51-49d7-4e73-95af-2e7323763f15,DigitalSkill,design database in the cloud,"Apply design principles for an adaptive, elastic, automated, loosely coupled databases making use of cloud infrastructure. Aim to remove any single point of failure through distributed database design.",skill/competence,sector-specific,released,Digital,high,DIG_7e796b51-49d7-4e73-95af-2e7323763f15
http://data.europa.eu/esco/skill/7edd11f2-6b4a-4a76-8b82-b5c57f3d8f07,DigitalSkill,animate 3D organic forms,"Vitalise digital 3D models of organic items, such as emotions or face movements of characters and place them in a digital 3D environment.",skill/competence,sector-specific,released,Digital,high,DIG_7edd11f2-6b4a-4a76-8b82-b5c57f3d8f07
http://data.europa.eu/esco/skill/7f0b1a66-ebaf-4c8a-b606-4c1844eb692e,DigitalSkill,attend to ICT systems quality,"Ensure correct operations which comply fully with specific needs and outcomes in terms of the development, integration, security and overall management of ICT systems.",skill/competence,sector-specific,released,Digital,high,DIG_7f0b1a66-ebaf-4c8a-b606-4c1844eb692e
http://data.europa.eu/esco/skill/7f27f1ff-2e17-4b69-990e-c23334478313,DigitalSkill,assessment of risks and threats,The security documentation and any security-related communications and information.,knowledge,cross-sector,released,Digital,high,DIG_7f27f1ff-2e17-4b69-990e-c23334478313
http://data.europa.eu/esco/skill/7f2afce6-e98b-4bbe-8441-d52b45e28ab8,DigitalSkill,telecom regulations,"Code of rules to protect telecommunication consumers, ensuring high standards of communication services such as equivalent and affordable access, connectivity, transparency of contracts or security against malware. The regulation covers web-based and traditional services. ",knowledge,sector-specific,released,Digital,high,DIG_7f2afce6-e98b-4bbe-8441-d52b45e28ab8
http://data.europa.eu/esco/skill/7fb699d9-182a-430e-b7a0-6d8ed05c284b,DigitalSkill,graphic design,The techniques to create a visual representation of ideas and messages.,knowledge,cross-sector,released,Digital,high,DIG_7fb699d9-182a-430e-b7a0-6d8ed05c284b
http://data.europa.eu/esco/skill/7fc4c18a-68f3-425a-aadf-f83633be47a1,DigitalSkill,learning technologies,"The technologies and channels, including digital, to enhance learning.",knowledge,sector-specific,released,Digital,high,DIG_7fc4c18a-68f3-425a-aadf-f83633be47a1
http://data.europa.eu/esco/skill/7ffae77a-93ce-40a3-af99-fae5729e8b15,DigitalSkill,assemble robots,"Assemble robotic machines, devices, and components according to engineering drawings. Program and install the necessary components of robotic systems, such as robot controllers, conveyors, and end-of-arm tools.",skill/competence,sector-specific,released,Digital,high,DIG_7ffae77a-93ce-40a3-af99-fae5729e8b15
http://data.europa.eu/esco/skill/805e4fac-5325-42a2-a9e7-c6c777185a05,DigitalSkill,manage online gambling,"Set up, coordinate and manage online gambling activities. Monitor the action on the online gambling website and ensure customer service procedures run as planned. Coordinate the technical staff to maintain the gambling software and plan operations to secure profits.",skill/competence,occupation-specific,released,Digital,high,DIG_805e4fac-5325-42a2-a9e7-c6c777185a05
http://data.europa.eu/esco/skill/8088750d-8388-4170-a76f-48354c469c44,DigitalSkill,cyber security,"The methods and best practices that protect ICT systems, networks, computers, devices, services, processes and people against unauthorised access, modification and/or denial of service of assets.",knowledge,sector-specific,released,Digital,high,DIG_8088750d-8388-4170-a76f-48354c469c44
http://data.europa.eu/esco/skill/81086bb0-a110-470d-ba5a-2c68fc535407,DigitalSkill,manage flight data communications programme,"Manage the exchanges of digital data between air traffic controllers and pilots to enable efficient aviation operations, such as trajectory-based routing and optimised profile descents. Support the safety-of-flight command, control, and information services by providing data connectivity. Provide ground automated message generation, transmission, and routing.",skill/competence,sector-specific,released,Digital,high,DIG_81086bb0-a110-470d-ba5a-2c68fc535407
http://data.europa.eu/esco/skill/812b8819-9b7a-4df9-9c9f-1b60888d0861,DigitalSkill,e-tailoring,The business model using softwares and technical applications in order to gather the information of clients for the manufacturing of bespoke products.,knowledge,sector-specific,released,Digital,high,DIG_812b8819-9b7a-4df9-9c9f-1b60888d0861
http://data.europa.eu/esco/skill/81633a44-f1db-4a01-a940-804c6905e330,DigitalSkill,use word processing software,"Use computer software applications for composition, editing, formatting, and printing of any sort of written material.",skill/competence,cross-sector,released,Digital,high,DIG_81633a44-f1db-4a01-a940-804c6905e330
http://data.europa.eu/esco/skill/8181aa4c-42bc-4036-a3d2-5cb6bbb34239,DigitalSkill,handle cybersecurity incidents,"Detect, identify, analyze, and respond, to cybersecurity incidents in an organization's systems or network. It involves incident response plans such as intrusion detection systems, log analysis, and documenting detailed information about potential incidents.",skill/competence,sector-specific,released,Digital,high,DIG_8181aa4c-42bc-4036-a3d2-5cb6bbb34239
http://data.europa.eu/esco/skill/818c2b89-1335-4443-ada7-e1046862e273,DigitalSkill,install automation components,Install the automation components according to the specifications of the circuit diagram.,skill/competence,sector-specific,released,Digital,high,DIG_818c2b89-1335-4443-ada7-e1046862e273
http://data.europa.eu/esco/skill/81b082fb-9a00-4660-976a-10c985979100,DigitalSkill,IBM InfoSphere Information Server,"The software program IBM InfoSphere Information Server is a platform for integration of information from multiple applications, created and maintained by organisations, into one consistent and transparent data structure, developed by the software company IBM.",knowledge,sector-specific,released,Digital,high,DIG_81b082fb-9a00-4660-976a-10c985979100
http://data.europa.eu/esco/skill/8203b07a-8097-4383-aff6-603b7df7f0f4,DigitalSkill,ATM systems,"The different technologies, software, hardware and operations that are used or can be found in automated teller machines.",knowledge,occupation-specific,released,Digital,high,DIG_8203b07a-8097-4383-aff6-603b7df7f0f4
http://data.europa.eu/esco/skill/82312096-4df8-49ce-9cdd-a6e08af56b45,DigitalSkill,evaluate information services using metrics,"Use bibliometrics, webometrics and web metrics to evaluate information services.",skill/competence,occupation-specific,released,Digital,high,DIG_82312096-4df8-49ce-9cdd-a6e08af56b45
http://data.europa.eu/esco/skill/82313e12-9d39-47d1-b7c9-78bbd6bb50e2,DigitalSkill,CAE software,The software to perform computer-aided engineering (CAE) analysis tasks such as Finite Element Analysis and Computional Fluid Dynamics.,knowledge,cross-sector,released,Digital,high,DIG_82313e12-9d39-47d1-b7c9-78bbd6bb50e2
http://data.europa.eu/esco/skill/82394321-7f35-4a29-b2fa-4a58f66258f5,DigitalSkill,simulate transport problems,Implement transport-related data in software and computer models to simulate transport issues such as traffic jams in order to find innovative solutions.,skill/competence,cross-sector,released,Digital,high,DIG_82394321-7f35-4a29-b2fa-4a58f66258f5
http://data.europa.eu/esco/skill/82de2df7-0d6c-42b1-94ac-b3e9a029e917,DigitalSkill,use back-up and recovery tools,"Use tools which allow users to copy and archive computer software, configurations and data and recover them in case of loss.",skill/competence,cross-sector,released,Digital,high,DIG_82de2df7-0d6c-42b1-94ac-b3e9a029e917
http://data.europa.eu/esco/skill/8300443c-c793-4102-bff5-aa917a0cb39f,DigitalSkill,define roadmap for blockchain in applications,"Define and follow a roadmap for the introduction of blockchain in a particular application. Identify the key actions and roles required, as well as the essential milestones and deliverables to achieve. ",skill/competence,cross-sector,released,Digital,high,DIG_8300443c-c793-4102-bff5-aa917a0cb39f
http://data.europa.eu/esco/skill/83218cac-3599-417e-93d2-26013cdccd98,DigitalSkill,service-oriented modelling,"The principles and fundamentals of service-oriented modelling for business and software systems that allow the design and specification of service-oriented business systems within a variety of architectural styles, such as enterprise architecture and application architecture.",knowledge,sector-specific,released,Digital,high,DIG_83218cac-3599-417e-93d2-26013cdccd98
http://data.europa.eu/esco/skill/8327754d-3990-4056-b07e-4faa49cfcd26,DigitalSkill,innovate in ICT,"Create and describe new original research and innovation ideas within the field of information and communication technologies, compare to the emerging technologies and trends and plan the development of new ideas.",skill/competence,sector-specific,released,Digital,high,DIG_8327754d-3990-4056-b07e-4faa49cfcd26
http://data.europa.eu/esco/skill/8359bd04-d2cb-4757-af1f-39a921df9efe,DigitalSkill,remove computer virus or malware from a computer,Carry out actions to remove computer viruses or other types of malware from a computer.,skill/competence,cross-sector,released,Digital,high,DIG_8359bd04-d2cb-4757-af1f-39a921df9efe
http://data.europa.eu/esco/skill/8369c2d6-c100-4cf6-bd83-9668d8678433,DigitalSkill,utilise machine learning,"Use techniques and algorithms that are able to extract mastery out of data, learn from it and make predictions, to be used for program optimisation, application adaptation, pattern recognition, filtering, search engines and computer vision.",skill/competence,sector-specific,released,Digital,high,DIG_8369c2d6-c100-4cf6-bd83-9668d8678433
http://data.europa.eu/esco/skill/8369ede5-4200-4a44-be2e-bc60ef959259,DigitalSkill,Microsoft Visual C++,"The computer program Visual C++ is a suite of software development tools for writing programs, such as compiler, debugger, code editor, code highlights, packaged in a unified user interface. It is developed by the software company Microsoft.",knowledge,sector-specific,released,Digital,high,DIG_8369ede5-4200-4a44-be2e-bc60ef959259
http://data.europa.eu/esco/skill/83934f53-5ffa-478f-9f8f-b779e9b4fc7a,DigitalSkill,self-service technologies in tourism,"The application of self-service technologies in the tourism industry: performing online bookings, self-check-ins for hotels and airlines, allowing clients to perform and complete reservations by themselves using digital tools.",knowledge,sector-specific,released,Digital,high,DIG_83934f53-5ffa-478f-9f8f-b779e9b4fc7a
http://data.europa.eu/esco/skill/83b33952-3872-46ec-9a2e-b28f91303a7e,DigitalSkill,oversee development of software,"Organise, plan and supervise the development of the applications and frameworks in order to create a software product, from the earliest planning stages to the final product test.",skill/competence,sector-specific,released,Digital,high,DIG_83b33952-3872-46ec-9a2e-b28f91303a7e
http://data.europa.eu/esco/skill/83b493c8-4837-41e3-9800-cff1df06cf38,DigitalSkill,configure media integration systems,"Define and configure the relation between incoming and outgoing signals for performing art and event applications. Using visual programming software, translating the used signal protocols, patching, merging or splitting data streams.",skill/competence,occupation-specific,released,Digital,high,DIG_83b493c8-4837-41e3-9800-cff1df06cf38
http://data.europa.eu/esco/skill/84251cb1-babf-4d17-a3cd-baa642c24c8d,DigitalSkill,IBM Informix,"The computer program IBM Informix is a tool for creating, updating and managing databases, developed by the software company IBM.",knowledge,sector-specific,released,Digital,high,DIG_84251cb1-babf-4d17-a3cd-baa642c24c8d
http://data.europa.eu/esco/skill/84f583f4-f32a-4202-9b92-e25f0c978410,DigitalSkill,core banking software,"The selection of software for core banking activities management (e.g. deposits, payments, loans, bank transactions, customer data) and other functions related to banking.",knowledge,sector-specific,released,Digital,high,DIG_84f583f4-f32a-4202-9b92-e25f0c978410
http://data.europa.eu/esco/skill/84f58e3d-8669-4d83-8c1d-5dd1e73a654f,DigitalSkill,create database diagrams,Develop the database design models and diagrams which establish the structure of a database by using modelling software tools to be implemented in further processes.,skill/competence,sector-specific,released,Digital,high,DIG_84f58e3d-8669-4d83-8c1d-5dd1e73a654f
http://data.europa.eu/esco/skill/84f73180-4a45-49f4-9140-cb49bbc29531,DigitalSkill,set scanner controls,"Use a mouse, keyboard or other controls to set up the scanner precisely.",skill/competence,sector-specific,released,Digital,high,DIG_84f73180-4a45-49f4-9140-cb49bbc29531
http://data.europa.eu/esco/skill/85038d57-1fdd-40de-b908-2c005545a8c3,DigitalSkill,SketchBook Pro,The computer program SketchBook Pro is a graphical ICT tool which enables digital editing and composition of graphics to generate both 2D raster or 2D vector graphics. It is developed by the software company Autodesk.,knowledge,sector-specific,released,Digital,high,DIG_85038d57-1fdd-40de-b908-2c005545a8c3
http://data.europa.eu/esco/skill/8542b62b-18b1-4c7f-9d4e-e717c10fbd72,DigitalSkill,produce textile designs,"Draw sketches for textile design, by hand or on computer, using specialist Computer Aided Design (CAD) software.",skill/competence,sector-specific,released,Digital,high,DIG_8542b62b-18b1-4c7f-9d4e-e717c10fbd72
http://data.europa.eu/esco/skill/85616cc4-98bf-4355-9cf1-72ff11752848,DigitalSkill,develop ICT device driver,Create a software program that controls the working of an ICT device and its interaction with other applications.,skill/competence,occupation-specific,released,Digital,high,DIG_85616cc4-98bf-4355-9cf1-72ff11752848
http://data.europa.eu/esco/skill/85a67bc3-708c-4eab-86f6-4529d01d12a6,DigitalSkill,contribute to development of biometric systems,Contribute to the development or optimisation of technological systems that rely on specific biological data run through algorithms in order to identify people.,skill/competence,occupation-specific,released,Digital,high,DIG_85a67bc3-708c-4eab-86f6-4529d01d12a6
http://data.europa.eu/esco/skill/85f46538-ae70-498a-bfbc-b8ddafe96c7d,DigitalSkill,levels of software testing,"The levels of testing in the software development process, such as unit testing, integration testing, system testing and acceptance testing.",knowledge,sector-specific,released,Digital,high,DIG_85f46538-ae70-498a-bfbc-b8ddafe96c7d
http://data.europa.eu/esco/skill/861313ba-3a1a-4d33-842a-1b8e45e2415b,DigitalSkill,manage ICT legacy implication,"Oversee the transfer process from a legacy (an outdated system) to a current system by mapping, interfacing, migrating, documenting and transforming data.",skill/competence,sector-specific,released,Digital,high,DIG_861313ba-3a1a-4d33-842a-1b8e45e2415b
http://data.europa.eu/esco/skill/861cc783-6d4c-442e-9081-3a6e389be454,DigitalSkill,install electronic communication equipment,Set up and deploy digital and analogue electronic communications. Understand electronic diagrams and equipment specifications.,skill/competence,sector-specific,released,Digital,high,DIG_861cc783-6d4c-442e-9081-3a6e389be454
http://data.europa.eu/esco/skill/8645704c-a896-4ac1-8189-9ac5586d5c3a,DigitalSkill,prepare detailed working drawings for interior design,Prepare sufficiently detailed working drawings or digital images using software to convey a realistic preview of the interior design project.,skill/competence,sector-specific,released,Digital,high,DIG_8645704c-a896-4ac1-8189-9ac5586d5c3a
http://data.europa.eu/esco/skill/867137fb-ff1b-4ca3-99f3-cb6969aa2c68,DigitalSkill,TypeScript,"The techniques and principles of software development, such as analysis, algorithms, coding, testing and compiling of programming paradigms in TypeScript.",knowledge,sector-specific,released,Digital,high,DIG_867137fb-ff1b-4ca3-99f3-cb6969aa2c68
http://data.europa.eu/esco/skill/8682024b-2c8b-4de4-8cd7-23ea6169da57,DigitalSkill,operate signal generator,"Use electronic devices or software tone generators that produce digital or analog repeating or non-repeating electronic signals in order to design, test and repair electronic and acoustic equipment.",skill/competence,cross-sector,released,Digital,high,DIG_8682024b-2c8b-4de4-8cd7-23ea6169da57
http://data.europa.eu/esco/skill/8696aff0-18c0-4ba6-a4d0-9a21861b3e5e,DigitalSkill,World Wide Web Consortium standards,"The standards, technical specifications and guidelines developed by the international organisation World Wide Web Consortium (W3C) which allow the design and development of web applications.",knowledge,cross-sector,released,Digital,high,DIG_8696aff0-18c0-4ba6-a4d0-9a21861b3e5e
http://data.europa.eu/esco/skill/86f7126d-97fd-4da5-be96-d1cf6ecd54e6,DigitalSkill,Microsoft Visio,The computer program Microsoft Visio is a graphical ICT tool which enables digital editing and composition of graphics to generate both 2D raster or 2D vector graphics. It is developed by the software company Microsoft.,knowledge,sector-specific,released,Digital,high,DIG_86f7126d-97fd-4da5-be96-d1cf6ecd54e6
http://data.europa.eu/esco/skill/8759c352-8b00-498f-985a-935f13e1b043,DigitalSkill,assistive instruments,The field of dealing with people in need of service animals and the working of assistive devices and technologies.,knowledge,cross-sector,released,Digital,high,DIG_8759c352-8b00-498f-985a-935f13e1b043
http://data.europa.eu/esco/skill/8764d4b1-e069-44f2-8baa-fb1eee1850ec,DigitalSkill,Oracle Application Development Framework,"The Java framework software development environment which provide specific features and components (such as enhanced reusability features, visual and declarative programming) that support and guide enterprise applications development.",knowledge,sector-specific,released,Digital,high,DIG_8764d4b1-e069-44f2-8baa-fb1eee1850ec
http://data.europa.eu/esco/skill/8785ccda-6f9f-4cf3-9033-fda10653d0be,DigitalSkill,JSSS,"The computer language JSSS is a style sheet language that conveys the presentation of structured documents. These documents have to adhere to style sheets, a set of stylistic rules such as font, color and layout.",knowledge,sector-specific,released,Digital,high,DIG_8785ccda-6f9f-4cf3-9033-fda10653d0be
http://data.europa.eu/esco/skill/87f31087-4c7c-4a71-b7b8-4039d94b4c12,DigitalSkill,analyse clothing 3d prototypes,Analyse the prototype in order to adjust the pattern of clothing elements on the 3D avatar.,skill/competence,occupation-specific,released,Digital,high,DIG_87f31087-4c7c-4a71-b7b8-4039d94b4c12
http://data.europa.eu/esco/skill/88564d2d-2dc9-4789-864a-f9cb73f389ec,DigitalSkill,maintain data entry requirements,Uphold conditions for data entry. Follow procedures and apply data program techniques.,skill/competence,sector-specific,released,Digital,high,DIG_88564d2d-2dc9-4789-864a-f9cb73f389ec
http://data.europa.eu/esco/skill/88b9ac3d-1c1d-44d1-9584-c4f5dd2503b3,DigitalSkill,improve user-friendliness,Research and test new methods to make a product such as a website or map easier to use and understand.,skill/competence,occupation-specific,released,Digital,high,DIG_88b9ac3d-1c1d-44d1-9584-c4f5dd2503b3
http://data.europa.eu/esco/skill/89227433-950f-4d9d-b0b0-abc33356ab42,DigitalSkill,manage computer-based transport operation control systems,"Manage digital operation control systems to ensure data transfer between buses. Monitor real-time information about infrastructure, traffic conditions, traffic lights; control voice announcements in buses and provide passengers with real-time information.",skill/competence,occupation-specific,released,Digital,high,DIG_89227433-950f-4d9d-b0b0-abc33356ab42
http://data.europa.eu/esco/skill/8975edb1-d2cb-4c49-a3c0-3b21a9ab8797,DigitalSkill,tend CNC drilling machine,"Tend a computer numerical controlled (CNC) drilling machine designed for cutting manufacturing processes on metal, wooden, plastic materials and others, monitor and operate it, according to regulations.",skill/competence,cross-sector,released,Digital,high,DIG_8975edb1-d2cb-4c49-a3c0-3b21a9ab8797
http://data.europa.eu/esco/skill/897b393f-e7e0-4248-a40d-d77119694e83,DigitalSkill,distributed computing,The software process in which computer components interact over a network and send messages to communicate on their actions.,knowledge,sector-specific,released,Digital,high,DIG_897b393f-e7e0-4248-a40d-d77119694e83
http://data.europa.eu/esco/skill/89839842-a111-411f-b64a-94354d6118e0,DigitalSkill,quantum technology,The technology that works through principles of quantum mechanics such as quantum entanglement and quantum superposition.,knowledge,sector-specific,released,Digital,high,DIG_89839842-a111-411f-b64a-94354d6118e0
http://data.europa.eu/esco/skill/89d574b8-f0ea-4ae8-9008-f575e37e9f11,DigitalSkill,implement smart contracts,"Implement smart contracts for various applications, and in the most important smart contract frameworks such as Bitcoin and Ethereum, and in the most suitable programming languages such as Solidity, Rust, JavaScript, Vyper and Yul.",skill/competence,cross-sector,released,Digital,high,DIG_89d574b8-f0ea-4ae8-9008-f575e37e9f11
http://data.europa.eu/esco/skill/89f6560b-2194-45c9-9ece-d33049a73eef,DigitalSkill,computer engineering,"Engineering discipline that combines computer science with electrical engineering to develop computer hardware and software. Computer engineering occupies itself with electronics, software design, and the integration of hardware and software.",knowledge,cross-sector,released,Digital,high,DIG_89f6560b-2194-45c9-9ece-d33049a73eef
http://data.europa.eu/esco/skill/8a16ada9-2794-4c81-bb48-5ec1cfbcf1db,DigitalSkill,use a telecine,"Operate a Cathode-ray tube (CRT) system or a charge-coupled device telecine (CCD), which produce white light to colour grade images on film by exposing them to this light.",skill/competence,sector-specific,released,Digital,high,DIG_8a16ada9-2794-4c81-bb48-5ec1cfbcf1db
http://data.europa.eu/esco/skill/8a211052-4bec-49c2-9b4e-7914c37d21b4,DigitalSkill,microprocessors,Computer processors on a microscale that integrate the computer central processing unit (CPU) on a single chip.,knowledge,cross-sector,released,Digital,high,DIG_8a211052-4bec-49c2-9b4e-7914c37d21b4
http://data.europa.eu/esco/skill/8a30eb28-eca0-4ab6-8c05-32c47d3e0dd6,DigitalSkill,BlackArch,The BlackArch Linux distribution is a penetration testing tool which tests security weaknesses of the system for potentially unauthorised access to system information.,knowledge,sector-specific,released,Digital,high,DIG_8a30eb28-eca0-4ab6-8c05-32c47d3e0dd6
http://data.europa.eu/esco/skill/8a6394d1-f44f-4b0d-81d5-7201fc025ba8,DigitalSkill,develop e-learning plan,Create a strategic plan to maximise the outputs of educational technology both within the organisation and externally.,skill/competence,cross-sector,released,Digital,high,DIG_8a6394d1-f44f-4b0d-81d5-7201fc025ba8
http://data.europa.eu/esco/skill/8a7a0d46-d88a-4ab0-bfa4-d861a82bab3c,DigitalSkill,operate remote broadcast equipment,Handle equipment that is used for broadcasting from locations which are far from central station. The pickup unit (RPU) is the most common tool for this communication.,skill/competence,sector-specific,released,Digital,high,DIG_8a7a0d46-d88a-4ab0-bfa4-d861a82bab3c
http://data.europa.eu/esco/skill/8afe68ff-b261-4fa8-ab25-bb30b0e5c292,DigitalSkill,motion graphics,"The techniques and software for creating the illusion of motion such as keyframing, Adobe After Effects, and Nuke.",knowledge,cross-sector,released,Digital,high,DIG_8afe68ff-b261-4fa8-ab25-bb30b0e5c292
http://data.europa.eu/esco/skill/8b94aa1e-89c9-459d-b3b4-1dfab8dec2df,DigitalSkill,use software libraries,Utilise collections of codes and software packages which capture frequently used routines to help programmers simplify their work.,skill/competence,sector-specific,released,Digital,high,DIG_8b94aa1e-89c9-459d-b3b4-1dfab8dec2df
http://data.europa.eu/esco/skill/8bbdb795-0deb-478f-91e4-5238867ed8ba,DigitalSkill,blockchain terminology,"The terms used in blockchain sector which include account, attestation, block, Byzantine fault, coin, consensus, crypto-, decentralized application (DApp), DeFi, digital identity, distributed ledger, encryption, ether, fork, hyperledger, Merkle tree, mining, node, NFT, Proof of Authority, Proof of Stake, Proof of Work, public/private blockchain, trustless, validity proof, 51% attack, etc.",knowledge,sector-specific,released,Digital,high,DIG_8bbdb795-0deb-478f-91e4-5238867ed8ba
http://data.europa.eu/esco/skill/8bc3c77c-30c3-45e6-bd61-069ba433ecfe,DigitalSkill,e-learning software infrastructure,The infrastructure properties and specifications required to set up the e-learning environment which provides learning experiences to the audience.,knowledge,sector-specific,released,Digital,high,DIG_8bc3c77c-30c3-45e6-bd61-069ba433ecfe
http://data.europa.eu/esco/skill/8c88d336-c249-4537-b26e-d679a85c4b9b,DigitalSkill,Ajax Framework,The Ajax software development environments which provide specific features and components that support and guide web applications development.,knowledge,sector-specific,released,Digital,high,DIG_8c88d336-c249-4537-b26e-d679a85c4b9b
http://data.europa.eu/esco/skill/8ca08a35-2d2e-46f5-b440-8fc8ce736287,DigitalSkill,apply precision farming,"Using modern technologies and equipment with high precision positioning systems, geo-mapping and/or automated steering systems for agricultural activities.",skill/competence,sector-specific,released,Digital,high,DIG_8ca08a35-2d2e-46f5-b440-8fc8ce736287
http://data.europa.eu/esco/skill/8d17898e-cd9c-444d-b084-8708a5447747,DigitalSkill,operate medical imaging equipment,"Produce high quality medical images using technologically advanced medical imaging equipment such as CT (computed tomography), MRI (magnetic resonance imaging), mobile X-ray machines, ultrasound (US), nuclear medicine with Positron Emission Tomography (PET) and Single Photon Emission Computed Tomography (SPECT).",skill/competence,sector-specific,released,Digital,high,DIG_8d17898e-cd9c-444d-b084-8708a5447747
http://data.europa.eu/esco/skill/8dcc1c68-1ebe-412b-b437-cab3c26da509,DigitalSkill,record data from biomedical tests,"Use information technology to accurately record and analyse data from biomedical tests, writing reports on the data and sharing results with the appropriate persons.",skill/competence,cross-sector,released,Digital,high,DIG_8dcc1c68-1ebe-412b-b437-cab3c26da509
http://data.europa.eu/esco/skill/8deb6cb7-15e3-4fd7-a9eb-644c23de95fa,DigitalSkill,use shorthand computer program,Employ shorthand computer softwares in order to write and translate shorthands and put them into traditional legible transcripts.,skill/competence,cross-sector,released,Digital,high,DIG_8deb6cb7-15e3-4fd7-a9eb-644c23de95fa
http://data.europa.eu/esco/skill/8e46491b-7ae4-4add-bb6f-b8854e73c914,DigitalSkill,maintain automated lighting equipment,"Set up, check and repair automated lighting equipment and maintain its software.",skill/competence,sector-specific,released,Digital,high,DIG_8e46491b-7ae4-4add-bb6f-b8854e73c914
http://data.europa.eu/esco/skill/8e91c9b3-45de-4db2-91df-138d10031cf0,DigitalSkill,log transmitter readings,"Log transmitter observations such as calibrations of remote control equipment, equipment performance measurements, antenna field strength measurements, and other readings.",skill/competence,sector-specific,released,Digital,high,DIG_8e91c9b3-45de-4db2-91df-138d10031cf0
http://data.europa.eu/esco/skill/8ee39fb7-8b46-490e-ae21-6e8b32854dd6,DigitalSkill,manage dispatch software systems,"Manage dispatch software systems to execute tasks such as work order generation, route planning, and other activities.",skill/competence,sector-specific,released,Digital,high,DIG_8ee39fb7-8b46-490e-ae21-6e8b32854dd6
http://data.europa.eu/esco/skill/8efa6a7a-6556-4cb8-908d-59d3b5c58d2f,DigitalSkill,cloud monitoring and reporting,"The metrics and alarms utilizing cloud monitoring services, in particular performance and availability metrics. ",knowledge,sector-specific,released,Digital,high,DIG_8efa6a7a-6556-4cb8-908d-59d3b5c58d2f
http://data.europa.eu/esco/skill/8f113113-aa20-48f7-8da1-ac0051505d03,DigitalSkill,analyse milk control test results,Analyse and document milk control test results in relation to professional standards and business requirements. Efficiently use milk testing software and interpret the results.,skill/competence,occupation-specific,released,Digital,high,DIG_8f113113-aa20-48f7-8da1-ac0051505d03
http://data.europa.eu/esco/skill/8f32e02a-9290-47ab-ad28-6567bfc2f17a,DigitalSkill,design process for blockchain-based systems,"Design processes for blockchain-based systems which involves the clear identification of problems to be solved through blockchain, specifying the business requirements, identifying a consensus mechanism, choosing the most suitable blockchain platform, designing the blockchain nodes, planning the blockchain configuration, building blockchain APIs, designing user interfaces, and integrating accelerators for optimization. ",skill/competence,sector-specific,released,Digital,high,DIG_8f32e02a-9290-47ab-ad28-6567bfc2f17a
http://data.europa.eu/esco/skill/8f6ed69b-29d0-4c01-81ba-f05920a185f3,DigitalSkill,digital curation,"The field that deals with maintaining, preserving and adding value to digital research.",knowledge,occupation-specific,released,Digital,high,DIG_8f6ed69b-29d0-4c01-81ba-f05920a185f3
http://data.europa.eu/esco/skill/8f849584-2326-4e7b-9a3e-d40d7cdb729f,DigitalSkill,operate train integrated electronic control centre,Operate integrated electronic control centres where signallers apply modern-day technological operating systems and equipment to control train progression over long stretches of railway track.,skill/competence,occupation-specific,released,Digital,high,DIG_8f849584-2326-4e7b-9a3e-d40d7cdb729f
http://data.europa.eu/esco/skill/8fa510d0-a8a6-4932-a361-00f8442cfe23,DigitalSkill,Wireshark,"The Wireshark tool is a penetration testing tool which evaluates security weaknesses, analysing network protocols through deep protocol inspection, live capture, display filters, offline analysis, VoIP analysis, protocol decryption.",knowledge,sector-specific,released,Digital,high,DIG_8fa510d0-a8a6-4932-a361-00f8442cfe23
http://data.europa.eu/esco/skill/8fa840f7-e66a-4370-8e6d-7d554260c31c,DigitalSkill,forecast future ICT network needs,Identify current data traffic and estimate how growth will affect the ICT network.,skill/competence,sector-specific,released,Digital,high,DIG_8fa840f7-e66a-4370-8e6d-7d554260c31c
http://data.europa.eu/esco/skill/8fb72af6-c2a9-4b12-aaf0-f5dbd4a9db9e,DigitalSkill,interpret graphical recordings of rail-flaw-detection machine,"Read, analyse and interpret the graphical recordings issued by the rail-flaw-detection machine in order to detect errors or flaws in rails.",skill/competence,occupation-specific,released,Digital,high,DIG_8fb72af6-c2a9-4b12-aaf0-f5dbd4a9db9e
http://data.europa.eu/esco/skill/8ff015a0-98ea-4d80-a23e-1f68110a919e,DigitalSkill,software design methodologies,"The methodologies such as Scrum, V-model and Waterfall to design software systems and applications.",knowledge,sector-specific,released,Digital,high,DIG_8ff015a0-98ea-4d80-a23e-1f68110a919e
http://data.europa.eu/esco/skill/8ff314a8-57d7-4b8c-bf41-79f9572fedd0,DigitalSkill,use digital illustration techniques,Create drawings using digital illustration programmes and techniques.,skill/competence,sector-specific,released,Digital,high,DIG_8ff314a8-57d7-4b8c-bf41-79f9572fedd0
http://data.europa.eu/esco/skill/90227e81-a1f1-47ae-8e8a-453fb5661f08,DigitalSkill,use 3D scanners for clothing,Use different 3D body scanners and softwares to capture the shape and size of the human body in order to produce 3D body model for the creation of avatars and mannequins.,skill/competence,sector-specific,released,Digital,high,DIG_90227e81-a1f1-47ae-8e8a-453fb5661f08
http://data.europa.eu/esco/skill/902fb91c-3113-4004-9b4f-79aa86b638b7,DigitalSkill,web application security threats,"The attacks, vectors, emergent threats on websites, web applications and web services, the rankings of their severity identified by dedicated communities such as OWASP.",knowledge,sector-specific,released,Digital,high,DIG_902fb91c-3113-4004-9b4f-79aa86b638b7
http://data.europa.eu/esco/skill/9035afc4-5317-455d-ab60-f32e2ecc6bfc,DigitalSkill,blockchain platforms,"The different integrated infrastructures, each with their own characteristics, that allow the development of blockchain applications. Examples are multichain, ehtereum, hyperledger, corda, ripple, openchain, etc.",knowledge,sector-specific,released,Digital,high,DIG_9035afc4-5317-455d-ab60-f32e2ecc6bfc
http://data.europa.eu/esco/skill/906323f4-00c4-4c3b-ab5a-8af77be3456e,DigitalSkill,create data sets,Generate a collection of new or existing related data sets that are made up out of separate elements but can be manipulated as one unit.,skill/competence,cross-sector,released,Digital,high,DIG_906323f4-00c4-4c3b-ab5a-8af77be3456e
http://data.europa.eu/esco/skill/906ef09c-959c-42de-8c65-6e11c73c3570,DigitalSkill,perform computer analyses of geotechnical structures,Use specialised digital databases and perform computer-aided analyses of geotechnical structures.,skill/competence,sector-specific,released,Digital,high,DIG_906ef09c-959c-42de-8c65-6e11c73c3570
http://data.europa.eu/esco/skill/90be83d9-56f1-46a4-a6bc-96c51f6c9025,DigitalSkill,acquire system component,"Obtain hardware, software or network components which match other system components in order to expand it and perform necessary tasks.",skill/competence,sector-specific,released,Digital,high,DIG_90be83d9-56f1-46a4-a6bc-96c51f6c9025
http://data.europa.eu/esco/skill/90f9dc0c-f9c0-45a7-9fb4-20a7e4ca4632,DigitalSkill,airspace system block upgrades,An Airspace System Block Upgrade (ASBU) designates a set of measures that can be implemented to improve the functionality of the ATM system.,knowledge,occupation-specific,released,Digital,high,DIG_90f9dc0c-f9c0-45a7-9fb4-20a7e4ca4632
http://data.europa.eu/esco/skill/9136cbf1-7916-4f1c-bc9a-0318ee1d6016,DigitalSkill,human-computer interaction,The study of the behaviour and interaction between digital devices and human beings.,knowledge,sector-specific,released,Digital,high,DIG_9136cbf1-7916-4f1c-bc9a-0318ee1d6016
http://data.europa.eu/esco/skill/913e4f09-6b22-4f36-9a32-b4508ec824fe,DigitalSkill,maintain projection equipment,"Maintain, test and repair the projection equipment to safeguard the quality of the images and sound.",skill/competence,occupation-specific,released,Digital,high,DIG_913e4f09-6b22-4f36-9a32-b4508ec824fe
http://data.europa.eu/esco/skill/913e7e83-b8f8-4574-b1ca-1b38f3fd974a,DigitalSkill,execute software tests,"Perform tests to ensure that a software product will perform flawlessly under the specified customer requirements and identify software defects (bugs) and malfunctions, using specialised software tools and testing techniques.",skill/competence,sector-specific,released,Digital,high,DIG_913e7e83-b8f8-4574-b1ca-1b38f3fd974a
http://data.europa.eu/esco/skill/9156104b-9bcb-4c22-aaa8-02e3e990ebc7,DigitalSkill,maritime telecommunications,"Knowledge of transmission, broadcasting equipment and overall operation of telecommunications systems.",knowledge,sector-specific,released,Digital,high,DIG_9156104b-9bcb-4c22-aaa8-02e3e990ebc7
http://data.europa.eu/esco/skill/9190d87f-9792-42e0-bb7f-64294a656bcd,DigitalSkill,monitor system performance,"Measure system reliability and performance before, during and after component integration and during system operation and maintenance. Select and use performance monitoring tools and techniques, such as special software.",skill/competence,sector-specific,released,Digital,high,DIG_9190d87f-9792-42e0-bb7f-64294a656bcd
http://data.europa.eu/esco/skill/91aade3a-9427-4e80-998b-29492dcb9ffd,DigitalSkill,use reservoir surveillance,Understand and operate well and reservoir surveillance system and remote sensing technology; monitor the reservoir level and decide on engineering interventions if necessary.,skill/competence,sector-specific,released,Digital,high,DIG_91aade3a-9427-4e80-998b-29492dcb9ffd
http://data.europa.eu/esco/skill/91ba97f5-7518-4638-b2d2-308996db3cf8,DigitalSkill,perform image editing,Edit various types of images such as analogue and digital photographs or illustrations.,skill/competence,cross-sector,released,Digital,high,DIG_91ba97f5-7518-4638-b2d2-308996db3cf8
http://data.europa.eu/esco/skill/925463a7-d51f-4d5b-9f79-4d28cf30acde,DigitalSkill,integrated development environment software,"The suite of software development tools for writing programs, such as compiler, debugger, code editor, code highlights, packaged in a unified user interface, such as Visual Studio or Eclipse.",knowledge,sector-specific,released,Digital,high,DIG_925463a7-d51f-4d5b-9f79-4d28cf30acde
http://data.europa.eu/esco/skill/9295d1c5-8d7d-423e-a6ce-dfbc1d991f88,DigitalSkill,apply digital mapping,Make maps by formatting compiled data into a virtual image that gives a precise representation of a specific area.,skill/competence,cross-sector,released,Digital,high,DIG_9295d1c5-8d7d-423e-a6ce-dfbc1d991f88
http://data.europa.eu/esco/skill/930c5458-9b5d-4438-bef6-fc69c2c08548,DigitalSkill,oversee aircraft sensor and recording systems,Supervise the installation of the aircraft sensors and recording systems during the flight tests to ensure that they meet required data paramaters.,skill/competence,sector-specific,released,Digital,high,DIG_930c5458-9b5d-4438-bef6-fc69c2c08548
http://data.europa.eu/esco/skill/933efc5f-a797-4581-8a8b-c08956ff7d58,DigitalSkill,Grovo,"The learning management system Grovo is an e-learning platform for creating, administrating, arranging, reporting and delivering e-learning education courses or training programs.",knowledge,sector-specific,released,Digital,high,DIG_933efc5f-a797-4581-8a8b-c08956ff7d58
http://data.europa.eu/esco/skill/93a2f730-d5f6-4604-a25e-a2ee206ea468,DigitalSkill,provide training on e-learning,"Give technical training including how to use an e-learning platform, training applications and standards such as SCORM, as well as e-teaching methods to the teacher or trainer.",skill/competence,occupation-specific,released,Digital,high,DIG_93a2f730-d5f6-4604-a25e-a2ee206ea468
http://data.europa.eu/esco/skill/93aaf65c-5aad-4e6f-a7ba-ce9bf7c0e6e6,DigitalSkill,information categorisation,The process of classifying the information into categories and showing relationships between the data for some clearly defined purposes.,knowledge,sector-specific,released,Digital,high,DIG_93aaf65c-5aad-4e6f-a7ba-ce9bf7c0e6e6
http://data.europa.eu/esco/skill/93b22bbf-ece1-4e2d-8d47-0c9392c5a4fd,DigitalSkill,develop blockchain technology,"Develop and integrate blockchain technology in new or existing ICT infrastructures, and understand the key challenges and solution approaches to this integration.",skill/competence,cross-sector,released,Digital,high,DIG_93b22bbf-ece1-4e2d-8d47-0c9392c5a4fd
http://data.europa.eu/esco/skill/93e65de1-923c-437e-aa5b-e6002967ce71,DigitalSkill,web based collaborative platforms,Online tools which facilitate communication and collaboration among Internet users in real time. Platforms with a range of functionalities created to facilitate organisational team work or promote productive workflow among other features.  ,knowledge,sector-specific,released,Digital,high,DIG_93e65de1-923c-437e-aa5b-e6002967ce71
http://data.europa.eu/esco/skill/945b8655-5577-4c3a-946a-842d4527afa8,DigitalSkill,digital image processing,"The different aspects and practices of image processing and manipulation like image interpolation, aliasing, image enhancement, contrast stretching, histogram processing and equalization, singular value decomposition, singular value equalization, wavelets filtering and many others.",knowledge,cross-sector,released,Digital,high,DIG_945b8655-5577-4c3a-946a-842d4527afa8
http://data.europa.eu/esco/skill/94758266-bb0f-4e41-bedb-349ecacfaf5c,DigitalSkill,create freight rate databases,Develop and maintain freight rate databases for use by supply chain departments in order to determine and adopt the most cost-efficient modes of transportation.,skill/competence,occupation-specific,released,Digital,high,DIG_94758266-bb0f-4e41-bedb-349ecacfaf5c
http://data.europa.eu/esco/skill/94dd823c-148e-4614-a6e8-99249b16357d,DigitalSkill,ICT project management,"The methodologies for the planning, implementation, review and follow-up of ICT projects, such as the development, integration, modification and sales of ICT products and services, as well as projects relating technological innovation in the field of ICT.",knowledge,sector-specific,released,Digital,high,DIG_94dd823c-148e-4614-a6e8-99249b16357d
http://data.europa.eu/esco/skill/95324ac5-69a5-419b-a877-720b1ee44236,DigitalSkill,research remote sensing technologies,Perform research in order to develop new remote sensing techniques and equipment.,skill/competence,occupation-specific,released,Digital,high,DIG_95324ac5-69a5-419b-a877-720b1ee44236
http://data.europa.eu/esco/skill/95c35c3a-035f-47c2-90cf-7e934d20fc08,DigitalSkill,electronics,"The functioning of electronic circuit boards, processors, chips, and computer hardware and software, including programming and applications. ",knowledge,cross-sector,released,Digital,high,DIG_95c35c3a-035f-47c2-90cf-7e934d20fc08
http://data.europa.eu/esco/skill/95d84b77-ba94-492f-a1e6-18be13f16cf0,DigitalSkill,use computer-aided translation,Operate computer-aided translation (CAT) software to facilitate the language translation processes.,skill/competence,cross-sector,released,Digital,high,DIG_95d84b77-ba94-492f-a1e6-18be13f16cf0
http://data.europa.eu/esco/skill/966f2fd3-3de6-42da-b87c-da924c6d7960,DigitalSkill,digital game creation systems,"The integrated development environments and specialised design tools, designed for the rapid iteration of user-derived computer games.",knowledge,sector-specific,released,Digital,high,DIG_966f2fd3-3de6-42da-b87c-da924c6d7960
http://data.europa.eu/esco/skill/96eb286a-58b7-45ff-a916-5578d0b79b8c,DigitalSkill,Rapid application development,The rapid application development model is a methodology to design software systems and applications.,knowledge,sector-specific,released,Digital,high,DIG_96eb286a-58b7-45ff-a916-5578d0b79b8c
http://data.europa.eu/esco/skill/9707091a-323b-4240-877a-5999a19286f0,DigitalSkill,apply ICT system usage policies,Follow written and ethical laws and policies regarding proper ICT system usage and administration.,skill/competence,sector-specific,released,Digital,high,DIG_9707091a-323b-4240-877a-5999a19286f0
http://data.europa.eu/esco/skill/9710092c-f174-4e84-95bf-2064d39ad7a0,DigitalSkill,manage content metadata,"Apply content management methods and procedures to define and use metadata concepts, such as the data of creation, in order to describe, organise and archive content such as documents, video and audio files, applications and images.",skill/competence,cross-sector,released,Digital,high,DIG_9710092c-f174-4e84-95bf-2064d39ad7a0
http://data.europa.eu/esco/skill/97272b3e-d497-4420-893d-612b15d377d9,DigitalSkill,e-agriculture,"The design and application of innovative ICT solutions in agriculture, horticulture, viniculture, fishery, forestry and livestock management.",knowledge,sector-specific,released,Digital,high,DIG_97272b3e-d497-4420-893d-612b15d377d9
http://data.europa.eu/esco/skill/976455eb-5bbe-4493-ae64-ed16c3b009ea,DigitalSkill,mobile operating systems,"The features, restrictions, architectures and other characteristics of operating systems designed to run on mobile devices, such as Android or iOS.",knowledge,sector-specific,released,Digital,high,DIG_976455eb-5bbe-4493-ae64-ed16c3b009ea
http://data.europa.eu/esco/skill/978db6a1-7297-4c89-819a-47605f2c3ba8,DigitalSkill,manage software releases,Examine and approve suggested software development releases. Manage further release process.,skill/competence,occupation-specific,released,Digital,high,DIG_978db6a1-7297-4c89-819a-47605f2c3ba8
http://data.europa.eu/esco/skill/97965983-0da4-4902-9daf-d5cd2693ef73,DigitalSkill,3D modelling,The process of developing a mathematical representation of any three-dimensional surface of an object via specialised software. The product is called a 3D model. It can be displayed as a two-dimensional image through a process called 3D rendering or used in a computer simulation of physical phenomena. The model can also be physically created using 3D printing devices.,knowledge,cross-sector,released,Digital,high,DIG_97965983-0da4-4902-9daf-d5cd2693ef73
http://data.europa.eu/esco/skill/97bd1c21-66b2-4b7e-ad0f-e3cda590e378,DigitalSkill,data analytics,The science of analysing and making decisions based on raw data collected from various sources. Includes knowledge of techniques using algorithms that derive insights or trends from that data to support decision-making processes.,knowledge,cross-sector,released,Digital,high,DIG_97bd1c21-66b2-4b7e-ad0f-e3cda590e378
http://data.europa.eu/esco/skill/97bdd757-29d4-4126-92a6-07608825aa3b,DigitalSkill,QlikView Expressor,"The computer program QlikView Expressor is a tool for integration of information from multiple applications, created and maintained by organisations, into one consistent and transparent data structure, developed by the software company Qlik.",knowledge,sector-specific,released,Digital,high,DIG_97bdd757-29d4-4126-92a6-07608825aa3b
http://data.europa.eu/esco/skill/97fb21db-a4e5-4b03-af21-03b9d510d872,DigitalSkill,operate GPS systems,Use GPS Systems.,skill/competence,cross-sector,released,Digital,high,DIG_97fb21db-a4e5-4b03-af21-03b9d510d872
http://data.europa.eu/esco/skill/9889b795-d755-41b2-8afd-2e3c87a65a38,DigitalSkill,use customer relationship management software,"Use specialised software to manage company’s interactions with current and future customers. Organise, automate and synchronise sales, marketing, customer service, and technical support, to increase targeted sales.",skill/competence,cross-sector,released,Digital,high,DIG_9889b795-d755-41b2-8afd-2e3c87a65a38
http://data.europa.eu/esco/skill/98a1dec3-8138-4f46-a596-5e2a83b884b9,DigitalSkill,business analytics,The disciplines and technologies for solving business problems through employing quantitative methods such as data analysis and statistical models.,knowledge,sector-specific,released,Digital,high,DIG_98a1dec3-8138-4f46-a596-5e2a83b884b9
http://data.europa.eu/esco/skill/98a57799-0146-4849-a1d2-41021c4b7b8f,DigitalSkill,blockchain applications security principles,"The essential security principles, methods and controls for blockchain applications. Identity and access management, key management, data privacy, secure communication, smart contract security, and transaction endorsement are included as part of these principles.",knowledge,sector-specific,released,Digital,high,DIG_98a57799-0146-4849-a1d2-41021c4b7b8f
http://data.europa.eu/esco/skill/99207709-d076-4cce-ba38-e90d3bb28806,DigitalSkill,resource description framework query language,The query languages such as SPARQL which are used to retrieve and manipulate data stored in Resource Description Framework format (RDF).,knowledge,sector-specific,released,Digital,high,DIG_99207709-d076-4cce-ba38-e90d3bb28806
http://data.europa.eu/esco/skill/993b1e23-f2de-4bd8-b33f-f86dde1c8e9d,DigitalSkill,CoffeeScript,"The techniques and principles of software development, such as analysis, algorithms, coding, testing and compiling of programming paradigms in CoffeeScript.",knowledge,sector-specific,released,Digital,high,DIG_993b1e23-f2de-4bd8-b33f-f86dde1c8e9d
http://data.europa.eu/esco/skill/9973a5a2-7822-4161-99e9-95c781eb63f8,DigitalSkill,Objective-C,"The techniques and principles of software development, such as analysis, algorithms, coding, testing and compiling of programming paradigms in Objective-C.",knowledge,sector-specific,released,Digital,high,DIG_9973a5a2-7822-4161-99e9-95c781eb63f8
http://data.europa.eu/esco/skill/99814cb0-5f6c-4663-99a4-af28b11d5d2f,DigitalSkill,healthcare data systems,The types of systems that manage and maintain healthcare user data.,knowledge,occupation-specific,released,Digital,high,DIG_99814cb0-5f6c-4663-99a4-af28b11d5d2f
http://data.europa.eu/esco/skill/9983816d-cc78-4d3f-9e3c-c7baa9ebc77a,DigitalSkill,computer equipment,"The offered computers, computer peripheral equipment and software products, their functionalities, properties and legal and regulatory requirements.",knowledge,sector-specific,released,Digital,high,DIG_9983816d-cc78-4d3f-9e3c-c7baa9ebc77a
http://data.europa.eu/esco/skill/9a35cb50-8106-45f9-8aba-2df99dd6f913,DigitalSkill,ABBYY FineReader,"The computer program ABBYY FineReader is software that electronically converts printed and typed images into machine-encoded text so that documents can be electronically stored, edited and digitally displayed.",knowledge,sector-specific,released,Digital,high,DIG_9a35cb50-8106-45f9-8aba-2df99dd6f913
http://data.europa.eu/esco/skill/9a8f5432-fb04-498d-9ba4-a4e1444ff056,DigitalSkill,record multi-track sound,Recording and mixing audio signals from different sound sources on a multi-track recorder.,skill/competence,sector-specific,released,Digital,high,DIG_9a8f5432-fb04-498d-9ba4-a4e1444ff056
http://data.europa.eu/esco/skill/9ab0a456-e4f6-4070-a360-46e1009b6c0d,DigitalSkill,use CAE software,Work with computer-aided engineering (CAE) tools to perform analysis tasks such as Finite Element Analysis and Computational Fluid Dynamics.,skill/competence,sector-specific,released,Digital,high,DIG_9ab0a456-e4f6-4070-a360-46e1009b6c0d
http://data.europa.eu/esco/skill/9b30c8fd-6467-4d16-99e0-32899a9ceec0,DigitalSkill,lay out digital written content,"Lay out pages by selecting sizes, styles and entering text and graphics into computer systems.",skill/competence,cross-sector,released,Digital,high,DIG_9b30c8fd-6467-4d16-99e0-32899a9ceec0
http://data.europa.eu/esco/skill/9b9de2a4-d8af-4a7b-933a-a8334ae60067,DigitalSkill,JavaScript Framework,"The JavaScript software development environments which provide specific features and components ( such as HTML generation tools, Canvas support or Visual design) that support and guide JavaScript web applications development.",knowledge,sector-specific,released,Digital,high,DIG_9b9de2a4-d8af-4a7b-933a-a8334ae60067
http://data.europa.eu/esco/skill/9ba355be-f119-42b6-a7d6-52f6ce2e4a3f,DigitalSkill,design circuits using CAD,Draught sketches and design electronic circuitry; utilise Computer Aided Design (CAD) software and equipment.,skill/competence,cross-sector,released,Digital,high,DIG_9ba355be-f119-42b6-a7d6-52f6ce2e4a3f
http://data.europa.eu/esco/skill/9ba8fd27-275d-4bad-8c48-f668aa99a578,DigitalSkill,balance database resources,"Stabilise the workload and resources of a database, by controlling the demand of transactions, allocating disk spaces and ensuring reliability of the servers in order to optimise cost and risk ratio.",skill/competence,sector-specific,released,Digital,high,DIG_9ba8fd27-275d-4bad-8c48-f668aa99a578
http://data.europa.eu/esco/skill/9bb7a97a-1a16-431e-8ea6-ad0f9f59aa0a,DigitalSkill,control objectives for information and related technology,"The risk and controls framework such as Control Objectives for Information and Related Technology (COBIT), which supports decision makers to resolve the gap between business risks, requirements and technical issues.",knowledge,occupation-specific,released,Digital,high,DIG_9bb7a97a-1a16-431e-8ea6-ad0f9f59aa0a
http://data.europa.eu/esco/skill/9bc3b9ae-50d8-4a32-857e-8cf8d9b4ba8e,DigitalSkill,3D body scanning technologies,The principles and usage of technologies for 3D body scanning used to capture the size and shape of the human body.,knowledge,sector-specific,released,Digital,high,DIG_9bc3b9ae-50d8-4a32-857e-8cf8d9b4ba8e
http://data.europa.eu/esco/skill/9bfae677-2b7f-49bf-b7eb-2ade795df734,DigitalSkill,prepare digital art for master photograph,"Assemble, typeset, scan and produce digital art ready to be photographed as a master copy.",skill/competence,sector-specific,released,Digital,high,DIG_9bfae677-2b7f-49bf-b7eb-2ade795df734
http://data.europa.eu/esco/skill/9c48a5cc-d4a5-4cef-93f7-504902f35319,DigitalSkill,id Tech,"The game engine id Tech which is a software framework that consists of integrated development environments and specialised design tools, designed for the rapid iteration of user-derived computer games.",knowledge,sector-specific,released,Digital,high,DIG_9c48a5cc-d4a5-4cef-93f7-504902f35319
http://data.europa.eu/esco/skill/9c6e951f-aa88-4890-983d-e7a6ee49f5bb,DigitalSkill,plan marketing campaigns,"Develop a method to promote a product through different channels, such as television, radio, print and online platforms, social media with the aim to communicate and deliver value to customers.",skill/competence,cross-sector,released,Digital,high,DIG_9c6e951f-aa88-4890-983d-e7a6ee49f5bb
http://data.europa.eu/esco/skill/9ce52938-fe28-4548-b38d-0c783933e19a,DigitalSkill,edit digital moving images,Use specialised software to edit video images for use in an artistic production.,skill/competence,sector-specific,released,Digital,high,DIG_9ce52938-fe28-4548-b38d-0c783933e19a
http://data.europa.eu/esco/skill/9ce670ec-318c-4a91-9179-03437db728dc,DigitalSkill,ICT software specifications,"The characteristics, use and operations of various software products such as computer programmes and application software.",knowledge,sector-specific,released,Digital,high,DIG_9ce670ec-318c-4a91-9179-03437db728dc
http://data.europa.eu/esco/skill/9ce7c497-a019-435b-90ca-27b6889c2cb9,DigitalSkill,estimate costs of installing telecommunication devices,"Estimate the total installation costs of telecommunication devices such as modems, routers, analogue switches, optical fibre, and landline phones.",skill/competence,sector-specific,released,Digital,high,DIG_9ce7c497-a019-435b-90ca-27b6889c2cb9
http://data.europa.eu/esco/skill/9cf681c7-89ec-470c-b651-7fe03786f586,DigitalSkill,query languages,The field of standardised computer languages for retrieval of information from a database and of documents containing the needed information.,knowledge,sector-specific,released,Digital,high,DIG_9cf681c7-89ec-470c-b651-7fe03786f586
http://data.europa.eu/esco/skill/9d0d89be-bffa-4393-b6f6-8d05bea49051,DigitalSkill,"data extraction, transformation and loading tools","The tools for integration of information from multiple applications, created and maintained by organisations, into one consistent and transparent data structure.",knowledge,cross-sector,released,Digital,high,DIG_9d0d89be-bffa-4393-b6f6-8d05bea49051
http://data.europa.eu/esco/skill/9d1b08b3-ba1e-41f6-a466-1ac1e62eb5f0,DigitalSkill,conduct ICT code review,Examine and review systematically computer source code to identify errors in any stage of development and to improve the overall software quality.,skill/competence,sector-specific,released,Digital,high,DIG_9d1b08b3-ba1e-41f6-a466-1ac1e62eb5f0
http://data.europa.eu/esco/skill/9d2e926f-53d9-41f5-98f3-19dfaa687f3f,DigitalSkill,tools for software configuration management,"The software programs to perform configuration identification, control, status accounting and audit, such as CVS, ClearCase, Subversion, GIT and TortoiseSVN perform this management.",knowledge,sector-specific,released,Digital,high,DIG_9d2e926f-53d9-41f5-98f3-19dfaa687f3f
http://data.europa.eu/esco/skill/9d2f77af-4307-4ac5-bc50-a9980cec7e83,DigitalSkill,develop reporting software,Create reporting software and applications used for creating reports on data.,skill/competence,occupation-specific,released,Digital,high,DIG_9d2f77af-4307-4ac5-bc50-a9980cec7e83
http://data.europa.eu/esco/skill/9dfab993-ecab-4292-9cb2-528a93eb3161,DigitalSkill,employ habitat survey techniques,"Apply sampling strategies and employ a range of habitat survey techniques, such as Geographic Information Systems (GIS), Global Positioning Systems (GPS), aerial photography, records and maps.",skill/competence,sector-specific,released,Digital,high,DIG_9dfab993-ecab-4292-9cb2-528a93eb3161
http://data.europa.eu/esco/skill/9e06bac6-6b91-48ca-8b7d-c1f48cdecd7c,DigitalSkill,solve ICT system problems,"Identify potential component malfunctions. Monitor, document and communicate about incidents. Deploy appropriate resources with minimal outage and deploy appropriate diagnostic tools.",skill/competence,cross-sector,released,Digital,high,DIG_9e06bac6-6b91-48ca-8b7d-c1f48cdecd7c
http://data.europa.eu/esco/skill/9e14c1d8-72f2-45ba-815d-0d12e12d19fa,DigitalSkill,create thematic maps,"Use various techniques such as choropleth mapping and dasymetric mapping to create thematic maps based on geospatial information, using software programmes.",skill/competence,cross-sector,released,Digital,high,DIG_9e14c1d8-72f2-45ba-815d-0d12e12d19fa
http://data.europa.eu/esco/skill/9ecd4016-b9de-480d-8ec3-9881644f0eda,DigitalSkill,use sound measuring instruments,Operate instruments such as transducers and sound level meters to measure noise levels in an environment in order to prevent noise pollution.,skill/competence,occupation-specific,released,Digital,high,DIG_9ecd4016-b9de-480d-8ec3-9881644f0eda
http://data.europa.eu/esco/skill/9ef0f3a0-9ce2-4ef1-a987-0366b5cb2dbe,DigitalSkill,database development tools,"The methodologies and tools used for creating logical and physical structure of databases, such as logical data structures, diagrams, modelling methodologies and entity-relationships.",knowledge,sector-specific,released,Digital,high,DIG_9ef0f3a0-9ce2-4ef1-a987-0366b5cb2dbe
http://data.europa.eu/esco/skill/9effa3d7-c0c4-4583-ad94-b496ba5e5f2c,DigitalSkill,data mining methods,Data mining techniques used to determine and analyse the relationship between different elements of economy and marketing.,knowledge,cross-sector,released,Digital,high,DIG_9effa3d7-c0c4-4583-ad94-b496ba5e5f2c
http://data.europa.eu/esco/skill/9faa44df-0821-4f69-8f86-184c799cf44f,DigitalSkill,HeroEngine,"The cloud-based real-time collaborative platform that consists of integrated development environments and specialised design tools, designed for the rapid iteration of user-derived computer games. 
 ",knowledge,sector-specific,released,Digital,high,DIG_9faa44df-0821-4f69-8f86-184c799cf44f
http://data.europa.eu/esco/skill/9ff9db9d-d14b-426e-83f3-e7449af6c79f,DigitalSkill,manage data,"Administer all types of data resources through their lifecycle by performing data profiling, parsing, standardisation, identity resolution, cleansing, enhancement and auditing. Ensure the data is fit for purpose, using specialised ICT tools to fulfil the data quality criteria.",skill/competence,sector-specific,released,Digital,high,DIG_9ff9db9d-d14b-426e-83f3-e7449af6c79f
http://data.europa.eu/esco/skill/a056851d-4a8b-4007-b0f6-8224ca1ec1c2,DigitalSkill,computational linguistics,The computer science field that researches the modelling of natural languages into computational and programming languages.,knowledge,sector-specific,released,Digital,high,DIG_a056851d-4a8b-4007-b0f6-8224ca1ec1c2
http://data.europa.eu/esco/skill/a06a0d41-10fa-4ba7-a988-e8b5eba966fb,DigitalSkill,mobility as a service,"The provision of mobility services through digital technologies enabling customers to plan, book and pay for their trip. It includes the offer of shared and sustainable mobility services tailored on users' travel needs and the knowledge of different applications used for this purpose.",knowledge,sector-specific,released,Digital,high,DIG_a06a0d41-10fa-4ba7-a988-e8b5eba966fb
http://data.europa.eu/esco/skill/a06aa85f-2879-4a02-a6bd-cd60cdfc3f12,DigitalSkill,automated optical inspection,"During automated optical inspection (AOI), printed circuit boards (PCB) or surface-mount devices (SMD) are inspected by means of an automated optical inspection machine. During each automated optical inspection test, dozens of images are captured with a special camera and compared to previous assembled boards to detect any anomalies.",knowledge,sector-specific,released,Digital,high,DIG_a06aa85f-2879-4a02-a6bd-cd60cdfc3f12
http://data.europa.eu/esco/skill/a0b6f2b8-0f41-420d-9d7b-942026f83b50,DigitalSkill,aquaculture production planning software,The functioning principles and usage of a software dedicated to the planning of aquculture production.,knowledge,sector-specific,released,Digital,high,DIG_a0b6f2b8-0f41-420d-9d7b-942026f83b50
http://data.europa.eu/esco/skill/a0bf9b9d-e53f-418c-a839-5d99eff718fe,DigitalSkill,conduct search engine optimisation,"Execute optimal marketing research and strategies on search engine processes, also known as search engine marketing (SEM), in order to increase online traffic and website exposure.",skill/competence,cross-sector,released,Digital,high,DIG_a0bf9b9d-e53f-418c-a839-5d99eff718fe
http://data.europa.eu/esco/skill/a12057b4-6d11-4a12-ab8e-15a028ef0a6d,DigitalSkill,interact through digital technologies,Interact through a variety of digital technologies and understand appropriate digital communication means for a given context.,skill/competence,cross-sector,released,Digital,high,DIG_a12057b4-6d11-4a12-ab8e-15a028ef0a6d
http://data.europa.eu/esco/skill/a1388163-462a-4b76-8649-67470ea858a1,DigitalSkill,search databases,Search for information or people using databases.,skill/competence,cross-sector,released,Digital,high,DIG_a1388163-462a-4b76-8649-67470ea858a1
http://data.europa.eu/esco/skill/a18b1d91-f0bd-495d-ba8e-d9532f117b89,DigitalSkill,video-games functionalities,Characteristics and insights of video-games in order to advise customers accordingly.,knowledge,cross-sector,released,Digital,high,DIG_a18b1d91-f0bd-495d-ba8e-d9532f117b89
http://data.europa.eu/esco/skill/a283db93-b160-4b6f-9855-4e79806c4674,DigitalSkill,Project Anarchy,"The mobile game engine which is a software framework that consists of integrated development environments and specialised design tools, designed for the rapid iteration of user-derived computer games. 
 ",knowledge,sector-specific,released,Digital,high,DIG_a283db93-b160-4b6f-9855-4e79806c4674
http://data.europa.eu/esco/skill/a2842c30-be76-4327-9dce-ff56cf830533,DigitalSkill,perform scrambling operations,"Control and monitor the air force radio network and perform scrambling operations or intrusions, which mean to disrupt the functioning of adverse emissions. Scrambling is mostly performed on voice communication and signals by the use of Digital Signal Processors (DSP).",skill/competence,occupation-specific,released,Digital,high,DIG_a2842c30-be76-4327-9dce-ff56cf830533
http://data.europa.eu/esco/skill/a28df07f-976c-4eb4-b29a-06161af39756,DigitalSkill,use computerised maintenance management systems,Use computerised maintenance management systems (CMMS) in order to facilitate effective follow up of the work undertaken in maintenance facilities.,skill/competence,sector-specific,released,Digital,high,DIG_a28df07f-976c-4eb4-b29a-06161af39756
http://data.europa.eu/esco/skill/a2b566b0-1070-47a4-adc8-88839942ce25,DigitalSkill,hybrid control systems,Control systems containing both subsystems with continuous dynamics as well as subsystems with discrete dynamics.,knowledge,cross-sector,released,Digital,high,DIG_a2b566b0-1070-47a4-adc8-88839942ce25
http://data.europa.eu/esco/skill/a2b5dcf3-5b6a-453d-876c-cff540c0faf1,DigitalSkill,CAD software,"The computer-aided design (CAD) software for creating, modifying, analysing or optimising a design.",knowledge,cross-sector,released,Digital,high,DIG_a2b5dcf3-5b6a-453d-876c-cff540c0faf1
http://data.europa.eu/esco/skill/a2fef437-6719-47c2-8552-73b9fe81df86,DigitalSkill,plan ICT capacity,"Schedule the longer-term hardware capacity, ICT infrastructure, computing resources, human resources and other aspects needed to meet changing demands for ICT products and services.",skill/competence,occupation-specific,released,Digital,high,DIG_a2fef437-6719-47c2-8552-73b9fe81df86
http://data.europa.eu/esco/skill/a32c2a6d-02ea-42ec-b2b7-66659ce1811c,DigitalSkill,operate echo sounding equipment,"Operate technological equipment to measure the ocean's depth. Calculate and interpret results, and communicate them to management.",skill/competence,sector-specific,released,Digital,high,DIG_a32c2a6d-02ea-42ec-b2b7-66659ce1811c
http://data.europa.eu/esco/skill/a35b9b1c-ebfe-41ac-96be-2a7b2ea04670,DigitalSkill,file-based workflow,"The recording of moving images without using tape, but by storing these digital videos on optical disks, hard drives, and other digital storage devices.",knowledge,sector-specific,released,Digital,high,DIG_a35b9b1c-ebfe-41ac-96be-2a7b2ea04670
http://data.europa.eu/esco/skill/a3882117-5ace-40b3-ad39-014d8b53c835,DigitalSkill,produce scanned images,Produce scanned images that satisfy different categories and are free of potential defects.,skill/competence,sector-specific,released,Digital,high,DIG_a3882117-5ace-40b3-ad39-014d8b53c835
http://data.europa.eu/esco/skill/a3bd38a7-06e4-4e9c-8bbc-75aa36871801,DigitalSkill,operate mailing information systems,Operate mailing information systems in order to record the processing and handling of mail. Record faults and identify packages that were not delivered. Ensure mail and small packages are traceable until they are delivered to the recipients.,skill/competence,sector-specific,released,Digital,high,DIG_a3bd38a7-06e4-4e9c-8bbc-75aa36871801
http://data.europa.eu/esco/skill/a3ce2bf7-5562-4639-9b52-fdb4850a3904,DigitalSkill,ICT problem management techniques,The techniques related to identifying the solutions of the root cause of ICT incidents.,knowledge,sector-specific,released,Digital,high,DIG_a3ce2bf7-5562-4639-9b52-fdb4850a3904
http://data.europa.eu/esco/skill/a3e7ebba-5183-4df8-9203-35b9b9b8f4fa,DigitalSkill,collect customer data,"Collect customer data such as contact information, credit card or billing information; gather information to track down purchase history.",skill/competence,sector-specific,released,Digital,high,DIG_a3e7ebba-5183-4df8-9203-35b9b9b8f4fa
http://data.europa.eu/esco/skill/a4346013-a967-4a58-a533-6b32ad1364c5,DigitalSkill,data protection,"The principles, ethical issues, regulations and protocols of data protection.",knowledge,sector-specific,released,Digital,high,DIG_a4346013-a967-4a58-a533-6b32ad1364c5
http://data.europa.eu/esco/skill/a46743b7-ff8c-49b6-99f7-7fa5bc241771,DigitalSkill,use electronic health records in nursing,"Use electronic health records to document nursing assessment, diagnosis, interventions and outcomes based on comparable nursing classification systems and nursing taxonomy.",skill/competence,sector-specific,released,Digital,high,DIG_a46743b7-ff8c-49b6-99f7-7fa5bc241771
http://data.europa.eu/esco/skill/a47d194d-0ffd-4aaa-b695-fbbe0255000e,DigitalSkill,design information system,"Define the architecture, composition, components, modules, interfaces and data for integrated information systems (hardware, software and network), based on system requirements and specifications.",skill/competence,sector-specific,released,Digital,high,DIG_a47d194d-0ffd-4aaa-b695-fbbe0255000e
http://data.europa.eu/esco/skill/a4881e54-6055-4e61-855a-0a56ced7cfa3,DigitalSkill,web strategy assessment,Techniques for conducting a deep analysis of a company's web presence.,knowledge,sector-specific,released,Digital,high,DIG_a4881e54-6055-4e61-855a-0a56ced7cfa3
http://data.europa.eu/esco/skill/a48e97cc-9240-46e3-b62d-a6935f132bea,DigitalSkill,locate fossils,Determine the location of fossils using radar scanners and other equipment.,skill/competence,occupation-specific,released,Digital,high,DIG_a48e97cc-9240-46e3-b62d-a6935f132bea
http://data.europa.eu/esco/skill/a4a882a1-0263-4dd2-b29a-f0028cac2393,DigitalSkill,define integration strategy,"Specify strategies for system integration, incorporating the time schedule, the processes required to combine components into subsystems and systems, the means on how components will interface as well as the risks associated with the integration.",skill/competence,sector-specific,released,Digital,high,DIG_a4a882a1-0263-4dd2-b29a-f0028cac2393
http://data.europa.eu/esco/skill/a4bead49-86a0-4849-8b6a-77cdcc157808,DigitalSkill,manufacturer's instructions for audiovisual equipment,"Manufacturer's instructions required to install audio and video equipment, as specified in the user's manual.",knowledge,sector-specific,released,Digital,high,DIG_a4bead49-86a0-4849-8b6a-77cdcc157808
http://data.europa.eu/esco/skill/a4c2aa71-086f-4a46-b481-2619673c9dfe,DigitalSkill,execute ICT user research activities,"Perform research tasks such as recruitment of participants, scheduling of tasks, collecting of empirical data, data analysis and production of materials in order to assess the interaction of users with an ICT system, program or application.",skill/competence,sector-specific,released,Digital,high,DIG_a4c2aa71-086f-4a46-b481-2619673c9dfe
http://data.europa.eu/esco/skill/a4d336a6-9ffd-402a-91cc-f359716ba4e0,DigitalSkill,ML (computer programming),"The techniques and principles of software development, such as analysis, algorithms, coding, testing and compiling of programming paradigms in ML.",knowledge,sector-specific,released,Digital,high,DIG_a4d336a6-9ffd-402a-91cc-f359716ba4e0
http://data.europa.eu/esco/skill/a4e31589-3632-4926-91d0-15b889c90b9b,DigitalSkill,IBM WebSphere,The application server IBM WebSphere provides flexible and secure Java EE runtime environments to support application infrastructure and deployments.,knowledge,sector-specific,released,Digital,high,DIG_a4e31589-3632-4926-91d0-15b889c90b9b
http://data.europa.eu/esco/skill/a4ec696c-ac73-4bd5-8a3c-09a783cf3944,DigitalSkill,use mine planning software,"Use specialised software to plan, design and model for mining operations.",skill/competence,sector-specific,released,Digital,high,DIG_a4ec696c-ac73-4bd5-8a3c-09a783cf3944
http://data.europa.eu/esco/skill/a50c6a0a-5171-4be6-aa2b-50fe4d025d45,DigitalSkill,create 3D CAD footwear prototypes,"Be able to read and understand visual elements and technical design specifications from hand-made or computer-made sketches, pictures and drawings. Digitise or scan the lasts. Create the design upon the shape of the lasts according to dimensional requirements of the customer. Perform 3D footwear modelling by using various functionalities of the CAD software such as producing, manipulating and testing virtual images for computer aided 3D artistic and technical design of footwear. Produce alternative designs and develop virtual models and collection lines. Make presentation boards and catalogues.",skill/competence,sector-specific,released,Digital,high,DIG_a50c6a0a-5171-4be6-aa2b-50fe4d025d45
http://data.europa.eu/esco/skill/a520b743-8f40-43ac-a2d5-755899120844,DigitalSkill,audio technology,"The various technologies for producing, recording, and reproducing sound.",knowledge,cross-sector,released,Digital,high,DIG_a520b743-8f40-43ac-a2d5-755899120844
http://data.europa.eu/esco/skill/a521903b-aa32-4954-9790-961b0df1261f,DigitalSkill,unmanned air systems,The systems used to remotely control unmanned aerial vehicles by onboard computers or by a pilot on the ground or in the air.,knowledge,sector-specific,released,Digital,high,DIG_a521903b-aa32-4954-9790-961b0df1261f
http://data.europa.eu/esco/skill/a56dec32-05ef-45de-a256-ee6741f356db,DigitalSkill,information confidentiality,"The mechanisms and regulations which allow for selective access control and guarantee that only authorised parties (people, processes, systems and devices) have access to data, the way to comply with confidential information and the risks of non-compliance.",knowledge,sector-specific,released,Digital,high,DIG_a56dec32-05ef-45de-a256-ee6741f356db
http://data.europa.eu/esco/skill/a571ae14-3e16-4fd3-a615-5646e0b0b696,DigitalSkill,inspect data,"Analyse, transform and model data in order to discover useful information and to support decision-making.",skill/competence,cross-sector,released,Digital,high,DIG_a571ae14-3e16-4fd3-a615-5646e0b0b696
http://data.europa.eu/esco/skill/a572fd00-6735-428b-9fb1-fd2bf6262b21,DigitalSkill,monitor online competitors,Monitor activities of companies in the same sector offering a similar product or service in an online environment.,skill/competence,occupation-specific,released,Digital,high,DIG_a572fd00-6735-428b-9fb1-fd2bf6262b21
http://data.europa.eu/esco/skill/a57a54b6-2f2e-43e4-9621-b52f4a63cb08,DigitalSkill,LDAP,The computer language LDAP is a query language for retrieval of information from a database and of documents containing the needed information.,knowledge,sector-specific,released,Digital,high,DIG_a57a54b6-2f2e-43e4-9621-b52f4a63cb08
http://data.europa.eu/esco/skill/a59708e3-e654-4e37-8b8a-741c3b756eee,DigitalSkill,multimedia systems,"The methods, procedures and techniques pertaining to the operation of multimedia systems, usually a combination of software and hardware, presenting various types of media such as video and audio.",knowledge,cross-sector,released,Digital,high,DIG_a59708e3-e654-4e37-8b8a-741c3b756eee
http://data.europa.eu/esco/skill/a6532ae5-efc4-4ca4-b172-c11471940d09,DigitalSkill,electronic business,"Any business process that is implemented through a computer-mediated network. Mainly, it concerns the use of the Web, Internet, intranets to conduct businesses. It deals with, among others, business processes such as customer relation management, and supply chain management.",knowledge,sector-specific,released,Digital,high,DIG_a6532ae5-efc4-4ca4-b172-c11471940d09
http://data.europa.eu/esco/skill/a71577b2-7550-4222-88ee-dcbd2d881516,DigitalSkill,graphics editor software,"The field of graphical ICT tools which enable digital editing and composition of graphics, such as GIMP, Adobe Photoshop and Adobe Illustrator, to develop both 2D raster or 2D vector graphics.",knowledge,sector-specific,released,Digital,high,DIG_a71577b2-7550-4222-88ee-dcbd2d881516
http://data.europa.eu/esco/skill/a72408af-b488-4ad4-801b-bbf16f7a7b57,DigitalSkill,install blinds drive systems,"Install mechanical and electrical blinds drive systems such as cranks and tubular motors. If necessary, install and connect the computer control systems such as remote control, sun and wind sensors.",skill/competence,sector-specific,released,Digital,high,DIG_a72408af-b488-4ad4-801b-bbf16f7a7b57
http://data.europa.eu/esco/skill/a7242a8d-3762-42b7-b430-3369351bbd7d,DigitalSkill,colour grade images with digital intermediate,Use a scanning device to scan film negatives in order to digitally fine-tune them using image editing software.,skill/competence,sector-specific,released,Digital,high,DIG_a7242a8d-3762-42b7-b430-3369351bbd7d
http://data.europa.eu/esco/skill/a7723f06-53c3-4228-9fd0-1952ea1d7391,DigitalSkill,Havok Vision,"The game engine that consists of integrated development environments and specialised design tools, designed for the rapid iteration of user-derived computer games. 
 ",knowledge,sector-specific,released,Digital,high,DIG_a7723f06-53c3-4228-9fd0-1952ea1d7391
http://data.europa.eu/esco/skill/a7a14be2-78b5-4b4a-ba77-2658285e2756,DigitalSkill,apply reverse engineering,"Use techniques to extract information or disassemble an ICT component, software or system in order to analyse, correct and reassemble or reproduce it.",skill/competence,sector-specific,released,Digital,high,DIG_a7a14be2-78b5-4b4a-ba77-2658285e2756
http://data.europa.eu/esco/skill/a7f0fbe0-c546-4f30-8e41-34a58c64567e,DigitalSkill,data storage,"The physical and technical concepts of how digital data storage is organised in specific schemes both locally, such as hard-drives and random-access memories (RAM) and remotely, via network, internet or cloud.",knowledge,sector-specific,released,Digital,high,DIG_a7f0fbe0-c546-4f30-8e41-34a58c64567e
http://data.europa.eu/esco/skill/a800a15c-2d1b-4151-8bf3-b21d47f709a1,DigitalSkill,develop online community plan,"Create the community's plan to grow the online community, build usage, retain recent users and increase the user's participation.",skill/competence,sector-specific,released,Digital,high,DIG_a800a15c-2d1b-4151-8bf3-b21d47f709a1
http://data.europa.eu/esco/skill/a80fb090-63f4-4b05-83a5-2f090deb7757,DigitalSkill,manage data collection systems,"Develop and manage methods and strategies used to maximise data quality and statistical efficiency in the collection of data, in order to ensure the gathered data are optimised for further processing.",skill/competence,sector-specific,released,Digital,high,DIG_a80fb090-63f4-4b05-83a5-2f090deb7757
http://data.europa.eu/esco/skill/a87c1c42-8927-4183-97c7-a17554c22b29,DigitalSkill,Litmos,"The computer program Litmos is a e-learning platform for creating, administrating, arranging, reporting and delivering e-learning education courses or training programs. It is developed by the software company CallidusCloud.",knowledge,sector-specific,released,Digital,high,DIG_a87c1c42-8927-4183-97c7-a17554c22b29
http://data.europa.eu/esco/skill/a88da605-095f-4a4f-be1c-d1444df8228a,DigitalSkill,digital media,The set of medias that are transmitted through electronic devices. ,knowledge,cross-sector,released,Digital,high,DIG_a88da605-095f-4a4f-be1c-d1444df8228a
http://data.europa.eu/esco/skill/a8d07b5a-c1a1-42c6-9d53-db9c7a2ca996,DigitalSkill,PostgreSQL,"The computer program PostgreSQL is a free and open-source software tool for creating, updating and managing databases, developed by the PostgreSQL Global Development Group.",knowledge,sector-specific,released,Digital,high,DIG_a8d07b5a-c1a1-42c6-9d53-db9c7a2ca996
http://data.europa.eu/esco/skill/a91732ce-988e-4105-9570-f425c6ffdc82,DigitalSkill,intellectual property regime of digital content," Copyright and licencing provisions that apply to data, information and digital content.",knowledge,cross-sector,released,Digital,high,DIG_a91732ce-988e-4105-9570-f425c6ffdc82
http://data.europa.eu/esco/skill/a9622bbb-3a6f-4819-a3fe-cd6a447a78e9,DigitalSkill,Sakai,"The computer program Sakai is a e-learning platform for creating, administrating, arranging, reporting and delivering e-learning education courses or training programs. It is developed by the software company Apereo.",knowledge,sector-specific,released,Digital,high,DIG_a9622bbb-3a6f-4819-a3fe-cd6a447a78e9
http://data.europa.eu/esco/skill/a96dea4e-1c76-4808-8f18-3ce662ff82cb,DigitalSkill,specify digital game scenes,"Describe scenes of digital games by communicating and cooperating with artistic crew, designers and artists in order to define the scope of the game's virtual environments.",skill/competence,occupation-specific,released,Digital,high,DIG_a96dea4e-1c76-4808-8f18-3ce662ff82cb
http://data.europa.eu/esco/skill/a9b68e58-766a-403d-b5fe-955b57bdad1b,DigitalSkill,operate electronic measuring instruments,"Tend a wide variety of devices for measuring electronic characteristics of system components, such as optical power meter, fibre power meter, digital power meter and multimeter.",skill/competence,sector-specific,released,Digital,high,DIG_a9b68e58-766a-403d-b5fe-955b57bdad1b
http://data.europa.eu/esco/skill/a9d2af37-f208-4ce8-8cc2-24de0b02b555,DigitalSkill,analyse stress resistance of materials,"Analyse the ability of materials to endure stress imposed by temperature, loads, motion, vibration, and other factors using mathematical formulae and computer simulations.",skill/competence,cross-sector,released,Digital,high,DIG_a9d2af37-f208-4ce8-8cc2-24de0b02b555
http://data.europa.eu/esco/skill/a9dc215e-4e26-4ac0-b1e8-a721a88af813,DigitalSkill,execute conversion testing,"Plan, execute and measure conversion tests and experiments to test the possibility to convert one data format  into another.",skill/competence,occupation-specific,released,Digital,high,DIG_a9dc215e-4e26-4ac0-b1e8-a721a88af813
http://data.europa.eu/esco/skill/aa0d8201-5a8e-417f-81f4-c04601139582,DigitalSkill,digitization,The process of transforming an object from its analogical form to a digital format. It creates a digital representation of the object without making in-kind changes to it.,knowledge,cross-sector,released,Digital,high,DIG_aa0d8201-5a8e-417f-81f4-c04601139582
http://data.europa.eu/esco/skill/ab1e97ed-2319-4293-a8b7-072d2648822f,DigitalSkill,database management systems,"The tools for creating, updating and managing databases, such as Oracle, MySQL and Microsoft SQL Server.",knowledge,sector-specific,released,Digital,high,DIG_ab1e97ed-2319-4293-a8b7-072d2648822f
http://data.europa.eu/esco/skill/ab20726a-14dd-4536-9aa1-6166bc1a5832,DigitalSkill,evaluate cost of software products,"Apply methods and techniques to estimate and evaluate the cost of software products during their life-cycle phases, including development and acquisition costs, cost of maintenance, incorporated cost of quality-compliance and non-compliance associated costs.",skill/competence,occupation-specific,released,Digital,high,DIG_ab20726a-14dd-4536-9aa1-6166bc1a5832
http://data.europa.eu/esco/skill/ab49f767-296b-47d5-af56-0b4a69515b03,DigitalSkill,maintain ICT identity management,"Administer identification, authentication and authorisation of individuals within a system and control their access to resources by associating user rights and restrictions with the established identity.",skill/competence,sector-specific,released,Digital,high,DIG_ab49f767-296b-47d5-af56-0b4a69515b03
http://data.europa.eu/esco/skill/ab67fbfb-0ca7-4345-8bf6-af8f59480212,DigitalSkill,design database backup specifications,Specify procedures to be performed on databases which ensure the copying and archiving of data for possible restoration in case of a data loss event.,skill/competence,sector-specific,released,Digital,high,DIG_ab67fbfb-0ca7-4345-8bf6-af8f59480212
http://data.europa.eu/esco/skill/aba363e7-07ec-4eb2-a89e-bcba397c25ab,DigitalSkill,operate digital printers,"Handle inkjet and laser printers, allowing the operator to print documents in a single 'pass'. Download or print the digital files to the digital printing machine using the correct machine and print download settings so that the correct fonts and substrates are used and the output meets the specifications and required quality standards.",skill/competence,sector-specific,released,Digital,high,DIG_aba363e7-07ec-4eb2-a89e-bcba397c25ab
http://data.europa.eu/esco/skill/abdc7ac8-151f-40c6-bc1a-1e9b4b073290,DigitalSkill,augmented reality,"The process of adding diverse digital content (such as images, 3D objects, etc) on surfaces that exist in the real world. The user can interact in real-time with the technology by using devices such as mobile phones.",knowledge,cross-sector,released,Digital,high,DIG_abdc7ac8-151f-40c6-bc1a-1e9b4b073290
http://data.europa.eu/esco/skill/ac516e9b-8bfa-4b72-8e3e-340b0a3a51d5,DigitalSkill,manage content development projects,"Plan and implement the creation, delivery and management of digital or printed content, develop a system that describes the entire editorial content development and publishing process and use ICT tools to support the process.",skill/competence,sector-specific,released,Digital,high,DIG_ac516e9b-8bfa-4b72-8e3e-340b0a3a51d5
http://data.europa.eu/esco/skill/acf0a78c-f4e3-4bd9-a5cc-9cf4791b3b95,DigitalSkill,implement a virtual private network,"Create an encrypted connection between private networks, such as different local networks of a company, over the internet to ensure that only authorized users can access it and that the data cannot be intercepted.",skill/competence,sector-specific,released,Digital,high,DIG_acf0a78c-f4e3-4bd9-a5cc-9cf4791b3b95
http://data.europa.eu/esco/skill/ad008df3-dcaf-45ee-8892-2319a3b66c98,DigitalSkill,oversee clinical information system activities,"Supervise and oversee day-to-day operational and clinical information system activities such as CIS, which are used for collecting and storing clinical information regarding the healthcare delivery process.",skill/competence,occupation-specific,released,Digital,high,DIG_ad008df3-dcaf-45ee-8892-2319a3b66c98
http://data.europa.eu/esco/skill/ad59afe4-6f8a-4bc4-acfd-0f228277508a,DigitalSkill,statistical analysis system software,"Specific software system (SAS) used for advanced analytics, business intelligence, data management, and predictive analytics.",knowledge,cross-sector,released,Digital,high,DIG_ad59afe4-6f8a-4bc4-acfd-0f228277508a
http://data.europa.eu/esco/skill/adcca622-b933-4ba3-bc43-bf371879edc3,DigitalSkill,data security principles,"The principles of information and data security. They include, among others, confidentiality, integrity, and availability.",knowledge,sector-specific,released,Digital,high,DIG_adcca622-b933-4ba3-bc43-bf371879edc3
http://data.europa.eu/esco/skill/ae4f0cc6-e0b9-47f5-bdca-2fc2e6316dce,DigitalSkill,manage ICT virtualisation environments,"Oversee tools, such as VMware, kvm, Xen, Docker, Kubernetes, and others, used to enable a virtual environments for different purposes such as hardware virtualization, desktop virtualisation, and operating system level virtualisation.",skill/competence,sector-specific,released,Digital,high,DIG_ae4f0cc6-e0b9-47f5-bdca-2fc2e6316dce
http://data.europa.eu/esco/skill/ae57a9c3-f761-4b03-be2b-99a781704c73,DigitalSkill,use sales forecasting softwares,Operate sale forecasting softwares in order to help in determining demand levels for products with higher levels of accuracy.,skill/competence,cross-sector,released,Digital,high,DIG_ae57a9c3-f761-4b03-be2b-99a781704c73
http://data.europa.eu/esco/skill/ae6c1227-dd33-4df0-a64e-439cfdf948ea,DigitalSkill,develop food scanner devices,"Design and develop food scanning technologies that provide information on the level of allergens, chemicals, nutrients, calories and on ingredients in food. ",skill/competence,sector-specific,released,Digital,high,DIG_ae6c1227-dd33-4df0-a64e-439cfdf948ea
http://data.europa.eu/esco/skill/aee24c19-7dfd-4011-ae95-7a2fe2f7e369,DigitalSkill,maintain radio communications equipment,"Perform testing or repairing activities on radio transmitting and receiving equipment, such as testing control circuits.",skill/competence,sector-specific,released,Digital,high,DIG_aee24c19-7dfd-4011-ae95-7a2fe2f7e369
http://data.europa.eu/esco/skill/af1d906a-c13d-4de1-a362-6980e6dc9937,DigitalSkill,design chassis,"Devise and manufacture a series of custom chassis using design software. Apply compliance with own plans, creations and blueprints.",skill/competence,occupation-specific,released,Digital,high,DIG_af1d906a-c13d-4de1-a362-6980e6dc9937
http://data.europa.eu/esco/skill/af313ba1-a39e-49ac-99ec-94630fbe4f7f,DigitalSkill,develop code exploits,Create and test software exploits in a controlled environment to uncover and check system bugs or vulnerabilities.,skill/competence,sector-specific,released,Digital,high,DIG_af313ba1-a39e-49ac-99ec-94630fbe4f7f
http://data.europa.eu/esco/skill/af529b5d-a055-4dfa-a386-1b1c1c8670e3,DigitalSkill,operate broadcast equipment,"Operate broadcast equipment to produce, switch, receive, record, edit, and reproduce television and radio signals.",skill/competence,sector-specific,released,Digital,high,DIG_af529b5d-a055-4dfa-a386-1b1c1c8670e3
http://data.europa.eu/esco/skill/af6ea157-8c10-4c5b-8015-0e184946127a,DigitalSkill,outline blockchain-based identity management,"Outline blockchain-based identity management and access control in terms of how they work, what their benefits are compared to current solutions, and how they can be applied for specific applications.",skill/competence,cross-sector,released,Digital,high,DIG_af6ea157-8c10-4c5b-8015-0e184946127a
http://data.europa.eu/esco/skill/af7ae54f-4649-4c16-87c7-59ba41d4d57f,DigitalSkill,SPARK,The Java micro framework software development environment which provide specific features and components that support and guide web applications development.,knowledge,sector-specific,released,Digital,high,DIG_af7ae54f-4649-4c16-87c7-59ba41d4d57f
http://data.europa.eu/esco/skill/af8ca5cf-7fd1-4275-a886-e951c335d497,DigitalSkill,assist multimedia operator,Take over tasks from the multimedia operator as required. Call cues for the multimedia operator or operate the multimedia equipment yourself.,skill/competence,sector-specific,released,Digital,high,DIG_af8ca5cf-7fd1-4275-a886-e951c335d497
http://data.europa.eu/esco/skill/afa14e38-5973-4cce-a077-f796c1ced2cc,DigitalSkill,blockchain,"A decentralised, public and distributed digital ledger that is employed to record transactions between many computers. It guarantees that the records cannot be modified retroactively without the consensus of the entire network namely all of the subsequent blocks in the chain.",knowledge,sector-specific,released,Digital,high,DIG_afa14e38-5973-4cce-a077-f796c1ced2cc
http://data.europa.eu/esco/skill/afd63e8c-a4e7-42d3-86c9-3b2dd549a353,DigitalSkill,Parrot Security OS,"The operating system Parrot Security is a Linux distribution which performs penetration cloud testing, analysing security weaknesses for potentially unauthorised access.",knowledge,sector-specific,released,Digital,high,DIG_afd63e8c-a4e7-42d3-86c9-3b2dd549a353
http://data.europa.eu/esco/skill/afda6ca0-7aa8-41ef-ba5e-8dc607839daf,DigitalSkill,computer graphics,"The field that merges approaches from computer science and design. It involves the process of creating images, 3D models generation, as well as the rendering, texturing and lighting them. Its applications vary from digital photography, film and video games, and the display of images on electronic devices.",knowledge,cross-sector,released,Digital,high,DIG_afda6ca0-7aa8-41ef-ba5e-8dc607839daf
http://data.europa.eu/esco/skill/aff205d0-b338-4020-9c19-45044b545835,DigitalSkill,use digital instruments,Use computers or synthesizers to compose and arrange music.,skill/competence,occupation-specific,released,Digital,high,DIG_aff205d0-b338-4020-9c19-45044b545835
http://data.europa.eu/esco/skill/b0096dc5-2e2d-4bc1-8172-05bf486c3968,DigitalSkill,design application interfaces,"Create and program application interfaces, their operations, inputs and outputs and underlying types.",skill/competence,sector-specific,released,Digital,high,DIG_b0096dc5-2e2d-4bc1-8172-05bf486c3968
http://data.europa.eu/esco/skill/b0288eea-74b3-460a-8ac5-edc4ba70b75c,DigitalSkill,manage closed-circuit television system,Oversee a system of cameras inside a facility which transmit a signal to a specific set of display devices.,skill/competence,cross-sector,released,Digital,high,DIG_b0288eea-74b3-460a-8ac5-edc4ba70b75c
http://data.europa.eu/esco/skill/b04c4965-4fd7-4dfa-a8d4-0cec5c5f5d0c,DigitalSkill,Unreal Engine,"The game engine Unreal Engine which is a software framework that consists of integrated development environments and specialised design tools, designed for the rapid iteration of user-derived computer games.",knowledge,sector-specific,released,Digital,high,DIG_b04c4965-4fd7-4dfa-a8d4-0cec5c5f5d0c
http://data.europa.eu/esco/skill/b080a008-a35d-4bd0-92e9-edf3773bb2b7,DigitalSkill,use communication and collaboration software,"Use simple digital tools and technologies for communicating, interacting and collaborating with others.",skill/competence,transversal,released,Digital,high,DIG_b080a008-a35d-4bd0-92e9-edf3773bb2b7
http://data.europa.eu/esco/skill/b0a3bb25-a02f-43ed-ab1f-994fa66a424a,DigitalSkill,online analytical processing,"The online tools which analyse, aggregate and present multi-dimensional data enabling users to interactively and selectively extract and view data from specific points of view.",knowledge,sector-specific,released,Digital,high,DIG_b0a3bb25-a02f-43ed-ab1f-994fa66a424a
http://data.europa.eu/esco/skill/b0ac313d-de44-4344-ada6-76d2177b6d92,DigitalSkill,Synfig,The computer program Synfig is a graphical ICT tool which enables digital editing and composition of graphics to generate both 2D raster or 2D vector graphics. It is developed by Robert Quattlebaum.,knowledge,sector-specific,released,Digital,high,DIG_b0ac313d-de44-4344-ada6-76d2177b6d92
http://data.europa.eu/esco/skill/b105ec9b-0857-41d6-8d07-a83e58b73d90,DigitalSkill,ICT system programming,"The methods and tools required to develop system software, specifications of system architectures and interfacing techniques between network and system modules and components.",knowledge,sector-specific,released,Digital,high,DIG_b105ec9b-0857-41d6-8d07-a83e58b73d90
http://data.europa.eu/esco/skill/b11fe9a5-4e80-4cb8-a902-7d53a6b28b47,DigitalSkill,tend CNC laser cutting machine,Monitor and operate a computer numerical controlled (CNC) laser cutting machine according to regulations.,skill/competence,cross-sector,released,Digital,high,DIG_b11fe9a5-4e80-4cb8-a902-7d53a6b28b47
http://data.europa.eu/esco/skill/b1272de4-1f5f-408b-8b26-061f2550fc72,DigitalSkill,e-commerce systems,"Basic digital architecture and commercial transactions for trading products or services conducted via Internet, e-mail, mobile devices, social media, etc.",knowledge,sector-specific,released,Digital,high,DIG_b1272de4-1f5f-408b-8b26-061f2550fc72
http://data.europa.eu/esco/skill/b13e0689-636d-42d0-86c3-df9d6f85a882,DigitalSkill,manage environmental management system,Develop and implement an environmental management system.,skill/competence,cross-sector,released,Digital,high,DIG_b13e0689-636d-42d0-86c3-df9d6f85a882
http://data.europa.eu/esco/skill/b1604a2d-c26a-427d-bda9-b8073a319fe9,DigitalSkill,adjust ICT system capacity,"Change the scope of an ICT system by adding or reallocating additional ICT system components, such as network components, servers or storage to meet capacity or volume demands.",skill/competence,sector-specific,released,Digital,high,DIG_b1604a2d-c26a-427d-bda9-b8073a319fe9
http://data.europa.eu/esco/skill/b16200f4-4f39-4b8b-aa9d-3568054d6bdb,DigitalSkill,Open source model,"The open source model consists of principles and fundamentals of service-oriented modelling for business and software systems that allow the design and specification of service-oriented business systems within a variety of architectural styles, such as enterprise architecture.",knowledge,sector-specific,released,Digital,high,DIG_b16200f4-4f39-4b8b-aa9d-3568054d6bdb
http://data.europa.eu/esco/skill/b16bcbcb-1d3f-42b3-a6a5-b91348a72b70,DigitalSkill,WildFly,The open-source application server JBoss is a Linux based platform which supports Java applications and large websites.,knowledge,sector-specific,released,Digital,high,DIG_b16bcbcb-1d3f-42b3-a6a5-b91348a72b70
http://data.europa.eu/esco/skill/b21e2984-c6b2-4352-bbe8-8f3b03bd50f6,DigitalSkill,medical informatics,The processes and tools used for the analysis and dissemination of medical data through computerized systems.,knowledge,cross-sector,released,Digital,high,DIG_b21e2984-c6b2-4352-bbe8-8f3b03bd50f6
http://data.europa.eu/esco/skill/b2bdd9ad-4ecb-4ced-80c3-623686ef5328,DigitalSkill,perform pill branding,Perform the printing of the institution identity on pills using the pill branding laptop.,skill/competence,sector-specific,released,Digital,high,DIG_b2bdd9ad-4ecb-4ced-80c3-623686ef5328
http://data.europa.eu/esco/skill/b2f9eb81-eda4-49a9-8453-3ba345da2d98,DigitalSkill,convert into animated object,"Convert real objects into visual animation elements, using animation techniques such as optical scanning.",skill/competence,sector-specific,released,Digital,high,DIG_b2f9eb81-eda4-49a9-8453-3ba345da2d98
http://data.europa.eu/esco/skill/b34e2ba1-9080-48c9-9b42-ee9192a4d3f1,DigitalSkill,use CAD software,"Use computer-aided design (CAD) systems to assist in the creation, modification, analysis, or optimisation of a design.",skill/competence,cross-sector,released,Digital,high,DIG_b34e2ba1-9080-48c9-9b42-ee9192a4d3f1
http://data.europa.eu/esco/skill/b36176ec-3499-4235-a15c-cb485a386dc6,DigitalSkill,assemble video tape footage,"Assemble all raw video footage, with camera shots either recorded or transferred onto video tape in preparation for inputting into the computer.",skill/competence,sector-specific,released,Digital,high,DIG_b36176ec-3499-4235-a15c-cb485a386dc6
http://data.europa.eu/esco/skill/b363bb5f-2c79-40af-94da-33e06f9dee9f,DigitalSkill,apply blended learning,"Be familiar with blended learning tools by combining traditional face-to-face and online learning, using digital tools, online technologies,  and e-learning methods.",skill/competence,cross-sector,released,Digital,high,DIG_b363bb5f-2c79-40af-94da-33e06f9dee9f
http://data.europa.eu/esco/skill/b3a186be-5f1b-45d3-a468-41183e9780f3,DigitalSkill,configuration of the tote room hardware,"The functions of various pieces of tote room hardware, the settings and their usage cases.",knowledge,occupation-specific,released,Digital,high,DIG_b3a186be-5f1b-45d3-a468-41183e9780f3
http://data.europa.eu/esco/skill/b3a75400-103f-42c7-b742-be11d161d05b,DigitalSkill,manage production systems,"Organize, manage, and maintain all aspects of production, including product design, production planning, and production control systems (for example by the use of the computer program WFM).",skill/competence,sector-specific,released,Digital,high,DIG_b3a75400-103f-42c7-b742-be11d161d05b
http://data.europa.eu/esco/skill/b3c8eada-b0a8-4b61-968b-b354fbfb6874,DigitalSkill,configure ICT system,Set up and customise an ICT system to meet requirements during initial implementation as well as when new business needs arise.,skill/competence,sector-specific,released,Digital,high,DIG_b3c8eada-b0a8-4b61-968b-b354fbfb6874
http://data.europa.eu/esco/skill/b3f971b2-6c11-43d3-b5ce-8ba7f5a223c7,DigitalSkill,types of satellites,"The different types of satellites used for communications, streaming services, surveillance, and scientific research.",knowledge,sector-specific,released,Digital,high,DIG_b3f971b2-6c11-43d3-b5ce-8ba7f5a223c7
http://data.europa.eu/esco/skill/b3fc5018-ff7b-46fd-be18-dd4148e9b241,DigitalSkill,advise customers on type of computer equipment,Provide customers with professional advice on computers and software.,skill/competence,sector-specific,released,Digital,high,DIG_b3fc5018-ff7b-46fd-be18-dd4148e9b241
http://data.europa.eu/esco/skill/b4057ecb-06d6-45db-a352-ce73e3fd991d,DigitalSkill,blockchain history,Key historical facts and milestones in the blockchain technology as well as the implementations and applications that emerged on top of it.,knowledge,sector-specific,released,Digital,high,DIG_b4057ecb-06d6-45db-a352-ce73e3fd991d
http://data.europa.eu/esco/skill/b4877620-c375-45f3-a678-2ddb4dae6a29,DigitalSkill,repair ICT devices,"Maintain and repair ICT related equipment such as laptops, desktops, tablets, mobile devices, communications equipment, printers and any piece of computer related peripheral. Detect faults, malfunctions and replace parts if necessary.",skill/competence,sector-specific,released,Digital,high,DIG_b4877620-c375-45f3-a678-2ddb4dae6a29
http://data.europa.eu/esco/skill/b4dc6e4f-dc7d-445f-8ce2-d7b9d225e282,DigitalSkill,AJAX,"The techniques and principles of software development, such as analysis, algorithms, coding, testing and compiling of programming paradigms in AJAX.",knowledge,sector-specific,released,Digital,high,DIG_b4dc6e4f-dc7d-445f-8ce2-d7b9d225e282
http://data.europa.eu/esco/skill/b5b09dac-5b28-40a5-b671-5f9aa31f65d8,DigitalSkill,operate audio equipment,"Apply technologies for re-creation or recording of sounds, such as speaking, sound of instruments in electrical or mechanical form.",skill/competence,sector-specific,released,Digital,high,DIG_b5b09dac-5b28-40a5-b671-5f9aa31f65d8
http://data.europa.eu/esco/skill/b5c7e0dc-dda3-4790-a7d1-d6d8023b3089,DigitalSkill,database quality standards,"Techniques and methods of estimation and evaluation of system quality and overall database quality, as well as the set quality standards and regulations.",knowledge,sector-specific,released,Digital,high,DIG_b5c7e0dc-dda3-4790-a7d1-d6d8023b3089
http://data.europa.eu/esco/skill/b633eb55-8f1f-4ae6-ab4c-2022ffe2cb7f,DigitalSkill,C++,"The techniques and principles of software development, such as analysis, algorithms, coding, testing and compiling of programming paradigms in C++.",knowledge,sector-specific,released,Digital,high,DIG_b633eb55-8f1f-4ae6-ab4c-2022ffe2cb7f
http://data.europa.eu/esco/skill/b63ba4e4-ebf4-4e17-b0d6-662244022a4f,DigitalSkill,provide guidelines for content development,"Develop standards and structures for content development such as formats, styles, layout, structures, content types, terminology, XML and DITA. Implement them in document type definitions and apply them during work process and evaluate results in light of established standards.",skill/competence,sector-specific,released,Digital,high,DIG_b63ba4e4-ebf4-4e17-b0d6-662244022a4f
http://data.europa.eu/esco/skill/b6d14ab8-3441-4cbe-8a0e-5b4f7f994730,DigitalSkill,develop digital educational materials,"Create resources and instructional materials (e-learning, educational video and audio material, educational prezi) using digital technologies to transfer insight and awareness in order to improve learners’ expertise.",skill/competence,cross-sector,released,Digital,high,DIG_b6d14ab8-3441-4cbe-8a0e-5b4f7f994730
http://data.europa.eu/esco/skill/b769f524-0f25-44d7-8538-5c46710a040e,DigitalSkill,manage digital documents,"Manage various data formats and files by naming, publishing, transforming and sharing files and documents and transforming file formats.",skill/competence,cross-sector,released,Digital,high,DIG_b769f524-0f25-44d7-8538-5c46710a040e
http://data.europa.eu/esco/skill/b78f324d-e16c-43f8-97d2-50d3a7cd1fb3,DigitalSkill,work with virtual learning environments,Incorporate the use of online learning environments and platforms into the process of instruction.,skill/competence,cross-sector,released,Digital,high,DIG_b78f324d-e16c-43f8-97d2-50d3a7cd1fb3
http://data.europa.eu/esco/skill/b7b381f5-7de2-4f91-9a8f-524041cb47d9,DigitalSkill,instrumentation engineering,The science and engineering discipline that attempts to control process variables of production and manufacturing. It also focuses on the design of systems with desired behaviours. These systems use sensors to measure the output performance of the device that is being controlled.,knowledge,cross-sector,released,Digital,high,DIG_b7b381f5-7de2-4f91-9a8f-524041cb47d9
http://data.europa.eu/esco/skill/b820c9de-4d00-4e79-9af9-33f26044ff42,DigitalSkill,teach computer science,"Instruct students in the theory and practice of computer science, more specifically in the development of software systems, programming languages, artificial intelligence, and software security.",skill/competence,sector-specific,released,Digital,high,DIG_b820c9de-4d00-4e79-9af9-33f26044ff42
http://data.europa.eu/esco/skill/b8271c8a-cba6-4baa-80f5-6361af3f07e3,DigitalSkill,ensure adherence to organisational ICT standards,"Guarantee that the state of events is in accordance with the ICT rules and procedures described by an organisation for their products, services and solutions.",skill/competence,sector-specific,released,Digital,high,DIG_b8271c8a-cba6-4baa-80f5-6361af3f07e3
http://data.europa.eu/esco/skill/b8b2a035-38f0-4c0e-94ee-edefc266c643,DigitalSkill,microelectromechanical systems,"Microelectromechanical systems (MEMS) are miniaturised electromechanical systems made using processes of microfabrication. MEMS consist of microsensors, microactuators, microstructures, and microelectronics. MEMS can be used in a range of appliances, such as ink jet printer heads, digital light processors, gyroscopes in smart phones, accelerometers for airbags, and miniature microphones.",knowledge,sector-specific,released,Digital,high,DIG_b8b2a035-38f0-4c0e-94ee-edefc266c643
http://data.europa.eu/esco/skill/b8c01891-e3df-4a4b-948d-95b45e1788f5,DigitalSkill,mobile device software frameworks,"The API (Application Program Interfaces), such as Android, iOS, windows phone which enables programmers to quickly and easily write applications for mobile devices.",knowledge,sector-specific,released,Digital,high,DIG_b8c01891-e3df-4a4b-948d-95b45e1788f5
http://data.europa.eu/esco/skill/b8df1689-6763-437d-bfca-fe03d43f36c3,DigitalSkill,Computer Assisted Language Learning,"A language teaching and learning approach in which information technologies as well as computer-based resources are used to reinforce, present, make interactive and assess second or foreign languages to be learned. ",knowledge,occupation-specific,released,Digital,high,DIG_b8df1689-6763-437d-bfca-fe03d43f36c3
http://data.europa.eu/esco/skill/b8eb2517-37d8-43e6-9856-9c29d5c51fde,DigitalSkill,Filemaker (database management systems),"The computer program FileMaker is a tool for creating, updating and managing databases, developed by the software company FileMaker Inc.",knowledge,sector-specific,released,Digital,high,DIG_b8eb2517-37d8-43e6-9856-9c29d5c51fde
http://data.europa.eu/esco/skill/b916d60e-38e9-4241-914a-4e2144bda711,DigitalSkill,operate computerised control systems,"Operate electronic or computerised control panels to monitor and optimise processes, and to control process start-up and shut-downs. ",skill/competence,cross-sector,released,Digital,high,DIG_b916d60e-38e9-4241-914a-4e2144bda711
http://data.europa.eu/esco/skill/b928ae44-b19f-49c7-a823-b09094de1063,DigitalSkill,repair equipment on site,"Identify malfunctions and repair or replace multi-media, audio-visual and computer systems, hardware and equipment on site.",skill/competence,cross-sector,released,Digital,high,DIG_b928ae44-b19f-49c7-a823-b09094de1063
http://data.europa.eu/esco/skill/b997afc1-19a7-4208-8010-fa0ffef15799,DigitalSkill,manage archive users guidelines,Establish policy guidelines on public access to a (digital) archive and the cautious use of present materials. Communicate the guidelines to archive visitors.,skill/competence,sector-specific,released,Digital,high,DIG_b997afc1-19a7-4208-8010-fa0ffef15799
http://data.europa.eu/esco/skill/b99c9b86-b16f-4592-8505-de3d9c99e25b,DigitalSkill,digital arts,"The production of art through digital tools, software, computers or other electronic devices. It involves the use of various mediums for artistic expression such as digital photography or computer graphics as well as pixel art.",knowledge,occupation-specific,released,Digital,high,DIG_b99c9b86-b16f-4592-8505-de3d9c99e25b
http://data.europa.eu/esco/skill/b9a57803-7f3d-42a7-a652-03c96de1d42f,DigitalSkill,model optical systems,"Model and simulate optical systems, products, and components using technical design software. Assess the viability of the product and examine the physical parameters to ensure a successful production process.",skill/competence,sector-specific,released,Digital,high,DIG_b9a57803-7f3d-42a7-a652-03c96de1d42f
http://data.europa.eu/esco/skill/b9aad733-959a-4178-984f-53e4bd05b420,DigitalSkill,maintain internet protocol configuration,Apply Internet Protocol Configuration (ipconfig) to gather data on Transmission Control Protocol/Internet Protocol (TCP/IP) configuration values in order to identify devices and their IP addresses.,skill/competence,sector-specific,released,Digital,high,DIG_b9aad733-959a-4178-984f-53e4bd05b420
http://data.europa.eu/esco/skill/b9e451f5-a62f-4a16-a229-255fa5c222a5,DigitalSkill,perform virtual simulation ,"Perform all the steps of a virtual simulation, including the correct positioning and immobilisation of the patient, acquisition of the necessary images and recording reference points and other marks. ",skill/competence,sector-specific,released,Digital,high,DIG_b9e451f5-a62f-4a16-a229-255fa5c222a5
http://data.europa.eu/esco/skill/ba04b19b-0b18-4d5c-b799-4db31a98e58d,DigitalSkill,BlackBerry,"The system software BlackBerry consists of features, restrictions, architectures and other characteristics of operating systems designed to run on mobile devices.",knowledge,sector-specific,released,Digital,high,DIG_ba04b19b-0b18-4d5c-b799-4db31a98e58d
http://data.europa.eu/esco/skill/ba1b0441-a6b8-4e57-8ccc-871012f63e42,DigitalSkill,trading software,The finance and trading integrated software solutions.,knowledge,sector-specific,released,Digital,high,DIG_ba1b0441-a6b8-4e57-8ccc-871012f63e42
http://data.europa.eu/esco/skill/ba93b71b-c433-4a01-8246-ed2daa85a9a2,DigitalSkill,conduct web searches,"Search data, information and content through simple searches in digital environments.",skill/competence,transversal,released,Digital,high,DIG_ba93b71b-c433-4a01-8246-ed2daa85a9a2
http://data.europa.eu/esco/skill/bac209e9-d337-4312-9041-17c2e75fa4df,DigitalSkill,hardware industry,Different tools and brands in the hardware industry such as power tools.,knowledge,cross-sector,released,Digital,high,DIG_bac209e9-d337-4312-9041-17c2e75fa4df
http://data.europa.eu/esco/skill/bad66a63-4e3f-41f9-9e5d-a4d5f12f8d36,DigitalSkill,create GIS reports,"Use relevant geographic informations systems to create reports and maps based on geospatial information, using GIS software programmes.",skill/competence,cross-sector,released,Digital,high,DIG_bad66a63-4e3f-41f9-9e5d-a4d5f12f8d36
http://data.europa.eu/esco/skill/baf1fadb-975a-42be-9744-d8ba02304d09,DigitalSkill,Samurai Web Testing Framework,The linux environment Samurai Web Testing Framework is a specialised penetration testing tool which tests security weaknesses of websites for potentially unauthorised access.,knowledge,sector-specific,released,Digital,high,DIG_baf1fadb-975a-42be-9744-d8ba02304d09
http://data.europa.eu/esco/skill/bb165899-d95f-4433-95f2-173fefd716d2,DigitalSkill,develop statistical software,"Participate in the various development stages of computer programs for econometric and statistical analysis, such as research, new product development, prototyping, and maintenance.",skill/competence,cross-sector,released,Digital,high,DIG_bb165899-d95f-4433-95f2-173fefd716d2
http://data.europa.eu/esco/skill/bb2a71c4-ff2e-47cf-ab44-684797a1ee5d,DigitalSkill,computational mechanics,"The use of modelling and simulation to predict complex physical behaviours in science and engineering. It interacts with other areas in mechanics including solid mechanics and fluid mechanics, but also material science, mathematics and numerical methods.",knowledge,sector-specific,released,Digital,high,DIG_bb2a71c4-ff2e-47cf-ab44-684797a1ee5d
http://data.europa.eu/esco/skill/bb2b4485-2bad-402f-8517-44bf7d9afff4,DigitalSkill,implement anti-virus software,"Download, install and update software to prevent, detect and remove malicious software, such as computer viruses.",skill/competence,sector-specific,released,Digital,high,DIG_bb2b4485-2bad-402f-8517-44bf7d9afff4
http://data.europa.eu/esco/skill/bb562019-5222-45db-a16c-730edbb1d27c,DigitalSkill,define ICT network design policies,"Specify policies, principles, rules, processes and criteria for the design, planning and realisation of ICT networks.",skill/competence,occupation-specific,released,Digital,high,DIG_bb562019-5222-45db-a16c-730edbb1d27c
http://data.europa.eu/esco/skill/bb979b3b-8292-409f-8c27-b17e13bab8bb,DigitalSkill,mix live images,Follow different video streams of a live event and mix them together using specialised equipment and software.,skill/competence,sector-specific,released,Digital,high,DIG_bb979b3b-8292-409f-8c27-b17e13bab8bb
http://data.europa.eu/esco/skill/bb99af26-71ff-4dca-bde7-1eb1f6194426,DigitalSkill,SAP R3,"The techniques and principles of software development, such as analysis, algorithms, coding, testing and compiling of programming paradigms in SAP R3.",knowledge,sector-specific,released,Digital,high,DIG_bb99af26-71ff-4dca-bde7-1eb1f6194426
http://data.europa.eu/esco/skill/bbbd263e-affb-4ec8-84fb-3e5d9e62306b,DigitalSkill,model hardware,Model and simulate computer hardware using technical design software. Assess the viability of the product and examine the physical parameters to ensure a successful production process.,skill/competence,sector-specific,released,Digital,high,DIG_bbbd263e-affb-4ec8-84fb-3e5d9e62306b
http://data.europa.eu/esco/skill/bc067d2e-e151-408f-8e34-24effd2b7fd6,DigitalSkill,use e-procurement,"Use digital procurement technologies and e-procurement applications and tools in order to reduce administrative burden, improve efficiency, and strengthen transparency and accountability of procurement procedures. ",skill/competence,sector-specific,released,Digital,high,DIG_bc067d2e-e151-408f-8e34-24effd2b7fd6
http://data.europa.eu/esco/skill/bc0b0b5d-f6be-405a-b224-b6902a4dbe97,DigitalSkill,manage digital identity,"Create and manage one or multiple digital identities, be able to protect one's own reputation, deal with the data that one produces through several digital tools, environments and services.",skill/competence,cross-sector,released,Digital,high,DIG_bc0b0b5d-f6be-405a-b224-b6902a4dbe97
http://data.europa.eu/esco/skill/bcc0db5f-c1e8-4f08-b68b-020396ef07b9,DigitalSkill,use audio reproduction software,"Operate software and equipment that transform and reproduce digital, analogue sounds and sound waves into the desired perceivable audio to be streamed.",skill/competence,sector-specific,released,Digital,high,DIG_bcc0db5f-c1e8-4f08-b68b-020396ef07b9
http://data.europa.eu/esco/skill/bd08f332-a295-4a59-a13a-05b08ca3761b,DigitalSkill,install monitors for process control,Plan and deploy a system of monitors for controlling specific processes in an organisation or a system.,skill/competence,cross-sector,released,Digital,high,DIG_bd08f332-a295-4a59-a13a-05b08ca3761b
http://data.europa.eu/esco/skill/bd14968e-e409-45af-b362-3495ed7b10e0,DigitalSkill,cloud technologies,"The technologies which enable access to hardware, software, data and services through remote servers and software networks irrespective of their location and architecture.",knowledge,sector-specific,released,Digital,high,DIG_bd14968e-e409-45af-b362-3495ed7b10e0
http://data.europa.eu/esco/skill/bdb4f02e-72d5-41ca-a662-0498dc3fb070,DigitalSkill,health technology assessment ,"The assessment of the properties, performance and effects of health technologies aimed at detecting the direct and indirect effects of health technologies and their desired and undesired consequences.",knowledge,occupation-specific,released,Digital,high,DIG_bdb4f02e-72d5-41ca-a662-0498dc3fb070
http://data.europa.eu/esco/skill/be0ff6d8-5e61-4021-9c89-e40cf0b75cc6,DigitalSkill,measure software usability,Check the convenience of the software product for the end user. Identify user problems and make adjustments to improve usability practice. Collect input data on how users evaluate software products.,skill/competence,sector-specific,released,Digital,high,DIG_be0ff6d8-5e61-4021-9c89-e40cf0b75cc6
http://data.europa.eu/esco/skill/be149bed-a789-48ee-832b-620ccf776af9,DigitalSkill,Frostbite (digital game creation systems),"The game engine Frostbite which is a software framework that consists of integrated development environments and specialised design tools, designed for the rapid iteration of user-derived computer games.",knowledge,sector-specific,released,Digital,high,DIG_be149bed-a789-48ee-832b-620ccf776af9
http://data.europa.eu/esco/skill/be457a1c-5973-4781-9bb8-809703931f43,DigitalSkill,types of audiovisual formats,"Various audio and video formats, including digital.",knowledge,cross-sector,released,Digital,high,DIG_be457a1c-5973-4781-9bb8-809703931f43
http://data.europa.eu/esco/skill/be59c6bd-0e88-4ffe-bc81-50b86be815e6,DigitalSkill,create 3D texture map,"Add detail, colour or surface texture to a computer-based 3D-model or graphic.",skill/competence,occupation-specific,released,Digital,high,DIG_be59c6bd-0e88-4ffe-bc81-50b86be815e6
http://data.europa.eu/esco/skill/be64bb4c-84ac-4c83-8cc7-fc8593e15136,DigitalSkill,test system accessibility for users with special needs,Examine whether software interface complies with standards and regulations so that the system can be used by people with special needs.,skill/competence,sector-specific,released,Digital,high,DIG_be64bb4c-84ac-4c83-8cc7-fc8593e15136
http://data.europa.eu/esco/skill/be80acfc-b6f2-4411-9b8d-b19d9cd2556a,DigitalSkill,Swift (computer programming),"The techniques and principles of software development, such as analysis, algorithms, coding, testing and compiling of programming paradigms in Swift.",knowledge,sector-specific,released,Digital,high,DIG_be80acfc-b6f2-4411-9b8d-b19d9cd2556a
http://data.europa.eu/esco/skill/bec4359e-cb92-468f-a997-8fb28e32fba9,DigitalSkill,ICT project management methodologies,"The methodologies or models for planning, managing and overseeing of ICT resources in order to meet specific goals, such methodologies are Waterfall, Incremental, V-Model, Scrum or Agile and using project management ICT tools.",knowledge,sector-specific,released,Digital,high,DIG_bec4359e-cb92-468f-a997-8fb28e32fba9
http://data.europa.eu/esco/skill/bedd8fa7-5a64-4134-9095-58f5709e25e4,DigitalSkill,Moodle,"The computer program Moodle is a e-learning platform for creating, administrating, arranging, reporting and delivering e-learning education courses or training programs.",knowledge,sector-specific,released,Digital,high,DIG_bedd8fa7-5a64-4134-9095-58f5709e25e4
http://data.europa.eu/esco/skill/bee296bc-48f7-4df6-bd2c-8616c8a6c8de,DigitalSkill,design hardware,Design and develop new computer hardware systems and components. Draft blueprints and assembly drawings specifying how the computer equipment should be build.,skill/competence,sector-specific,released,Digital,high,DIG_bee296bc-48f7-4df6-bd2c-8616c8a6c8de
http://data.europa.eu/esco/skill/bf1f763e-c505-46e7-8af3-e48f13ec5f44,DigitalSkill,control engineering,Subdiscipline of engineering that focuses on controlling the behaviour of systems through the use of sensors and actuators.,knowledge,cross-sector,released,Digital,high,DIG_bf1f763e-c505-46e7-8af3-e48f13ec5f44
http://data.europa.eu/esco/skill/bf298db2-b90e-4739-85ca-9c3003103fab,DigitalSkill,manage software localisation,"Organise the transference process of a certain software from one locale to another, in order to expand the number of users, by modifying content through the use of user interface translation, while taking into consideration the properties of the future country the software will be introduced into.",skill/competence,occupation-specific,released,Digital,high,DIG_bf298db2-b90e-4739-85ca-9c3003103fab
http://data.europa.eu/esco/skill/bf4d884f-c848-402a-b130-69c266b04164,DigitalSkill,apply basic programming skills,List simple instructions for a computing system to solve problems or perform tasks at a basic level and with appropriate guidance where needed.,skill/competence,transversal,released,Digital,high,DIG_bf4d884f-c848-402a-b130-69c266b04164
http://data.europa.eu/esco/skill/bf675dff-ce7b-4f88-8a93-683a06e6617e,DigitalSkill,use colour printing programs,"Use colour printing programs, such as the CMYK colour (ink) model for various pressing machines.",skill/competence,sector-specific,released,Digital,high,DIG_bf675dff-ce7b-4f88-8a93-683a06e6617e
http://data.europa.eu/esco/skill/bf6c5ed4-84af-440f-abcc-7fa5ba19c738,DigitalSkill,real-time computing,The ICT hardware and software systems which are bound to respond to input within precisely tight constraints of time,knowledge,occupation-specific,released,Digital,high,DIG_bf6c5ed4-84af-440f-abcc-7fa5ba19c738
http://data.europa.eu/esco/skill/bf7ea00f-db77-4a95-9b9f-2d12b6d9fcb4,DigitalSkill,implement ICT network diagnostic tools,"Use software tools or components that monitor ICT network parameters, such as performance and throughput, provide data and statistics, diagnose errors, failures or bottlenecks and support decision making.",skill/competence,sector-specific,released,Digital,high,DIG_bf7ea00f-db77-4a95-9b9f-2d12b6d9fcb4
http://data.europa.eu/esco/skill/bf942c60-8539-4951-83ee-63f770da1cb8,DigitalSkill,program a CNC controller,Set up the desired product design in the CNC controller of the CNC machine for product manufacturing.,skill/competence,cross-sector,released,Digital,high,DIG_bf942c60-8539-4951-83ee-63f770da1cb8
http://data.europa.eu/esco/skill/c022ff1b-7783-4e64-89ef-0422c81ff51f,DigitalSkill,design microelectromechanical systems,"Design and develop microelectromechanical systems (MEMS), such as microsensing devices. Make a model and a simulation using technical design software to assess the viability of the product and examine the physical parameters to ensure a successful production process.",skill/competence,cross-sector,released,Digital,high,DIG_c022ff1b-7783-4e64-89ef-0422c81ff51f
http://data.europa.eu/esco/skill/c0326e27-5fa8-4dca-aecb-ed89ab491513,DigitalSkill,prepare visual data,Prepare charts and graphs in order to present data in a visual manner.,skill/competence,cross-sector,released,Digital,high,DIG_c0326e27-5fa8-4dca-aecb-ed89ab491513
http://data.europa.eu/esco/skill/c0502e2a-1e12-422e-994e-cf9bf814e3b2,DigitalSkill,guide learners in using assistive technologies,"Instruct and guide learners on how to use assistive technologies appropriate to their specific learning challenge: such as word prediction, text-to-speech or speech recognition. Explain the features of the technology and its benefits for the learner.",skill/competence,sector-specific,released,Digital,high,DIG_c0502e2a-1e12-422e-994e-cf9bf814e3b2
http://data.europa.eu/esco/skill/c062bab3-3ea0-4291-9220-a2d8fef4bead,DigitalSkill,SQL Server,"The computer program SQL Server is a tool for creating, updating and managing databases, developed by the software company Microsoft.",knowledge,sector-specific,released,Digital,high,DIG_c062bab3-3ea0-4291-9220-a2d8fef4bead
http://data.europa.eu/esco/skill/c0e2f74c-51f0-4020-9756-d190848cf181,DigitalSkill,integrate content into output media,"Compile and integrate media and text content into online and offline systems, such as websites, platforms, applications and social media, for publishing and distribution.",skill/competence,sector-specific,released,Digital,high,DIG_c0e2f74c-51f0-4020-9756-d190848cf181
http://data.europa.eu/esco/skill/c13fb093-5ffb-491a-b8b7-fa2d42a57e2e,DigitalSkill,implement cloud security and compliance,Implement and manage security policies and access controls on cloud. Differentiate between the roles and responsibilities within the shared responsibility model.,skill/competence,sector-specific,released,Digital,high,DIG_c13fb093-5ffb-491a-b8b7-fa2d42a57e2e
http://data.europa.eu/esco/skill/c1b4aa1e-bc42-49e4-952a-0cbd45f1d57b,DigitalSkill,museum databases,The tools and processes involved in working with museum databases.,knowledge,sector-specific,released,Digital,high,DIG_c1b4aa1e-bc42-49e4-952a-0cbd45f1d57b
http://data.europa.eu/esco/skill/c1f29568-f2bb-49d2-b6c2-28748bd1629b,DigitalSkill,manage online content,"Ensure the website content is up to date, organised, attractive and meets the target audience needs, the requirements of the company and international standards by checking the links, setting the publishing time framework and order.",skill/competence,sector-specific,released,Digital,high,DIG_c1f29568-f2bb-49d2-b6c2-28748bd1629b
http://data.europa.eu/esco/skill/c216b67a-7462-4f6a-ba14-db02f6e91b68,DigitalSkill,compile data for navigation publications,Compile data for navigational publications; gather and process authentic and valid data.,skill/competence,sector-specific,released,Digital,high,DIG_c216b67a-7462-4f6a-ba14-db02f6e91b68
http://data.europa.eu/esco/skill/c2218533-3e2a-4f50-b4fd-afde71dcf442,DigitalSkill,edit recorded sound,"Edit audio footage using a variety of sofware, tools, and techniques such as crossfading, speed effects, and removing unwanted noises.",skill/competence,sector-specific,released,Digital,high,DIG_c2218533-3e2a-4f50-b4fd-afde71dcf442
http://data.europa.eu/esco/skill/c2296e2e-5fef-4f24-a24f-e5b3792268be,DigitalSkill,provide ICT support,"Resolve ICT-related incidents and service requests from customers, clients or colleagues including password resets and updating databases such as Microsoft Exchange email.",skill/competence,cross-sector,released,Digital,high,DIG_c2296e2e-5fef-4f24-a24f-e5b3792268be
http://data.europa.eu/esco/skill/c2999f0c-eb37-4cdf-b9b0-82107b628794,DigitalSkill,style sheet languages,"The field of computer language that conveys the presentation of structured documents such as Cascading Style Sheets (CSS). These documents have to adhere to style sheets, a set of stylistic rules such as font, color and layout.",knowledge,cross-sector,released,Digital,high,DIG_c2999f0c-eb37-4cdf-b9b0-82107b628794
http://data.europa.eu/esco/skill/c2c1b595-20f5-4a13-885a-bcc1b7760e3e,DigitalSkill,design dolls,Create a model of the doll using creativity and computer skills.,skill/competence,occupation-specific,released,Digital,high,DIG_c2c1b595-20f5-4a13-885a-bcc1b7760e3e
http://data.europa.eu/esco/skill/c2cbbccf-4ffd-4626-86e7-505b39c872a0,DigitalSkill,implement spam protection,Install and configure software that supports email-users to filter messages that contain malware or that are unsolicited.,skill/competence,sector-specific,released,Digital,high,DIG_c2cbbccf-4ffd-4626-86e7-505b39c872a0
http://data.europa.eu/esco/skill/c2ce7fe9-203b-492a-961e-9698dce7de19,DigitalSkill,perform safety data analysis,Use different safety databases to perform analyses of information on actual or potential safety threats.,skill/competence,cross-sector,released,Digital,high,DIG_c2ce7fe9-203b-492a-961e-9698dce7de19
http://data.europa.eu/esco/skill/c31a222b-de0b-490c-82b8-472167cb0ba5,DigitalSkill,specialised astrology software,The software that is used to gather and interpret data on the relevant positioning of celestial objects in order to deduct their influence on human life.,knowledge,occupation-specific,released,Digital,high,DIG_c31a222b-de0b-490c-82b8-472167cb0ba5
http://data.europa.eu/esco/skill/c330db31-7fa9-4a8c-8ad6-baa957bcfed1,DigitalSkill,install operating system,"Install the operating system (OS) or software that manages the software resources and computer hardware on a computer system. The operating system is an essential component of any computer system and mediates between the hardware, the application programs, and the end user. Famous examples of computer operating systems include Microsoft Windows, Linux, and Mac OS.",skill/competence,cross-sector,released,Digital,high,DIG_c330db31-7fa9-4a8c-8ad6-baa957bcfed1
http://data.europa.eu/esco/skill/c3a03c5a-c260-4c26-9b9a-873abb396f4d,DigitalSkill,MATLAB,"The techniques and principles of software development, such as analysis, algorithms, coding, testing and compiling of programming paradigms in MATLAB.",knowledge,sector-specific,released,Digital,high,DIG_c3a03c5a-c260-4c26-9b9a-873abb396f4d
http://data.europa.eu/esco/skill/c3e36d05-8ae8-447f-bb2b-6f9409f85389,DigitalSkill,deliver visual presentation of data,Create visual representations of data such as charts or diagrams for easier understanding.,skill/competence,cross-sector,released,Digital,high,DIG_c3e36d05-8ae8-447f-bb2b-6f9409f85389
http://data.europa.eu/esco/skill/c415ce6e-24f5-4130-add4-645b9d455c71,DigitalSkill,rig 3D characters,"Set up a skeleton, bound to the 3D mesh, made out of bones and joints that allow the 3D character to be bent into a desired position using specialized ICT tools.",skill/competence,cross-sector,released,Digital,high,DIG_c415ce6e-24f5-4130-add4-645b9d455c71
http://data.europa.eu/esco/skill/c453cf81-6197-428e-84c6-70c773b63f27,DigitalSkill,ICT architectural frameworks,The set of requirements that describe an information system's architecture.,knowledge,sector-specific,released,Digital,high,DIG_c453cf81-6197-428e-84c6-70c773b63f27
http://data.europa.eu/esco/skill/c46cf6f9-8b1e-44b9-a529-f5774c9167dd,DigitalSkill,desktop publishing,The creation of documents using page layout skills on a computer. Desktop publishing software can generate layouts and produce typographic quality text and images.,knowledge,cross-sector,released,Digital,high,DIG_c46cf6f9-8b1e-44b9-a529-f5774c9167dd
http://data.europa.eu/esco/skill/c46f9312-e414-42f0-9c8b-1c1886af7b8d,DigitalSkill,CAD for footwear,The architecture and functionality of 2D and 3D computer assisted design software systems for footwear.,knowledge,sector-specific,released,Digital,high,DIG_c46f9312-e414-42f0-9c8b-1c1886af7b8d
http://data.europa.eu/esco/skill/c4949dcf-bbcc-40f2-8584-6c6299beb7fb,DigitalSkill,tend computer numerical control lathe machine,"Tend a computer numerical controlled (CNC) lathe and turn machine designed for cutting manufacturing processes on metal, wooden, plastic materials and others, monitor and operate it, according to regulations.",skill/competence,cross-sector,released,Digital,high,DIG_c4949dcf-bbcc-40f2-8584-6c6299beb7fb
http://data.europa.eu/esco/skill/c4b1f326-224a-420a-b8b3-814a8f13b6cb,DigitalSkill,implement front-end website design,Develop website layout and enhance user experience based on provided design concepts.,skill/competence,sector-specific,released,Digital,high,DIG_c4b1f326-224a-420a-b8b3-814a8f13b6cb
http://data.europa.eu/esco/skill/c4b626c1-e71c-44ec-9f88-042766f37fcc,DigitalSkill,application usability,"The process through which the learnability, efficiency, usefulness and ease of use of a software application can be defined and measured.",knowledge,sector-specific,released,Digital,high,DIG_c4b626c1-e71c-44ec-9f88-042766f37fcc
http://data.europa.eu/esco/skill/c4ba12d1-4698-42fa-8abb-789462ea2586,DigitalSkill,protect the environment from the impact of the digital technologies,Be aware of the environmental impact of digital technologies and their use.,skill/competence,occupation-specific,released,Digital,high,DIG_c4ba12d1-4698-42fa-8abb-789462ea2586
http://data.europa.eu/esco/skill/c4ba511c-dc24-44bc-8bc5-10b2d4a191fb,DigitalSkill,blockchain design patterns,"Re-usable blockchain solution approaches including non-blocking user interface design, asynchronous API design, secure synchronization , time stamping, enterprise business integration, simple assets, and assets with rules. ",knowledge,sector-specific,released,Digital,high,DIG_c4ba511c-dc24-44bc-8bc5-10b2d4a191fb
http://data.europa.eu/esco/skill/c5422318-3218-4ce9-9bdd-f38b93ff63a3,DigitalSkill,design electromechanical systems,"Draft sketches and design electromechanical systems, products, and components using Computer Aided Design (CAD) software and equipment.",skill/competence,cross-sector,released,Digital,high,DIG_c5422318-3218-4ce9-9bdd-f38b93ff63a3
http://data.europa.eu/esco/skill/c5e8abde-d2ba-4e8e-a65e-720b71180666,DigitalSkill,unstructured data,The information that is not arranged in a pre-defined manner or does not have a pre-defined data model and is difficult to understand and find patterns in without using techniques such as data mining.,knowledge,sector-specific,released,Digital,high,DIG_c5e8abde-d2ba-4e8e-a65e-720b71180666
http://data.europa.eu/esco/skill/c5ed451b-ef39-47a3-aee7-8f5be0aa8431,DigitalSkill,CA Datacom/DB,"The computer program CA Datacom/DB is a tool for creating, updating and managing databases, currently developed by the software company CA Technologies.",knowledge,sector-specific,released,Digital,high,DIG_c5ed451b-ef39-47a3-aee7-8f5be0aa8431
http://data.europa.eu/esco/skill/c6c23b4b-c9c9-42c8-86d2-3646631bdbd4,DigitalSkill,cut raw footage digitally,Digitally cut video footage to put together the sequence of the film and decide what is usable.,skill/competence,sector-specific,released,Digital,high,DIG_c6c23b4b-c9c9-42c8-86d2-3646631bdbd4
http://data.europa.eu/esco/skill/c6c37f68-190e-4482-905c-93007a64ed61,DigitalSkill,operate radar equipment,Operate radar screens and other radar equipment. Ensure that aircraft fly at a safe distance from one another.,skill/competence,cross-sector,released,Digital,high,DIG_c6c37f68-190e-4482-905c-93007a64ed61
http://data.europa.eu/esco/skill/c7282ec3-9153-4b4b-b7de-777e3207b04e,DigitalSkill,computerised feeding systems,The functioning of computered controlled systems that provide animal feeding.,knowledge,sector-specific,released,Digital,high,DIG_c7282ec3-9153-4b4b-b7de-777e3207b04e
http://data.europa.eu/esco/skill/c741be10-1d34-42ed-94fc-3e78791e4bd5,DigitalSkill,advise on online dating,"Help clients to create an online profile on social media or dating sites, that represents a positive yet truthful image of them. Advise them on how to send messages and make connections.",skill/competence,occupation-specific,released,Digital,high,DIG_c741be10-1d34-42ed-94fc-3e78791e4bd5
http://data.europa.eu/esco/skill/c7451027-8249-405a-bb1b-342ff0f3fb3b,DigitalSkill,Salt (tools for software configuration management),"The tool Salt is a software program to perform configuration identification, control, status accounting and audit.",knowledge,sector-specific,released,Digital,high,DIG_c7451027-8249-405a-bb1b-342ff0f3fb3b
http://data.europa.eu/esco/skill/c779cf40-506b-44b6-a366-b3bff0a5e11a,DigitalSkill,use intranet,Use a private network within an organisation to store information and improve communication and collaboration between employees.,skill/competence,occupation-specific,released,Digital,high,DIG_c779cf40-506b-44b6-a366-b3bff0a5e11a
http://data.europa.eu/esco/skill/c77db25e-bb51-4a10-b2ad-99b48b1b4a37,DigitalSkill,maintain computer hardware,"Diagnose and detect malfunctions in computer hardware components and systems and remove, replace, or repair these components when necessary. Execute preventative equipment maintenance tasks, such as storing hardware components in clean, dust free, and non-humid spaces.",skill/competence,cross-sector,released,Digital,high,DIG_c77db25e-bb51-4a10-b2ad-99b48b1b4a37
http://data.europa.eu/esco/skill/c7d24594-0c11-4b27-9039-fe0bb903da8e,DigitalSkill,LINQ,The computer language LINQ is a query language for retrieval of information from a database and of documents containing the needed information. It is developed by the software company Microsoft.,knowledge,sector-specific,released,Digital,high,DIG_c7d24594-0c11-4b27-9039-fe0bb903da8e
http://data.europa.eu/esco/skill/c8ca84c8-7eb7-493f-9178-729f46b7591a,DigitalSkill,set up tote board,Install and the tote board used to display information relevant to tote betting at an event.,skill/competence,occupation-specific,released,Digital,high,DIG_c8ca84c8-7eb7-493f-9178-729f46b7591a
http://data.europa.eu/esco/skill/c8d53d69-d900-4092-af80-c5d0422bcdb3,DigitalSkill,Source (digital game creation systems),"The game engine Source which is a software framework that consists of integrated development environments and specialised design tools, designed for the rapid iteration of user-derived computer games.",knowledge,sector-specific,released,Digital,high,DIG_c8d53d69-d900-4092-af80-c5d0422bcdb3
http://data.europa.eu/esco/skill/c8de8023-ab8a-402b-a828-b2b57cd3b2f7,DigitalSkill,install software,"Install machine-readable instructions, such as computer programs, in order to direct the computer's processor to perform a certain set of actions.",skill/competence,cross-sector,released,Digital,high,DIG_c8de8023-ab8a-402b-a828-b2b57cd3b2f7
http://data.europa.eu/esco/skill/c8fa4313-80b0-4f37-8b1b-1739707bc362,DigitalSkill,teach digital literacy,"Instruct students in the theory and practice of (basic) digital and computer competency, such as typing efficiently, working with basic online technologies, and checking email. This also includes coaching students in the proper use of computer hardware equipment and software programmes.",skill/competence,cross-sector,released,Digital,high,DIG_c8fa4313-80b0-4f37-8b1b-1739707bc362
http://data.europa.eu/esco/skill/c900bdb8-0ed1-4d39-80f8-6e0a05a575f4,DigitalSkill,work with e-services available to citizens,"Use, manage and work with public and private online services, such as e-commerce, e-governance, e-banking, e-health services.",skill/competence,occupation-specific,released,Digital,high,DIG_c900bdb8-0ed1-4d39-80f8-6e0a05a575f4
http://data.europa.eu/esco/skill/c95c29fe-3971-46b7-80e9-1f7e75ba99b3,DigitalSkill,use specific data analysis software,"Use specific software for data analysis, including statistics, spreadsheets, and databases. Explore possibilities in order to make reports to managers, superiors, or clients.",skill/competence,occupation-specific,released,Digital,high,DIG_c95c29fe-3971-46b7-80e9-1f7e75ba99b3
http://data.europa.eu/esco/skill/c9b6aa32-6c42-4903-8e5a-23e43edf03fc,DigitalSkill,online moderation techniques,The strategies and methods used to interact online and moderate online users and groups.,knowledge,sector-specific,released,Digital,high,DIG_c9b6aa32-6c42-4903-8e5a-23e43edf03fc
http://data.europa.eu/esco/skill/c9e96450-421d-48af-9ee6-d9c50e29afc2,DigitalSkill,ICT recovery techniques,"The techniques for recovering hardware or software components and data, after failure, corruption or damage.",knowledge,sector-specific,released,Digital,high,DIG_c9e96450-421d-48af-9ee6-d9c50e29afc2
http://data.europa.eu/esco/skill/ca71c597-51c2-4ead-a7b0-b108bce89caf,DigitalSkill,cognitive computing,The interdisciplinary field between cognitive science and computer science that involves simulating human thinking processes through a computerised approach. It makes use of algorithms for data mining and natural language processing to imitate the functioning of the human brain.,knowledge,sector-specific,released,Digital,high,DIG_ca71c597-51c2-4ead-a7b0-b108bce89caf
http://data.europa.eu/esco/skill/ca73ac82-867a-4afa-9732-834aebe896ff,DigitalSkill,ICT system user requirements,"The process intended to match user and organisation's needs with system components and services, by taking into consideration the available technologies and the techniques required to elicit and specify requirements, interrogating users to establish symptoms of problem and analysing symptoms.",knowledge,sector-specific,released,Digital,high,DIG_ca73ac82-867a-4afa-9732-834aebe896ff
http://data.europa.eu/esco/skill/ca8fae74-46ff-4e1b-94ef-ce22393e02e7,DigitalSkill,transcribe texts,"Use input devices such as mouse, keyboard and scanner, to transcribe texts into a computer.",skill/competence,occupation-specific,released,Digital,high,DIG_ca8fae74-46ff-4e1b-94ef-ce22393e02e7
http://data.europa.eu/esco/skill/cae4c053-05d1-413d-8499-f37793aad56e,DigitalSkill,audio editing software,"The various software for editing and generating audio, such as Adobe Audition, Soundforge, and Power Sound Editor.",knowledge,cross-sector,released,Digital,high,DIG_cae4c053-05d1-413d-8499-f37793aad56e
http://data.europa.eu/esco/skill/cb5cccc9-abe4-4b11-abe6-d27e5cd85fb1,DigitalSkill,manage standards for data exchange,Set and maintain standards for transforming data from source schemas into the necessary data structure of a result schema.,skill/competence,sector-specific,released,Digital,high,DIG_cb5cccc9-abe4-4b11-abe6-d27e5cd85fb1
http://data.europa.eu/esco/skill/cb886ee9-c4e4-4d3b-9961-228e9f283a69,DigitalSkill,use ultrasonic equipment,Use ultrasonic techniques and equipment to discover defects in solid materials.,skill/competence,occupation-specific,released,Digital,high,DIG_cb886ee9-c4e4-4d3b-9961-228e9f283a69
http://data.europa.eu/esco/skill/cbe2c304-1e7d-489a-97d9-a7d3e37a9db6,DigitalSkill,apply ICT systems theory,Implement principles of ICT systems theory in order to explain and document system characteristics that can be applied universally to other systems,skill/competence,sector-specific,released,Digital,high,DIG_cbe2c304-1e7d-489a-97d9-a7d3e37a9db6
http://data.europa.eu/esco/skill/cbeb1221-10ed-4676-a2a1-576718977001,DigitalSkill,operate audio-signal processors,Operate audio-signal processors to alter auditory signals.,skill/competence,cross-sector,released,Digital,high,DIG_cbeb1221-10ed-4676-a2a1-576718977001
http://data.europa.eu/esco/skill/cc608319-716f-4940-b80d-79e76d8a2cad,DigitalSkill,projection equipment,"The different types of projection equipment, their properties, and usages.",knowledge,occupation-specific,released,Digital,high,DIG_cc608319-716f-4940-b80d-79e76d8a2cad
http://data.europa.eu/esco/skill/cc716f65-a0d0-4fba-95d9-64c358f697c0,DigitalSkill,monitor ICT research,Survey and investigate recent trends and developments in ICT research. Observe and anticipate mastery evolution.,skill/competence,sector-specific,released,Digital,high,DIG_cc716f65-a0d0-4fba-95d9-64c358f697c0
http://data.europa.eu/esco/skill/cc7370dd-69fa-4c67-a96f-d4d135d38700,DigitalSkill,data quality assessment,"The process of revealing data issues using ​quality indicators, measures and metrics in order to plan data cleansing and data enrichment strategies according to data quality criteria.",knowledge,sector-specific,released,Digital,high,DIG_cc7370dd-69fa-4c67-a96f-d4d135d38700
http://data.europa.eu/esco/skill/ccd0a1d9-afda-43d9-b901-96344886e14d,DigitalSkill,Python (computer programming),"The techniques and principles of software development, such as analysis, algorithms, coding, testing and compiling of programming paradigms in Python.",knowledge,sector-specific,released,Digital,high,DIG_ccd0a1d9-afda-43d9-b901-96344886e14d
http://data.europa.eu/esco/skill/ccdbd9bb-4faf-403c-a968-e8bf487f8a53,DigitalSkill,business ICT systems,"The software packages, hardware devices and new technologies used in supporting business processes such as enterprise resource planning (ERP), customer relationship management (CRM), mobile devices and network solutions.",knowledge,sector-specific,released,Digital,high,DIG_ccdbd9bb-4faf-403c-a968-e8bf487f8a53
http://data.europa.eu/esco/skill/cd56a093-3400-4635-80bd-b9611dcf1542,DigitalSkill,Gamemaker Studio,"The cross-platform game engine which is written in Delphi programming language and consists of integrated development environments and specialised design tools, designed for the rapid iteration of user-derived computer games.",knowledge,sector-specific,released,Digital,high,DIG_cd56a093-3400-4635-80bd-b9611dcf1542
http://data.europa.eu/esco/skill/cd733651-f332-422e-a9a1-1b19b5e98449,DigitalSkill,use pest detection sensors,"Use wireless sensor networking technologies such as low-power image sensors, acoustic sensors or sensors for Leaf Area Index measuring to monitor and detect insect pests occurrence in crop productions.",skill/competence,sector-specific,released,Digital,high,DIG_cd733651-f332-422e-a9a1-1b19b5e98449
http://data.europa.eu/esco/skill/cdaf66a1-eaf3-4fef-af6e-2e9bbe2c326c,DigitalSkill,distributed ledger technologies vulnerabilities,"The knowledge of the essential distributed ledger vulnerabilities including exchange hack, 51% attack, exitscam, extortion, DeFi, phishing, and drawing conclusions.",knowledge,sector-specific,released,Digital,high,DIG_cdaf66a1-eaf3-4fef-af6e-2e9bbe2c326c
http://data.europa.eu/esco/skill/cdd8b6b2-2fd9-453c-8d62-8a1dc6efcd49,DigitalSkill,systems theory,"The principles that can be applied to all types of systems at all hierarchical levels, which describe the system's internal organisation, its mechanisms of maintaining identity and stability and achieving adaptation and self-regulation and its dependencies and interaction with the environment.",knowledge,sector-specific,released,Digital,high,DIG_cdd8b6b2-2fd9-453c-8d62-8a1dc6efcd49
http://data.europa.eu/esco/skill/cdfb75ab-adc3-4143-a453-b91949dcfa1f,DigitalSkill,draw sketches to develop textile articles using softwares,"Draw sketches to develop textiles or wearing apparel using softwares. They create visualisations of the motives, patterns or products in order to be manufactured.",skill/competence,sector-specific,released,Digital,high,DIG_cdfb75ab-adc3-4143-a453-b91949dcfa1f
http://data.europa.eu/esco/skill/ce26e71f-2d47-474e-89b6-7920931ac4fc,DigitalSkill,iOS,"The system software iOS consists of features, restrictions, architectures and other characteristics of operating systems designed to run on mobile devices.",knowledge,sector-specific,released,Digital,high,DIG_ce26e71f-2d47-474e-89b6-7920931ac4fc
http://data.europa.eu/esco/skill/ce2dcc4b-d0a4-4aa4-b84a-a08da3c31d7d,DigitalSkill,explain distributed ledger technologies principles,"Explain the principles of the system architecture underlying distributed ledger technologies (DLT), in particular blockchain. Understand the DLT system architecture in terms of functional components in the core and service layers, the application service platform, DLT services, and external services. Understand the interaction of these components to provide DLT-based functions such as consensus mechanism functions, ledger management functions, smart contract mechanism functions, and distributed application management functions.",skill/competence,cross-sector,released,Digital,high,DIG_ce2dcc4b-d0a4-4aa4-b84a-a08da3c31d7d
http://data.europa.eu/esco/skill/ce354460-500e-4eaa-8e95-8f243fcea3db,DigitalSkill,manage system testing,"Select, perform and track testings on software or hardware to detect system defects both within the integrated system units, the inter-assemblages and the system as a whole. Organise testings such as installation testing, security testing and graphical user interface testing.",skill/competence,sector-specific,released,Digital,high,DIG_ce354460-500e-4eaa-8e95-8f243fcea3db
http://data.europa.eu/esco/skill/ce6242a1-a2d9-43e6-a481-ae89b9ec0460,DigitalSkill,model microelectronics,"Model and simulate microelectronic systems, products, and components using technical design software. Assess the viability of the product and examine the physical parameters to ensure a successful production process.",skill/competence,sector-specific,released,Digital,high,DIG_ce6242a1-a2d9-43e6-a481-ae89b9ec0460
http://data.europa.eu/esco/skill/ce8ae6ca-61d8-4174-b457-641de96cbff4,DigitalSkill,automate cloud tasks,Automate manual or repeatable processes to minimize management overhead. Evaluate cloud automation alternatives for network deployments and tool-based alternatives for network operations and management. ,skill/competence,sector-specific,released,Digital,high,DIG_ce8ae6ca-61d8-4174-b457-641de96cbff4
http://data.europa.eu/esco/skill/cf200547-25b5-47c8-9eda-bca4aedc13fb,DigitalSkill,program firmware,"Program permanent software with a read-only memory (ROM) on a hardware device, such as an integrated circuit.",skill/competence,cross-sector,released,Digital,high,DIG_cf200547-25b5-47c8-9eda-bca4aedc13fb
http://data.europa.eu/esco/skill/cf310cff-0d28-4dbc-9dbb-cc500a3196c2,DigitalSkill,office software,"The characteristics and functioning of software programs for office tasks such as word processing, spreadsheets, presentation, email and database.",knowledge,cross-sector,released,Digital,high,DIG_cf310cff-0d28-4dbc-9dbb-cc500a3196c2
http://data.europa.eu/esco/skill/cf3e976d-2c3e-495c-a874-f9e8a66d3b48,DigitalSkill,perform backups,Implement backup procedures to backup data and systems to ensure permanent and reliable system operation. Execute data backups in order to secure information by copying and archiving to ensure integrity during system integration and after data loss occurrence.,skill/competence,sector-specific,released,Digital,high,DIG_cf3e976d-2c3e-495c-a874-f9e8a66d3b48
http://data.europa.eu/esco/skill/cf532795-a1fd-43bd-8407-6e43f877e6e3,DigitalSkill,mobile device management,"The methods for managing the use of mobile devices within an organisation, while ensuring security.",knowledge,sector-specific,released,Digital,high,DIG_cf532795-a1fd-43bd-8407-6e43f877e6e3
http://data.europa.eu/esco/skill/cfa2be0d-96d5-4017-a866-962efb9c5070,DigitalSkill,signal processing,"The algorithms, applications and implementations that deal with the processing and transferring of information through analog or digital frequencies.",knowledge,sector-specific,released,Digital,high,DIG_cfa2be0d-96d5-4017-a866-962efb9c5070
http://data.europa.eu/esco/skill/cfb8d64c-f8d7-4894-a02e-2551ab33f1d0,DigitalSkill,Canvas (learning management systems),"The Canvas network is an e-learning platform for creating, administrating, arranging, reporting and delivering e-learning education courses or training programs.",knowledge,sector-specific,released,Digital,high,DIG_cfb8d64c-f8d7-4894-a02e-2551ab33f1d0
http://data.europa.eu/esco/skill/d04ee340-5378-4601-8181-19da6d5cbfe0,DigitalSkill,manage website,"Provide different services related to website management such as monitoring online traffic, managing content, providing website support and making estimations and improvements to one's website.",skill/competence,cross-sector,released,Digital,high,DIG_d04ee340-5378-4601-8181-19da6d5cbfe0
http://data.europa.eu/esco/skill/d0a7144b-ba91-4489-acb8-a055c6b7e968,DigitalSkill,scan negatives,"Scan processed negatives so they can be digitally stored, edited, and printed.",skill/competence,sector-specific,released,Digital,high,DIG_d0a7144b-ba91-4489-acb8-a055c6b7e968
http://data.europa.eu/esco/skill/d0c6d77e-cb25-4770-bf77-2073fc5f7523,DigitalSkill,ICT infrastructure,"The system, network, hardware and software applications and components, as well as devices and processes that are used in order to develop, test, deliver, monitor, control or support ICT services.",knowledge,sector-specific,released,Digital,high,DIG_d0c6d77e-cb25-4770-bf77-2073fc5f7523
http://data.europa.eu/esco/skill/d0e438df-18fb-4d70-b661-09a4e879e0db,DigitalSkill,operate life-saving appliances,"Operate survival craft and their launching appliances and arrangements. Operate life-saving instruments like radio life-saving appliances, satellite EPIRBs, SARTs, immersion suits and thermal protective aids.",skill/competence,sector-specific,released,Digital,high,DIG_d0e438df-18fb-4d70-b661-09a4e879e0db
http://data.europa.eu/esco/skill/d12e9d68-84c5-444e-aa98-d36533bf03f6,DigitalSkill,apply operations for an ITIL-based environment,Properly operate ITIL (Information Technology Infrastructure Library) based service desk procedures.,skill/competence,occupation-specific,released,Digital,high,DIG_d12e9d68-84c5-444e-aa98-d36533bf03f6
http://data.europa.eu/esco/skill/d1455e46-2d0d-4661-86ab-3cb7a0c46d02,DigitalSkill,log emergency call information electronically,Register the information received from emergency callers into a computer for further processing or record keeping purposes.,skill/competence,occupation-specific,released,Digital,high,DIG_d1455e46-2d0d-4661-86ab-3cb7a0c46d02
http://data.europa.eu/esco/skill/d15ce60f-ddab-41ce-ba56-398451b77b60,DigitalSkill,have computer literacy,"Utilise computers, IT equipment and modern day technology in an efficient way.",skill/competence,cross-sector,released,Digital,high,DIG_d15ce60f-ddab-41ce-ba56-398451b77b60
http://data.europa.eu/esco/skill/d181042e-c531-4461-af7c-4071c53418fe,DigitalSkill,type on electronic devices,Type fast and flawless on electronic devices such as computers in order to ensure a quick and accurate data entry.,skill/competence,cross-sector,released,Digital,high,DIG_d181042e-c531-4461-af7c-4071c53418fe
http://data.europa.eu/esco/skill/d1a86399-24d8-415f-98b9-e8cbb6b04a26,DigitalSkill,Unity (digital game creation systems),"The game engine Unity which is a software framework that consists of integrated development environments and specialised design tools, designed for the rapid iteration of user-derived computer games.",knowledge,sector-specific,released,Digital,high,DIG_d1a86399-24d8-415f-98b9-e8cbb6b04a26
http://data.europa.eu/esco/skill/d1e954cd-d290-4d80-97c0-7969960d2928,DigitalSkill,distributed directory information services,"The directory services that automate the network management of security, user data and distributed resources and enable access to information in a computer system's directory.",knowledge,sector-specific,released,Digital,high,DIG_d1e954cd-d290-4d80-97c0-7969960d2928
http://data.europa.eu/esco/skill/d1ed5b3a-cab5-4c5d-baf8-0214998b58fb,DigitalSkill,protect health and well-being while using digital technologies,Be able to avoid health-risks and threats to physical and psychological well-being while using digital technologies. Be able to protect oneself and others from possible dangers in digital environments (e.g. cyber bullying). Be aware of digital technologies for social well-being and social inclusion.,skill/competence,cross-sector,released,Digital,high,DIG_d1ed5b3a-cab5-4c5d-baf8-0214998b58fb
http://data.europa.eu/esco/skill/d1fa702c-9ea8-4a60-bb76-5ca07c32b68c,DigitalSkill,supervise video quality,Oversee the quality and progress of audio and video engineering and editing.,skill/competence,occupation-specific,released,Digital,high,DIG_d1fa702c-9ea8-4a60-bb76-5ca07c32b68c
http://data.europa.eu/esco/skill/d2309723-3472-46d2-865a-db81db2269b6,DigitalSkill,recognise blockchain risks,"Recognise risks associated with blockchain and cryptocurrency. Apart from standard risks associated with the business processes they are driving, blockchains bear value-transfer risks linked to the peer-to-peer type of value transfer. Risk are also linked to smart contracts as digital representations of more or less complex business relationships.",skill/competence,sector-specific,released,Digital,high,DIG_d2309723-3472-46d2-865a-db81db2269b6
http://data.europa.eu/esco/skill/d2adb565-a865-424d-aeb5-9fbcbf2afe2a,DigitalSkill,Joomla,"The open-source web-based software system written in PHP, used for creating, editing, publishing and archiving blogs, articles, corporate or small business websites, social networking websites or press releases.",knowledge,sector-specific,released,Digital,high,DIG_d2adb565-a865-424d-aeb5-9fbcbf2afe2a
http://data.europa.eu/esco/skill/d31fab87-2a7d-485c-b699-2901ca294b15,DigitalSkill,use functional programming,"Utilise specialised ICT tools to create computer code which treats computation as the evaluation of mathematical functions and seeks to avoid state and mutable data. Use programming languages which support this method such as LISP, PROLOG and Haskell.",skill/competence,sector-specific,released,Digital,high,DIG_d31fab87-2a7d-485c-b699-2901ca294b15
http://data.europa.eu/esco/skill/d3286405-49f8-4e8a-8046-a4376b4e7963,DigitalSkill,manage cloud data and storage,"Create and manage cloud data retention. Identify and implement data protection, encryption, and capacity planning needs.",skill/competence,sector-specific,released,Digital,high,DIG_d3286405-49f8-4e8a-8046-a4376b4e7963
http://data.europa.eu/esco/skill/d32db06e-bd06-4415-a7ab-1b0ee68caa9a,DigitalSkill,ICT encryption,"The conversion of electronic data into a format which is readable only by authorized parties which use key encryption techniques, such as Public Key Infrastructure (PKI) and Secure Socket Layer (SSL).",knowledge,sector-specific,released,Digital,high,DIG_d32db06e-bd06-4415-a7ab-1b0ee68caa9a
http://data.europa.eu/esco/skill/d38055cc-7c76-4e5e-90e7-5bb5d5851a92,DigitalSkill,coordinate the allocation of Mode S radars to Interrogator Codes,Ensure correct and safe operation of Mode S Secondary Surveillance Radars. Ensure they are configured with an Interrogator Code (IC) allocated specifically to each radar.,skill/competence,sector-specific,released,Digital,high,DIG_d38055cc-7c76-4e5e-90e7-5bb5d5851a92
http://data.europa.eu/esco/skill/d3e36164-79aa-4f14-9a8c-d88d38f84ea0,DigitalSkill,interpret automatic call distribution data,"Interpret information of call distribution system, a device that transmits incoming calls to specific groups of terminals.",skill/competence,cross-sector,released,Digital,high,DIG_d3e36164-79aa-4f14-9a8c-d88d38f84ea0
http://data.europa.eu/esco/skill/d3e9b00a-0891-4fa8-836d-8240ec3d2758,DigitalSkill,GDPR,The General Data Protection Regulation is the EU regulation on the protection of natural persons with regard to the processing of personal data and on the free movement of such data.,knowledge,sector-specific,released,Digital,high,DIG_d3e9b00a-0891-4fa8-836d-8240ec3d2758
http://data.europa.eu/esco/skill/d4789070-2ff7-4bbb-94ca-8bb1739826a9,DigitalSkill,authoring software,"The software that provides pre-programmed elements which allow the development of interactive multimedia applications in order to edit, structure and lay out content intended for publication.",knowledge,cross-sector,released,Digital,high,DIG_d4789070-2ff7-4bbb-94ca-8bb1739826a9
http://data.europa.eu/esco/skill/d4ae4774-a81d-4255-8491-cade3580685a,DigitalSkill,Adobe Photoshop Lightroom,The computer program Adobe Photoshop Lightroom is a graphical ICT tool which enables digital editing and composition of graphics to generate both 2D raster or 2D vector graphics. It is developed by the software company Adobe.,knowledge,sector-specific,released,Digital,high,DIG_d4ae4774-a81d-4255-8491-cade3580685a
http://data.europa.eu/esco/skill/d503a629-9ac7-475f-8fd9-4cdcc14711cd,DigitalSkill,use ICT equipment in maintenance activities,"Maintain or fix equipment by using information technology equipment such as monitors, computer mice, keyboards, storage devices, printers or scanners.",skill/competence,occupation-specific,released,Digital,high,DIG_d503a629-9ac7-475f-8fd9-4cdcc14711cd
http://data.europa.eu/esco/skill/d52426a8-e84f-4652-a655-7a6195381fcd,DigitalSkill,identify GIS issues,Highlight GIS-issues that require special attention. Report on these issues and their development on a regular basis.,skill/competence,cross-sector,released,Digital,high,DIG_d52426a8-e84f-4652-a655-7a6195381fcd
http://data.europa.eu/esco/skill/d5464c09-f8b7-44b1-b216-db2bdc80dc17,DigitalSkill,operate dealership management system,"Operate and maintain the management information system that caters to the needs of the finance, sales, parts, inventory and administrative aspects of running the business.",skill/competence,sector-specific,released,Digital,high,DIG_d5464c09-f8b7-44b1-b216-db2bdc80dc17
http://data.europa.eu/esco/skill/d560df46-dda4-4407-bab2-b87353a96814,DigitalSkill,design control systems,"Develop devices that command and manage the behaviour of other devices and systems, using engineering and electronics principles.",skill/competence,cross-sector,released,Digital,high,DIG_d560df46-dda4-4407-bab2-b87353a96814
http://data.europa.eu/esco/skill/d56358e4-3bcc-4b5d-981d-ea15b2743e9e,DigitalSkill,quality control systems,"Understanding of and experience with product development quality systems or tools such as FMEA, DOE, PPAP and APQP.",knowledge,sector-specific,released,Digital,high,DIG_d56358e4-3bcc-4b5d-981d-ea15b2743e9e
http://data.europa.eu/esco/skill/d56fc2b5-4b0a-4e7e-9bde-a33736f6ff18,DigitalSkill,Scratch (computer programming),"The techniques and principles of software development, such as analysis, algorithms, coding, testing and compiling of programming paradigms in Scratch.",knowledge,sector-specific,released,Digital,high,DIG_d56fc2b5-4b0a-4e7e-9bde-a33736f6ff18
http://data.europa.eu/esco/skill/d5a59ca8-2e91-472e-8571-d12ce4478679,DigitalSkill,Process-based management,"The process-based management approach is a methodology for planning, managing and overseeing of ICT resources in order to meet specific goals and using project management ICT tools.",knowledge,sector-specific,released,Digital,high,DIG_d5a59ca8-2e91-472e-8571-d12ce4478679
http://data.europa.eu/esco/skill/d5bcc417-a004-4165-b7f1-ab739eadd2f4,DigitalSkill,smart city features,The use of big data technologies in the context of smart cities in order to develop novel software ecosystems upon which advanced mobility functionalities can be created. ,knowledge,sector-specific,released,Digital,high,DIG_d5bcc417-a004-4165-b7f1-ab739eadd2f4
http://data.europa.eu/esco/skill/d663e407-33c6-4397-b40e-dced5ebe20b5,DigitalSkill,computational chemistry,The branch of chemistry that aims at addressing complex chemical problems through computer simulations.,knowledge,sector-specific,released,Digital,high,DIG_d663e407-33c6-4397-b40e-dced5ebe20b5
http://data.europa.eu/esco/skill/d686f015-5568-4288-9135-74936cd7b655,DigitalSkill,blockchain-based business models,"The study of diverse blockchain business models such as Blockchain-Based Software Products, Blockchain Development Platforms, Token Economy-Utility Token Business Model, P2P Blockchain Business Model, as well as Blockchain as a Service Business Model (BaaS).",knowledge,sector-specific,released,Digital,high,DIG_d686f015-5568-4288-9135-74936cd7b655
http://data.europa.eu/esco/skill/d68e8a54-7456-4f13-98d3-7aa0787fc6e2,DigitalSkill,operate collating machine,Set up and monitor the machine that automatically sorts the different pages of documents.,skill/competence,sector-specific,released,Digital,high,DIG_d68e8a54-7456-4f13-98d3-7aa0787fc6e2
http://data.europa.eu/esco/skill/d6b31d8d-2f47-425a-a2b2-a6dddb3d2b19,DigitalSkill,types of digital badges,"The types and characteristics of digital badges such as open badges, that store information about accomplishments and skills of learners, making it easier for this information to be verified and recognised by multiple stakeholders.",knowledge,cross-sector,released,Digital,high,DIG_d6b31d8d-2f47-425a-a2b2-a6dddb3d2b19
http://data.europa.eu/esco/skill/d6c29154-9cc1-48a4-a2de-3d1d0d7f0831,DigitalSkill,publishing strategy,"The methods, rules, media and tools of publishing content from content management systems in single sources or cross media.",knowledge,sector-specific,released,Digital,high,DIG_d6c29154-9cc1-48a4-a2de-3d1d0d7f0831
http://data.europa.eu/esco/skill/d6cdef49-b669-4507-91d1-3f959cf98e47,DigitalSkill,maintain database performance,Calculate values for database parameters. Implement new releases and execute regular maintenance tasks such as establishing backup strategies and eliminating index fragmentation. ,skill/competence,sector-specific,released,Digital,high,DIG_d6cdef49-b669-4507-91d1-3f959cf98e47
http://data.europa.eu/esco/skill/d6e3395b-5ab6-4fba-969a-3df634e904c5,DigitalSkill,ICT network cable limitations,"The limitations, such as distance limitations and resistance of types of cables, such as fibre cable, coax cable and ethernet cable which are used for realising networks.",knowledge,sector-specific,released,Digital,high,DIG_d6e3395b-5ab6-4fba-969a-3df634e904c5
http://data.europa.eu/esco/skill/d70701ca-d3be-44cb-963e-8e7142555144,DigitalSkill,transfer medical information,Extract information from a patient's notes and enter them in a computer programme.,skill/competence,sector-specific,released,Digital,high,DIG_d70701ca-d3be-44cb-963e-8e7142555144
http://data.europa.eu/esco/skill/d70cab7b-ad8c-4be8-84f0-c5f3f9501818,DigitalSkill,maintain media integration equipment ,Check and repair media integration equipment and maintain its software.,skill/competence,occupation-specific,released,Digital,high,DIG_d70cab7b-ad8c-4be8-84f0-c5f3f9501818
http://data.europa.eu/esco/skill/d78dedfc-21d2-45fd-ba05-e56b7a8865e6,DigitalSkill,network standards,"Regulated standards that provide the technical guidelines, specifications, and requirements to ensure safe and efficient interoperability between devices, software, equipment, and organisations. Networking standards govern the software and hardware which uses them. ",knowledge,sector-specific,released,Digital,high,DIG_d78dedfc-21d2-45fd-ba05-e56b7a8865e6
http://data.europa.eu/esco/skill/d7e4a9fa-cfc2-45f9-96eb-13dc6e48c86c,DigitalSkill,video conferencing tool,The software that are used to enable virtual meetings between people through internet with real-time multidirectional video and audio streaming.,knowledge,sector-specific,released,Digital,high,DIG_d7e4a9fa-cfc2-45f9-96eb-13dc6e48c86c
http://data.europa.eu/esco/skill/d81b58ba-52e4-45fa-9f7c-f59b87fa6041,DigitalSkill,domotic systems,"Residential intelligent building installations for lighting, heating, security, etc that can be controlled remotely. Domotic systems aim at improving the quality of life inside houses and buildings, including enhancing the independence of people with disabilities and contributing to energy saving.",knowledge,sector-specific,released,Digital,high,DIG_d81b58ba-52e4-45fa-9f7c-f59b87fa6041
http://data.europa.eu/esco/skill/d822b4b2-26c7-4bd9-970d-229c6504f615,DigitalSkill,create digital content,"Create and edit simple items of digital content, where needed with guidance.",skill/competence,transversal,released,Digital,high,DIG_d822b4b2-26c7-4bd9-970d-229c6504f615
http://data.europa.eu/esco/skill/d83e8dbd-257b-4aa9-abb5-e65924eb1797,DigitalSkill,ethics of sharing work through social media,The ethics around the appropriate use of social networks and media channels through which to share your work.,knowledge,sector-specific,released,Digital,high,DIG_d83e8dbd-257b-4aa9-abb5-e65924eb1797
http://data.europa.eu/esco/skill/d86595cb-0c68-4d98-aea8-32269da7eef5,DigitalSkill,operate scanner,Set up and operate scanner equipment and its hard- and software.,skill/competence,sector-specific,released,Digital,high,DIG_d86595cb-0c68-4d98-aea8-32269da7eef5
http://data.europa.eu/esco/skill/d8726a5a-0614-4dc6-ad03-cf5e3b3caaa5,DigitalSkill,apply ICT terminology,Use specific ICT terms and vocabulary in a systematic and consistent manner for documentation and communication purposes.,skill/competence,sector-specific,released,Digital,high,DIG_d8726a5a-0614-4dc6-ad03-cf5e3b3caaa5
http://data.europa.eu/esco/skill/d87fe0be-9055-4a76-a444-e98b5bfad9d8,DigitalSkill,Taleo,"The computer program Taleo is a e-learning platform for creating, administrating, arranging, reporting and delivering e-learning education courses or training programs.",knowledge,sector-specific,released,Digital,high,DIG_d87fe0be-9055-4a76-a444-e98b5bfad9d8
http://data.europa.eu/esco/skill/d8829a1d-dbde-435b-b921-29d6462f35c9,DigitalSkill,Android (mobile operating systems),"The system software Android consists of features, restrictions, architectures and other characteristics of operating systems designed to run on mobile devices.",knowledge,sector-specific,released,Digital,high,DIG_d8829a1d-dbde-435b-b921-29d6462f35c9
http://data.europa.eu/esco/skill/d89b9a3f-19bf-4b9b-9664-ed35924eb399,DigitalSkill,collect data using GPS,Gather data in the field using Global Positioning System (GPS) devices.,skill/competence,cross-sector,released,Digital,high,DIG_d89b9a3f-19bf-4b9b-9664-ed35924eb399
http://data.europa.eu/esco/skill/d8ee0b01-3d33-4a32-a07c-6a107400cac0,DigitalSkill,CAD for garment manufacturing,Softwares of computer aided design for garment manufacturing which allow create 2 or 3 dimensional drawings.,knowledge,sector-specific,released,Digital,high,DIG_d8ee0b01-3d33-4a32-a07c-6a107400cac0
http://data.europa.eu/esco/skill/d90bad2f-7fcc-4e85-a02f-ba4837732892,DigitalSkill,post-processing of photographs,The characteristics of software and techniques used in post-processing photographs.,knowledge,cross-sector,released,Digital,high,DIG_d90bad2f-7fcc-4e85-a02f-ba4837732892
http://data.europa.eu/esco/skill/d96078b0-12f4-47d3-a260-61d22050a840,DigitalSkill,vehicle-to-everything technologies,"Technology that allows vehicles to communicate with other vehicles and traffic system infrastructure around them. This technology is composed of two elements: vehicle-to-vehicle (V2V) which allows vehicles to communicate with one another, and vehicle to infrastructure (V2I) which allows vehicles to communicate with external systems such as streetlights, buildings and cyclists or pedestrians. ",knowledge,sector-specific,released,Digital,high,DIG_d96078b0-12f4-47d3-a260-61d22050a840
http://data.europa.eu/esco/skill/d9818afc-1dec-4944-8c9c-e3ae8fad176d,DigitalSkill,set up the controller of a machine,Set up and give commands to a machine by dispatching the appropriate data and input into the (computer) controller corresponding with the desired processed product.,skill/competence,cross-sector,released,Digital,high,DIG_d9818afc-1dec-4944-8c9c-e3ae8fad176d
http://data.europa.eu/esco/skill/d9eaf831-9348-4330-a83e-b7c099cdc8f6,DigitalSkill,Teradata Database,"The computer program Teradata Database is a tool for creating, updating and managing databases, developed by the software company Teradata Corporation.",knowledge,sector-specific,released,Digital,high,DIG_d9eaf831-9348-4330-a83e-b7c099cdc8f6
http://data.europa.eu/esco/skill/da042121-959d-451b-b4d0-3bbf07c1bc67,DigitalSkill,analyse network bandwidth requirements,Study the requirements on the transmission capacity of an ICT network or other telecommunication system.,skill/competence,sector-specific,released,Digital,high,DIG_da042121-959d-451b-b4d0-3bbf07c1bc67
http://data.europa.eu/esco/skill/da6393d5-a53c-4863-abc7-51f36281d74e,DigitalSkill,lean project management,"The lean project management approach is a methodology for planning, managing and overseeing of ICT resources in order to meet specific goals and using project management ICT tools.",knowledge,sector-specific,released,Digital,high,DIG_da6393d5-a53c-4863-abc7-51f36281d74e
http://data.europa.eu/esco/skill/da930e2f-6047-4616-a598-bba8ecef3039,DigitalSkill,manage open publications,"Be familiar with Open Publication strategies, with the use of information technology to support research, and with the development and management of CRIS (current research information systems) and institutional repositories. Provide licensing and copyright advice, use bibliometric indicators, and measure and report research impact.",skill/competence,cross-sector,released,Digital,high,DIG_da930e2f-6047-4616-a598-bba8ecef3039
http://data.europa.eu/esco/skill/dad18fbb-7053-46ed-8a7e-817a10b26ab8,DigitalSkill,program home alarm systems,"Select the right settings for the specific situation where the alarm system will operate. Set up zones with different policies if called for. Define how the system will be armed and disarmed. Choose actions to take if the system is triggered, and select various other settings.",skill/competence,occupation-specific,released,Digital,high,DIG_dad18fbb-7053-46ed-8a7e-817a10b26ab8
http://data.europa.eu/esco/skill/dad7e408-162f-46a4-8567-db560e19e2fc,DigitalSkill,identify ICT system weaknesses,"Analyse the system and network architecture, hardware and software components and data in order to identify weaknesses and vulnerability to intrusions or attacks. Execute diagnostic operations on cyber infrastructure including research, identification, interpretation and categorization of vulnerabilities, associated attacks and malicious code (e.g. malware forensics and malicious network activity). Compare indicators or observables with requirements and review logs to identify evidence of past intrusions.",skill/competence,sector-specific,released,Digital,high,DIG_dad7e408-162f-46a4-8567-db560e19e2fc
http://data.europa.eu/esco/skill/db36f7f1-5900-45bd-9ffb-f2b19c4362ac,DigitalSkill,support ICT system users,"Communicate with end users, instruct them on how to progress with tasks, use ICT support tools and methods to solve problems and identify possible side effects and provide solutions.",skill/competence,sector-specific,released,Digital,high,DIG_db36f7f1-5900-45bd-9ffb-f2b19c4362ac
http://data.europa.eu/esco/skill/db77825e-0f3e-47d0-abdb-356794484272,DigitalSkill,use mathematical tools and equipment,Use portable electronic device to perform both basic and complex operations of arithmetic.,skill/competence,cross-sector,released,Digital,high,DIG_db77825e-0f3e-47d0-abdb-356794484272
http://data.europa.eu/esco/skill/dba46f87-0831-49cd-a1c7-340a653c0221,DigitalSkill,Agile development,The agile development model is a methodology to design software systems and applications.,knowledge,sector-specific,released,Digital,high,DIG_dba46f87-0831-49cd-a1c7-340a653c0221
http://data.europa.eu/esco/skill/dbab7fdd-b99b-4233-bc81-75563eee51a4,DigitalSkill,assemble telecommunications devices,Put together the parts and components of devices using technological methods for the transmission and reception of information.,skill/competence,occupation-specific,released,Digital,high,DIG_dbab7fdd-b99b-4233-bc81-75563eee51a4
http://data.europa.eu/esco/skill/dc298fac-7ab4-4feb-9b43-33d947d7703e,DigitalSkill,standards for web-based e-learning,"The standards and specifications used for web-based e-learning, such as Sharable Content Object Reference Model (SCORM), which define communications between client side content and a host system supported by a learning management system.",knowledge,sector-specific,released,Digital,high,DIG_dc298fac-7ab4-4feb-9b43-33d947d7703e
http://data.europa.eu/esco/skill/dcdd5ddf-82a6-4ac3-8edc-d4b23cae9a88,DigitalSkill,VBScript,"The techniques and principles of software development, such as analysis, algorithms, coding, testing and compiling of programming paradigms in VBScript.",knowledge,sector-specific,released,Digital,high,DIG_dcdd5ddf-82a6-4ac3-8edc-d4b23cae9a88
http://data.europa.eu/esco/skill/dd0e44b9-b285-4563-8ffc-1d4d96bf548c,DigitalSkill,reed sensors,"Sensors that detect the separation of multiple magnetic components, often used to detect the opening of doors and windows for burglary prevention.",knowledge,occupation-specific,released,Digital,high,DIG_dd0e44b9-b285-4563-8ffc-1d4d96bf548c
http://data.europa.eu/esco/skill/dd1e0bc8-d54a-435a-bc43-586bac0b8c02,DigitalSkill,develop ICT safety information,"Create warning messages such as dialog boxes, in-place message, notification or balloon that alerts the user of a condition that might cause a problem in the future and provide safety information according to standards under usage of international signal words.",skill/competence,occupation-specific,released,Digital,high,DIG_dd1e0bc8-d54a-435a-bc43-586bac0b8c02
http://data.europa.eu/esco/skill/dd276faa-ef0a-4ad0-8744-37b883a79b64,DigitalSkill,align antennae with receiving dishes,Align antennae with receiving dishes to obtain the clearest signal for transmission of broadcasts from field locations.,skill/competence,occupation-specific,released,Digital,high,DIG_dd276faa-ef0a-4ad0-8744-37b883a79b64
http://data.europa.eu/esco/skill/dda69c90-2355-4ab5-b0ef-6ada47f74cc1,DigitalSkill,test computer hardware,Test computer hardware systems and components using appropriate equipment. Gather and analyse data. Monitor and evaluate system performance and take action if needed.,skill/competence,occupation-specific,released,Digital,high,DIG_dda69c90-2355-4ab5-b0ef-6ada47f74cc1
http://data.europa.eu/esco/skill/ddb65832-91a7-4157-9488-719a0e2ad87b,DigitalSkill,lead disaster recovery exercises,"Head exercises which educate people on what to do in case of an unforeseen disastrous event in the functioning or security of ICT systems, such as on recovery of data, protection of identity and information and which steps to take in order to prevent further problems.",skill/competence,sector-specific,released,Digital,high,DIG_ddb65832-91a7-4157-9488-719a0e2ad87b
http://data.europa.eu/esco/skill/ddc3119d-1d6e-4324-9125-a3380d299ac5,DigitalSkill,computer technology,"Computers, computer networks and other information technologies and equipment that can store, retrieve, transmit and manipulate data.",knowledge,cross-sector,released,Digital,high,DIG_ddc3119d-1d6e-4324-9125-a3380d299ac5
http://data.europa.eu/esco/skill/ddfd922f-a4f7-47a7-bf1c-cf9124e5bf40,DigitalSkill,create weather maps,"Make graphic weather maps for specific areas containing information such as temperature, air pressure, and rain belts.",skill/competence,cross-sector,released,Digital,high,DIG_ddfd922f-a4f7-47a7-bf1c-cf9124e5bf40
http://data.europa.eu/esco/skill/ddfe79e2-c2e3-4ba7-9bdf-3820b4f75b54,DigitalSkill,identify ICT user needs,"Determine the needs and requirements of ICT users of a specific system by applying analytical methods, such as target group analysis.",skill/competence,sector-specific,released,Digital,high,DIG_ddfe79e2-c2e3-4ba7-9bdf-3820b4f75b54
http://data.europa.eu/esco/skill/de0be6e8-644c-4cc9-9c8d-925dd98dda56,DigitalSkill,software interaction design,The methodologies for designing interaction between users and a software product or service to satisfy the needs and preferences of most of the people who will interface with the product and to simplify the communication between product and user such as Goal-oriented design.,knowledge,sector-specific,released,Digital,high,DIG_de0be6e8-644c-4cc9-9c8d-925dd98dda56
http://data.europa.eu/esco/skill/de586dcf-d7e5-4340-bf5b-d59026f1b436,DigitalSkill,penetration testing tool,"The specialised ICT tools which test security weaknesses of the system for potentially unauthorised access to system information such as Metasploit, Burp suite and Webinspect.",knowledge,sector-specific,released,Digital,high,DIG_de586dcf-d7e5-4340-bf5b-d59026f1b436
http://data.europa.eu/esco/skill/de804504-bd5c-465d-b54f-9da299d8ee90,DigitalSkill,maintain stock control systems,Keep stock control systems up to date and ensure inventory accuracy.,skill/competence,cross-sector,released,Digital,high,DIG_de804504-bd5c-465d-b54f-9da299d8ee90
http://data.europa.eu/esco/skill/de9f85ba-e77f-48fd-8c66-f5ebaf32d655,DigitalSkill,Oracle Relational Database,"The computer program Oracle Rdb is a tool for creating, updating and managing databases, developed by the software company Oracle.",knowledge,sector-specific,released,Digital,high,DIG_de9f85ba-e77f-48fd-8c66-f5ebaf32d655
http://data.europa.eu/esco/skill/debef2fc-7af4-4bff-ac92-4d0317915a84,DigitalSkill,electronic communication,"Data communication performed through digital means such as computers, telephone or e-mail.",knowledge,cross-sector,released,Digital,high,DIG_debef2fc-7af4-4bff-ac92-4d0317915a84
http://data.europa.eu/esco/skill/def007fa-5fed-4a5f-91a2-b0d7e3db1be1,DigitalSkill,COBOL,"The techniques and principles of software development, such as analysis, algorithms, coding, testing and compiling of programming paradigms in COBOL.",knowledge,sector-specific,released,Digital,high,DIG_def007fa-5fed-4a5f-91a2-b0d7e3db1be1
http://data.europa.eu/esco/skill/df0612db-366c-4ff5-b106-40b9e385195c,DigitalSkill,utilise decision support system,Use the available ICT systems that can be used to support business or organisational decision making.,skill/competence,sector-specific,released,Digital,high,DIG_df0612db-366c-4ff5-b106-40b9e385195c
http://data.europa.eu/esco/skill/df11ab22-3c40-4dc8-ab0c-e9f41e62449e,DigitalSkill,edit photographs,"Resize, enhance and retouche photographs, using airbrushing, editing software and other techniques.",skill/competence,sector-specific,released,Digital,high,DIG_df11ab22-3c40-4dc8-ab0c-e9f41e62449e
http://data.europa.eu/esco/skill/df12fd50-55dc-4cfd-a021-818880668789,DigitalSkill,maintain control systems for automated equipment,"Check, maintain and repair electrical and electronic elements. Check and update software of automated equipment.",skill/competence,sector-specific,released,Digital,high,DIG_df12fd50-55dc-4cfd-a021-818880668789
http://data.europa.eu/esco/skill/df329d70-87b0-466b-a214-3431f36e2a5e,DigitalSkill,protect ICT devices,"Protect devices and digital content, and understand risks and threats in digital environments. Know about safety and security measures and have due regard to reliability and privacy. Make use of tools and methods which maximise security of ICT devices and information by controlling access, such as passwords, digital signatures, biometry, and protecting systems such as firewall, antivirus, spam filters.",skill/competence,cross-sector,released,Digital,high,DIG_df329d70-87b0-466b-a214-3431f36e2a5e
http://data.europa.eu/esco/skill/df538078-0ccb-4125-a61d-ebaa648b39f2,DigitalSkill,conduct radiotherapy computer planning,Produce a three-dimensional plan of the distribution of radiation across the anatomical area to be treated.,skill/competence,sector-specific,released,Digital,high,DIG_df538078-0ccb-4125-a61d-ebaa648b39f2
http://data.europa.eu/esco/skill/dfb9cec6-3ae3-408a-9d57-c44361bf7aaf,DigitalSkill,provide multimedia content,"Develop multimedia materials such as screen shots, graphics, slide shows, animations and videos to be used as content integrated in a broader informational context.",skill/competence,sector-specific,released,Digital,high,DIG_dfb9cec6-3ae3-408a-9d57-c44361bf7aaf
http://data.europa.eu/esco/skill/dfff95c6-9758-4c04-a228-7eaa88dec6cd,DigitalSkill,design for organisational complexity,"Determine cross-account authentication and access strategy for complex organizations (for example, an organization with varying compliance requirements, multiple business units, and varying scalability requirements). Design networks and multi-account cloud environments for complex organizations. ",skill/competence,sector-specific,released,Digital,high,DIG_dfff95c6-9758-4c04-a228-7eaa88dec6cd
http://data.europa.eu/esco/skill/e043aeeb-78f5-4049-afbf-12bba52225bc,DigitalSkill,hardware architectures,The designs laying out the physical hardware components and their interconnections.,knowledge,sector-specific,released,Digital,high,DIG_e043aeeb-78f5-4049-afbf-12bba52225bc
http://data.europa.eu/esco/skill/e06ec50c-68f9-470f-8dc2-7488109c2dfd,DigitalSkill,analyse gambling data,"Analyse relevant data points collected during gambling, betting or lottery activities. Process the data to obtain conclusions useful for the efficient running of the betting or lottery operation.",skill/competence,sector-specific,released,Digital,high,DIG_e06ec50c-68f9-470f-8dc2-7488109c2dfd
http://data.europa.eu/esco/skill/e08821b5-d6dd-4db9-a0f1-43185653c244,DigitalSkill,monitor communication channels' performance,Search for possible faults. Perform visual checks. Analyse system indicators and use diagnostic devices.,skill/competence,sector-specific,released,Digital,high,DIG_e08821b5-d6dd-4db9-a0f1-43185653c244
http://data.europa.eu/esco/skill/e0ae0101-ab8f-47a2-938b-ab0cc367b3b5,DigitalSkill,maintain warehouse database,Keep digital warehouse database up-to-date and multi-accessible.,skill/competence,sector-specific,released,Digital,high,DIG_e0ae0101-ab8f-47a2-938b-ab0cc367b3b5
http://data.europa.eu/esco/skill/e13b734a-218c-434a-a7cc-febac6d24ef3,DigitalSkill,call-centre technologies,The wide range of telecommunications hardware and software such as automated phone systems and communication devices.,knowledge,cross-sector,released,Digital,high,DIG_e13b734a-218c-434a-a7cc-febac6d24ef3
http://data.europa.eu/esco/skill/e1e99428-b91b-45e1-8ede-ed0cbf161930,DigitalSkill,establish an ICT customer support process,"Create a series of customer ICT service activities before, during and after a request. Ensure an adequate response or action, enhance the level of customer satisfaction and accumulate ICT product or service feedback.",skill/competence,sector-specific,released,Digital,high,DIG_e1e99428-b91b-45e1-8ede-ed0cbf161930
http://data.europa.eu/esco/skill/e23e81f5-18db-49aa-ad9b-b3d0fdcad1d2,DigitalSkill,troubleshoot website,"Detect the flaws and malfunctions of a website. Apply troubleshooting techniques on content, structure, interface and interactions in order to find the causes and solve the malfunctions.",skill/competence,occupation-specific,released,Digital,high,DIG_e23e81f5-18db-49aa-ad9b-b3d0fdcad1d2
http://data.europa.eu/esco/skill/e2b05bcb-b60e-45b5-baa6-3a67ebe77538,DigitalSkill,advanced driver assistant systems,"Vehicle-based intelligent safety systems which could improve road safety in terms of crash avoidance, crash severity mitigation and protection, and automatic post-crash notification of collision. Integrated in vehicle or infrastructure-based systems which contribute to some or all of these crash phases. More generally, some driver support systems are intended to improve safety whereas others are convenience functions.",knowledge,sector-specific,released,Digital,high,DIG_e2b05bcb-b60e-45b5-baa6-3a67ebe77538
http://data.europa.eu/esco/skill/e2b82b00-f07f-4fc8-a7bb-c8febf65efe5,DigitalSkill,compare survey computations,Determine the accuracy of data by comparing computations with applicable standards.,skill/competence,sector-specific,released,Digital,high,DIG_e2b82b00-f07f-4fc8-a7bb-c8febf65efe5
http://data.europa.eu/esco/skill/e2d0daae-2aa1-40cc-99e2-b340b02f97d3,DigitalSkill,product data management,"The use of software to track all information concerning a product such as technical specifications, drawings, design specifications, and production costs.",knowledge,cross-sector,released,Digital,high,DIG_e2d0daae-2aa1-40cc-99e2-b340b02f97d3
http://data.europa.eu/esco/skill/e2fb1ee4-fbf9-4690-b677-3e6ff7cfdc48,DigitalSkill,test ICT queries,Assess that developed queries return and execute correct actions and data.,skill/competence,occupation-specific,released,Digital,high,DIG_e2fb1ee4-fbf9-4690-b677-3e6ff7cfdc48
http://data.europa.eu/esco/skill/e3201e73-ef4d-447d-ac9b-b18e45f35eea,DigitalSkill,monitor satellites,"Analyse ground systems and investigate any anomalous behavior of satellites. Develop the right corrective measures, and implement where necessary.",skill/competence,occupation-specific,released,Digital,high,DIG_e3201e73-ef4d-447d-ac9b-b18e45f35eea
http://data.europa.eu/esco/skill/e36c1f47-3913-4d35-a6ae-fd9a7243483f,DigitalSkill,design ventilation network,"Draft ventilation network. Prepare and plan the ventilation layout using specialist software. Design heating or cooling systems as required. Improve efficiency of ventilation network to lower energy consumption, including the interplay between a near zero energy building (nZEB), its use, and the right ventilation strategy.",skill/competence,sector-specific,released,Digital,high,DIG_e36c1f47-3913-4d35-a6ae-fd9a7243483f
http://data.europa.eu/esco/skill/e3840f20-1928-4d07-944c-d2dd2ae5cbba,DigitalSkill,evaluate musical ideas,"Experiment with different sound sources, use synthesizers and computer software, permanently explore and evaluate musical ideas and concepts.",skill/competence,sector-specific,released,Digital,high,DIG_e3840f20-1928-4d07-944c-d2dd2ae5cbba
http://data.europa.eu/esco/skill/e3eb64db-bc0b-4cc0-bd31-5feb94b2ef50,DigitalSkill,track changes in text editing,"Track changes such as grammar and spelling corrections, element additions, and other modifications when editing (digital) texts.",skill/competence,cross-sector,released,Digital,high,DIG_e3eb64db-bc0b-4cc0-bd31-5feb94b2ef50
http://data.europa.eu/esco/skill/e43084e8-6e3d-4649-93e9-2455ff53bc84,DigitalSkill,prepare well data sheets,"Prepare data sheets, listing all relevant information on a well, including location, geological properties of the well, type of resources, temperatures and various analyses plotted against the depth.",skill/competence,occupation-specific,released,Digital,high,DIG_e43084e8-6e3d-4649-93e9-2455ff53bc84
http://data.europa.eu/esco/skill/e439742d-558d-4f52-885e-afdc740b48cf,DigitalSkill,"browse, search and filter data, information and digital content","Articulate information needs, search for data, information and content in digital environments, access them and navigate between them. Create and update personal search strategies.",skill/competence,cross-sector,released,Digital,high,DIG_e439742d-558d-4f52-885e-afdc740b48cf
http://data.europa.eu/esco/skill/e46291c7-52b9-4174-bd59-178884861038,DigitalSkill,Hadoop,"The open-source data storing, analysis and processing framework which consists mainly in the MapReduce and Hadoop distributed file system (HDFS) components and it is used to provide support for managing and analysing large datasets.",knowledge,sector-specific,released,Digital,high,DIG_e46291c7-52b9-4174-bd59-178884861038
http://data.europa.eu/esco/skill/e464363b-8346-421d-9035-52118b76d8c8,DigitalSkill,computational biology,The interdisciplinary scientific field that focus on employing data analytics and theories to investigate biological systems obtained through experiments.,knowledge,sector-specific,released,Digital,high,DIG_e464363b-8346-421d-9035-52118b76d8c8
http://data.europa.eu/esco/skill/e465a154-93f7-4973-9ce1-31659fe16dd2,DigitalSkill,principles of artificial intelligence,"The artificial intelligence theories, applied principles, architectures and systems, such as intelligent agents, multi-agent systems, expert systems, rule-based systems, neural networks, ontologies and cognition theories.",knowledge,sector-specific,released,Digital,high,DIG_e465a154-93f7-4973-9ce1-31659fe16dd2
http://data.europa.eu/esco/skill/e4d34eaf-742e-4bba-801d-e8d617f1f419,DigitalSkill,operate bale presses,"Start, operate and monitor computerised bale presses.",skill/competence,occupation-specific,released,Digital,high,DIG_e4d34eaf-742e-4bba-801d-e8d617f1f419
http://data.europa.eu/esco/skill/e4d90d50-bd28-4a0c-a3a7-d4963e2a307a,DigitalSkill,study radar images,Analyse radar images to study phenomena on Earth's surface.,skill/competence,cross-sector,released,Digital,high,DIG_e4d90d50-bd28-4a0c-a3a7-d4963e2a307a
http://data.europa.eu/esco/skill/e5609f89-0daf-40bb-bd6b-94f5d7498131,DigitalSkill,ICT market,"The processes, stakeholders and the dynamics of the chain of goods and services in the ICT market sector.",knowledge,sector-specific,released,Digital,high,DIG_e5609f89-0daf-40bb-bd6b-94f5d7498131
http://data.europa.eu/esco/skill/e5a6e1e0-1b07-4432-83ba-77d593b2cb47,DigitalSkill,SAS Data Management,"The computer program SAS Data Management is a tool for integration of information from multiple applications, created and maintained by organisations, into one consistent and transparent data structure, developed by the software company SAS.",knowledge,sector-specific,released,Digital,high,DIG_e5a6e1e0-1b07-4432-83ba-77d593b2cb47
http://data.europa.eu/esco/skill/e5b5053e-0ef6-4c4e-a3f2-42f955f4322c,DigitalSkill,implement a firewall,"Download, install and update a network security system designed to prevent unauthorized access to a private network.",skill/competence,sector-specific,released,Digital,high,DIG_e5b5053e-0ef6-4c4e-a3f2-42f955f4322c
http://data.europa.eu/esco/skill/e5beeff8-7c98-490a-ae2c-16fbb6a87305,DigitalSkill,manage keys for data protection,"Select appropriate authentication and authorization mechanisms. Design, implement and troubleshoot key management and use. Design and implement a data encryption solution for data at rest and data in transit.",skill/competence,sector-specific,released,Digital,high,DIG_e5beeff8-7c98-490a-ae2c-16fbb6a87305
http://data.europa.eu/esco/skill/e5d1f825-60ed-4bdd-872a-e748c387f777,DigitalSkill,CSS,"The computer language CSS is a style sheet language that conveys the presentation of structured documents. These documents have to adhere to style sheets, a set of stylistic rules such as font, color and layout.",knowledge,sector-specific,released,Digital,high,DIG_e5d1f825-60ed-4bdd-872a-e748c387f777
http://data.europa.eu/esco/skill/e6262391-ffda-4b8e-9f5c-89cf1a0e7384,DigitalSkill,audiovisual equipment,The characteristics and usage of different tools that stimulate the sight and audio senses.,knowledge,sector-specific,released,Digital,high,DIG_e6262391-ffda-4b8e-9f5c-89cf1a0e7384
http://data.europa.eu/esco/skill/e63da991-d405-4463-9874-3555c80082d9,DigitalSkill,create 2D painting,Produce a drawing by using a range of digital tools.,skill/competence,cross-sector,released,Digital,high,DIG_e63da991-d405-4463-9874-3555c80082d9
http://data.europa.eu/esco/skill/e665d919-f28d-4ac4-adf0-8903ac66540e,DigitalSkill,develop design plans,Develop design plans by using computer-aided-design (CAD); work in accordance with budget estimates; organise and conduct meetings with clients.,skill/competence,cross-sector,released,Digital,high,DIG_e665d919-f28d-4ac4-adf0-8903ac66540e
http://data.europa.eu/esco/skill/e6b8f934-7f35-4dc6-9a64-f6c43acdc00b,DigitalSkill,software components suppliers,The suppliers who can deliver the required software components.,knowledge,sector-specific,released,Digital,high,DIG_e6b8f934-7f35-4dc6-9a64-f6c43acdc00b
http://data.europa.eu/esco/skill/e743a3f3-ba4a-4dab-99a6-6321dba6b502,DigitalSkill,maintain up-to-date aeronautical information management services,"Maintain up-to-date aeronautical information management (AIM) services such as aeronautical data sets, charts, and publications.",skill/competence,occupation-specific,released,Digital,high,DIG_e743a3f3-ba4a-4dab-99a6-6321dba6b502
http://data.europa.eu/esco/skill/e74f4f21-8d45-412c-b5c3-652e6167ee32,DigitalSkill,content development processes,"The specialised techniques used to design, write, compile, edit and organise digital content, such as text, graphics and videos for publishing purposes.",knowledge,cross-sector,released,Digital,high,DIG_e74f4f21-8d45-412c-b5c3-652e6167ee32
http://data.europa.eu/esco/skill/e79dab00-fe87-48f2-b8cc-f48b68bc7f35,DigitalSkill,WhiteHat Sentinel,"The computer program WhiteHat Sentinel is a specialised ICT tool which tests security weaknesses of the system for potentially unauthorised access to system information, developed by the software company WhiteHat Security.",knowledge,sector-specific,released,Digital,high,DIG_e79dab00-fe87-48f2-b8cc-f48b68bc7f35
http://data.europa.eu/esco/skill/e8171178-9a60-40a6-ad3b-510e10cfebad,DigitalSkill,render 3D images,Use specialised tools to convert 3D wire frame models into 2D images with 3D photorealistic effects or non-photorealistic rendering on a computer.,skill/competence,cross-sector,released,Digital,high,DIG_e8171178-9a60-40a6-ad3b-510e10cfebad
http://data.europa.eu/esco/skill/e819cc1e-09d9-47f2-b418-93972852daef,DigitalSkill,MarkLogic,"The NoSQL enterprise non-relational database used for creating, updating and managing large amounts of unstructured data stored in the cloud and which provides features such as semantics, flexible data models and Hadoop integration.",knowledge,sector-specific,released,Digital,high,DIG_e819cc1e-09d9-47f2-b418-93972852daef
http://data.europa.eu/esco/skill/e81d7bed-b7c7-41bf-a30a-e3201e8f09b3,DigitalSkill,audio mastering,The post-production process where the finished recorded audio is transferred to a data storage device from which it will be copied.,knowledge,sector-specific,released,Digital,high,DIG_e81d7bed-b7c7-41bf-a30a-e3201e8f09b3
http://data.europa.eu/esco/skill/e842ed4c-23c1-4c29-b1b1-b490889db735,DigitalSkill,plot shipping navigation routes,Plot the navigation route of a vessel under the review of a superior deck officer. Operate a ship radar or electronic charts and automatic identification system.,skill/competence,sector-specific,released,Digital,high,DIG_e842ed4c-23c1-4c29-b1b1-b490889db735
http://data.europa.eu/esco/skill/e87ec79a-c9ff-46f5-84fa-7a0f394cdf40,DigitalSkill,robotics,"The branch of engineering that involves the design, operation, manufacture, and application of robots. Robotics is part of mechanical engineering, electrical engineering, and computer science and overlaps with mechatronics and automation engineering.",knowledge,cross-sector,released,Digital,high,DIG_e87ec79a-c9ff-46f5-84fa-7a0f394cdf40
http://data.europa.eu/esco/skill/e8b89eb6-51e8-4c3a-babb-88b2e110376b,DigitalSkill,Pascal (computer programming),"The techniques and principles of software development, such as analysis, algorithms, coding, testing and compiling of programming paradigms in Pascal.",knowledge,sector-specific,released,Digital,high,DIG_e8b89eb6-51e8-4c3a-babb-88b2e110376b
http://data.europa.eu/esco/skill/e8bae3fe-6d8d-457e-a20b-6f8eea4d5402,DigitalSkill,operate sound live,Operate sound system and audio devices during rehearsals or in a live situation.,skill/competence,sector-specific,released,Digital,high,DIG_e8bae3fe-6d8d-457e-a20b-6f8eea4d5402
http://data.europa.eu/esco/skill/e8dd9cc1-c83d-45ec-a7b0-e3727ab90336,DigitalSkill,create moving images,Create and develop two-dimensional and three-dimensional images in motion and animations.,skill/competence,sector-specific,released,Digital,high,DIG_e8dd9cc1-c83d-45ec-a7b0-e3727ab90336
http://data.europa.eu/esco/skill/e975b791-b488-4935-be44-06f2f9a443bb,DigitalSkill,set up automotive robot,"Set up and programme an automotive robot working on machine processes and substituting or collaboratively supporting human labour, such as the six-axis automotive robot.",skill/competence,cross-sector,released,Digital,high,DIG_e975b791-b488-4935-be44-06f2f9a443bb
http://data.europa.eu/esco/skill/e9ac6d35-0219-44c3-b488-bfd14923d09f,DigitalSkill,use pattern-cutting softwares,"Use pattern-cutting softwares in order to create templates for the manufacturing of wearing apparel, made-up textile articles, and textile products. Set adequate patterns in softwares for replicability of products taking into account sizes and shapes.",skill/competence,sector-specific,released,Digital,high,DIG_e9ac6d35-0219-44c3-b488-bfd14923d09f
http://data.europa.eu/esco/skill/ea412de3-9d7a-4943-8d8c-c6d3c7495d0e,DigitalSkill,execute integration testing,"Perform testing of system or software components grouped in multiple ways to evaluate their ability to interconnect, their interface and their ability to provide global functionality.",skill/competence,sector-specific,released,Digital,high,DIG_ea412de3-9d7a-4943-8d8c-c6d3c7495d0e
http://data.europa.eu/esco/skill/ea99e1f2-ad03-4bb3-8960-1227fc76bb2a,DigitalSkill,interpret graphical communication interfaces,Have the capacity to understand the various shapes and representations used in the schematics and 3D isometric model presented by communication programmes.,skill/competence,cross-sector,released,Digital,high,DIG_ea99e1f2-ad03-4bb3-8960-1227fc76bb2a
http://data.europa.eu/esco/skill/eabc06f6-2daf-45bb-b525-7fc078e2eadf,DigitalSkill,design optical prototypes,Design and develop prototypes of optical products and components using technical drawing software.,skill/competence,sector-specific,released,Digital,high,DIG_eabc06f6-2daf-45bb-b525-7fc078e2eadf
http://data.europa.eu/esco/skill/eb0e5615-1575-4a86-a1a2-7d39595033c5,DigitalSkill,ABAP,"The techniques and principles of software development, such as analysis, algorithms, coding, testing and compiling of programming paradigms in ABAP.",knowledge,sector-specific,released,Digital,high,DIG_eb0e5615-1575-4a86-a1a2-7d39595033c5
http://data.europa.eu/esco/skill/eb275d0d-64bb-49cb-a501-72aff776088f,DigitalSkill,use session border controller,Manage calls during a given voice over Internet Protocol (VoIP) session and ensure security and quality of service by operating a session border controller (SBC).,skill/competence,sector-specific,released,Digital,high,DIG_eb275d0d-64bb-49cb-a501-72aff776088f
http://data.europa.eu/esco/skill/eb2ae1c7-ba57-4695-8f29-9dd41c26e01e,DigitalSkill,develop online sales business plan,"Gather relevant information and write a well-structured document providing the trajectory of a business project, adapted to an online environment.",skill/competence,cross-sector,released,Digital,high,DIG_eb2ae1c7-ba57-4695-8f29-9dd41c26e01e
http://data.europa.eu/esco/skill/eb3aa8c1-fb14-47b4-a352-b7975abd2480,DigitalSkill,replicate customer software issues,Use specialised tools to replicate and analyse the conditions that caused the set of software states or outputs reported by the customer in order to provide adequate solutions.,skill/competence,sector-specific,released,Digital,high,DIG_eb3aa8c1-fb14-47b4-a352-b7975abd2480
http://data.europa.eu/esco/skill/ec0bbf39-0edd-4015-a2c3-82ad563ce3a8,DigitalSkill,draft corporate emails,"Prepare, compile, and write mails with the adequate information and an appropriate language to make internal or external communications.",skill/competence,cross-sector,released,Digital,high,DIG_ec0bbf39-0edd-4015-a2c3-82ad563ce3a8
http://data.europa.eu/esco/skill/ec0d2580-ee2f-45e6-a423-c69dd3f03868,DigitalSkill,adjust hearing aids,"Program hearing aids using a computer, fitting and dispensing hearing aids, or administering cochlear implants, electronic devices used to improve a person`s hearing.",skill/competence,sector-specific,released,Digital,high,DIG_ec0d2580-ee2f-45e6-a423-c69dd3f03868
http://data.europa.eu/esco/skill/ec25e825-8c5b-4b46-950b-dcb87dd410e7,DigitalSkill,set up basic recording,Set up a basic stereo audio recording system.,skill/competence,sector-specific,released,Digital,high,DIG_ec25e825-8c5b-4b46-950b-dcb87dd410e7
http://data.europa.eu/esco/skill/ec85cc63-4e24-4631-bf92-8789db2605c0,DigitalSkill,maintain database security,Master a wide variety of information security controls in order to pursue maximal database protection.,skill/competence,sector-specific,released,Digital,high,DIG_ec85cc63-4e24-4631-bf92-8789db2605c0
http://data.europa.eu/esco/skill/ec95d0a4-886e-4eb1-aa4c-2d5f2549df7d,DigitalSkill,use translation memory software,Facilitate efficient language translation using translation memory software. ,skill/competence,cross-sector,released,Digital,high,DIG_ec95d0a4-886e-4eb1-aa4c-2d5f2549df7d
http://data.europa.eu/esco/skill/ed1d8bd4-cd2a-4c64-b665-56d70651026c,DigitalSkill,Prototyping development,The prototyping development model is a methodology to design software systems and applications.,knowledge,sector-specific,released,Digital,high,DIG_ed1d8bd4-cd2a-4c64-b665-56d70651026c
http://data.europa.eu/esco/skill/ed392b45-1087-44a7-89a9-d514224639ff,DigitalSkill,conduct mobile marketing,Conduct mobile marketing using a mobile device e.g. tablet or smartphone. Gather personalised information and transfer it to customers in order to promote services or goods.,skill/competence,cross-sector,released,Digital,high,DIG_ed392b45-1087-44a7-89a9-d514224639ff
http://data.europa.eu/esco/skill/ed39edd3-44d0-4a16-9796-bfb99f92baf3,DigitalSkill,ICT performance analysis methods,"The methods used to analyse software, ICT system and network performance which provide guidance to root causes of issues within information systems. The methods can analyse resource bottlenecks, application times, wait latencies and benchmarking results.",knowledge,sector-specific,released,Digital,high,DIG_ed39edd3-44d0-4a16-9796-bfb99f92baf3
http://data.europa.eu/esco/skill/ed5bbc64-7017-4e2e-b44e-65df88013a84,DigitalSkill,analyse information systems,"Conduct analyses of information systems such as archives, libraries and documentation centers to verify their effectiveness. Develop specific problem solving techniques in order to improve the performance of the systems.",skill/competence,occupation-specific,released,Digital,high,DIG_ed5bbc64-7017-4e2e-b44e-65df88013a84
http://data.europa.eu/esco/skill/ed8de897-adbe-4f0e-b4d2-534953e64c72,DigitalSkill,integrate system components,Select and use integration techniques and tools to plan and implement integration of hardware and software modules and components in a system. ,skill/competence,sector-specific,released,Digital,high,DIG_ed8de897-adbe-4f0e-b4d2-534953e64c72
http://data.europa.eu/esco/skill/eda4d727-4374-49af-ace4-118c7c906835,DigitalSkill,search engine optimisation,The marketing approach which promotes webpage presentation by affecting the specific structures of the website which impact its visibility in unpaid search results.,knowledge,sector-specific,released,Digital,high,DIG_eda4d727-4374-49af-ace4-118c7c906835
http://data.europa.eu/esco/skill/edebd83d-35f6-4ed5-a940-6c203d178c01,DigitalSkill,data science,The field of study that deals with big amount of data using AI techniques such as machine learning algorithms to predict patterns and obtain useful information to make business decisions,knowledge,cross-sector,released,Digital,high,DIG_edebd83d-35f6-4ed5-a940-6c203d178c01
http://data.europa.eu/esco/skill/edf081e4-d2dc-4a60-8c49-7b7e45b5ebe3,DigitalSkill,create risk maps,"Use data visualisation tools in order to communicate the specific financial risks, their nature and impact for an organisation.",skill/competence,sector-specific,released,Digital,high,DIG_edf081e4-d2dc-4a60-8c49-7b7e45b5ebe3
http://data.europa.eu/esco/skill/ee02393d-27dd-438a-8879-b8088ce45e79,DigitalSkill,ICT environmental policies,"The international and organisational policies which deal with the assessment of the environmental impact of innovations and developments in the field of ICT, as well as with methods for reducing negative impact and applying ICT innovations to aid the environment.",knowledge,occupation-specific,released,Digital,high,DIG_ee02393d-27dd-438a-8879-b8088ce45e79
http://data.europa.eu/esco/skill/ee3b1553-2dc5-434b-8dcf-4ae3a40b3a48,DigitalSkill,verify formal ICT specifications,"Check capabilities, correctness and efficiency of intended algorithm or system to match certain formal specifications.",skill/competence,sector-specific,released,Digital,high,DIG_ee3b1553-2dc5-434b-8dcf-4ae3a40b3a48
http://data.europa.eu/esco/skill/ee46e1d3-a52c-4113-aab9-38dbc907085d,DigitalSkill,distributed ledger technologies consensus protocols,"The knowledge of essential blockchain consensus protocols including Proof-of-Work (PoW), Proof-of-Stake (PoS), Delegated Proof-of-Stake (DPoS), Practical Byzantine Fault Tolerance (pBFT).",knowledge,sector-specific,released,Digital,high,DIG_ee46e1d3-a52c-4113-aab9-38dbc907085d
http://data.europa.eu/esco/skill/ee6c325b-223e-432f-89c3-a0f135adac9e,DigitalSkill,create cadastral maps,Create maps using data gathered during surveying and measurement activities and specialised software which outline a region's constructions' and buildings' boundaries.,skill/competence,cross-sector,released,Digital,high,DIG_ee6c325b-223e-432f-89c3-a0f135adac9e
http://data.europa.eu/esco/skill/ee8fee1a-75c1-43fb-b08d-779929f99249,DigitalSkill,apply control process statistical methods,Apply statistical methods from Design of Experiments (DOE) and Statistical Process Control (SPC) in order to control manufacturing processes.,skill/competence,cross-sector,released,Digital,high,DIG_ee8fee1a-75c1-43fb-b08d-779929f99249
http://data.europa.eu/esco/skill/eee58e6d-4587-42f0-b9a0-fe055cfe2044,DigitalSkill,develop animations,"Design and develop visual animations using creativity and computer skills. Make objects or characters appear lifelike by manipulating light, colour, texture, shadow, and transparency, or manipulating static images to give the illusion of motion.",skill/competence,sector-specific,released,Digital,high,DIG_eee58e6d-4587-42f0-b9a0-fe055cfe2044
http://data.europa.eu/esco/skill/eeef9d73-f215-40fb-92cc-6498f13fc3f2,DigitalSkill,create infrared imagery,Use an infrared camera to produce imagery displaying the infrared part of the spectrum.,skill/competence,sector-specific,released,Digital,high,DIG_eeef9d73-f215-40fb-92cc-6498f13fc3f2
http://data.europa.eu/esco/skill/ef0527db-0442-4f05-a150-533b410e1cc1,DigitalSkill,operate railway control panels,"Operate various types of railway control panels such as Individual Function Switch (IFS), One Control Switch (OCS) or Entrance Exit (NX).",skill/competence,sector-specific,released,Digital,high,DIG_ef0527db-0442-4f05-a150-533b410e1cc1
http://data.europa.eu/esco/skill/ef069fe6-305b-4452-8f7d-0c572e98effc,DigitalSkill,mobile marketing,"The study of marketing which uses mobile devices as a communication channel. This approach can provide potential customers with personalised information (using location or time context) which promotes products, services or ideas.",knowledge,sector-specific,released,Digital,high,DIG_ef069fe6-305b-4452-8f7d-0c572e98effc
http://data.europa.eu/esco/skill/ef64005d-75bc-4597-8ed6-717edec5e55e,DigitalSkill,enhance website visibility,"Promote the website to users, business partners and search engines. Optimise the website exposure to search engines, send out emails, determine pricing and policies and conduct marketing actions.",skill/competence,cross-sector,released,Digital,high,DIG_ef64005d-75bc-4597-8ed6-717edec5e55e
http://data.europa.eu/esco/skill/f0010b93-5552-45cb-ad26-168c8168f319,DigitalSkill,Nexpose,"The computer program Nexpose is a specialised ICT tool which tests security weaknesses of the system for potentially unauthorised access to system information, developed by the software company Rapid7.",knowledge,sector-specific,released,Digital,high,DIG_f0010b93-5552-45cb-ad26-168c8168f319
http://data.europa.eu/esco/skill/f0163b63-6794-4eb7-b17b-f91d11b2602d,DigitalSkill,implement cryptographic constructs,"Implement cryptographic constructs such as hash functions, symmetric-key algorithms, and asymmetric-key algorithms, in the context of specific applications.",skill/competence,sector-specific,released,Digital,high,DIG_f0163b63-6794-4eb7-b17b-f91d11b2602d
http://data.europa.eu/esco/skill/f0393af3-bcd9-41af-a36e-0cfb83b60081,DigitalSkill,manage standard enterprise resource planning system,"Collect, manage and interpret data relevant for companies related to shipping, payment, inventory, resources and manufacturing using specific business management software. Such software as Microsoft Dynamics​, SAP ERP, Oracle ERP.",skill/competence,sector-specific,released,Digital,high,DIG_f0393af3-bcd9-41af-a36e-0cfb83b60081
http://data.europa.eu/esco/skill/f049d050-12da-4e40-813a-2b5eb6df6b51,DigitalSkill,Internet of Things,"The general principles, categories, requirements, limitations and vulnerabilities of smart connected devices (most of them with intended internet connectivity).",knowledge,sector-specific,released,Digital,high,DIG_f049d050-12da-4e40-813a-2b5eb6df6b51
http://data.europa.eu/esco/skill/f0de4973-0a70-4644-8fd4-3a97080476f4,DigitalSkill,DevOps,The DevOps development approach is a methodology to design software systems and applications focused on the collaboration and between software programmers and other ICT professionals and automation.,knowledge,sector-specific,released,Digital,high,DIG_f0de4973-0a70-4644-8fd4-3a97080476f4
http://data.europa.eu/esco/skill/f0f2da78-ef60-4653-b2c8-ff0a7a9ea2f8,DigitalSkill,instruct library users in digital literacy,"Teach library visitors basic computer skills, such as searching digital databases.",skill/competence,occupation-specific,released,Digital,high,DIG_f0f2da78-ef60-4653-b2c8-ff0a7a9ea2f8
http://data.europa.eu/esco/skill/f0f5bb34-71df-4715-9c9e-03567b76ec8f,DigitalSkill,create website wireframe,"Develop an image or set of images that display the functional elements of a website or page, typically used for planning a website's functionality and structure.",skill/competence,sector-specific,released,Digital,high,DIG_f0f5bb34-71df-4715-9c9e-03567b76ec8f
http://data.europa.eu/esco/skill/f0ff6f10-cbb4-44c0-acd5-ed17046b1396,DigitalSkill,install signal repeaters,Set up and configure devices which enhance strength of signal of a communication channel to enable proper reception and reproduction in further places.,skill/competence,sector-specific,released,Digital,high,DIG_f0ff6f10-cbb4-44c0-acd5-ed17046b1396
http://data.europa.eu/esco/skill/f1a56786-e6d7-4b2e-a39c-23e09024d473,DigitalSkill,concepts of telecommunications,"The telecommunication principles, theories, models, equipment and processes such as transfer rate, bandwidth, signal-to-noise ratio, bit error ratio and C/N ratio, as well as the effect of the qualities of the transmission path on the operation and quality of telecommunications.",knowledge,sector-specific,released,Digital,high,DIG_f1a56786-e6d7-4b2e-a39c-23e09024d473
http://data.europa.eu/esco/skill/f22dd07b-cb0f-4b18-ba54-d922dfaa8c14,DigitalSkill,use CAD for lasts,"Be able to digitise and scan the lasts. Work with various 2D and 3D CAD systems and use the software to adopt and transform the shape of the lasts according to dimensional requirements of the customer. Making 2D templates for controlling the shape of the new last. Produce technical drawing and prepare technical specification sheets for manufacturing. Grade the last. Export the files of the virtual model to 3D printers, CAM or CNC systems.",skill/competence,sector-specific,released,Digital,high,DIG_f22dd07b-cb0f-4b18-ba54-d922dfaa8c14
http://data.europa.eu/esco/skill/f2741507-c5f7-45b6-8bcd-8d0d27650d68,DigitalSkill,explain characteristics of computer peripheral equipment,"Explain to customers the features of computers and peripheral computer equipment; inform customers on memory capacity, processing speed, data input, performance, etc.",skill/competence,sector-specific,released,Digital,high,DIG_f2741507-c5f7-45b6-8bcd-8d0d27650d68
http://data.europa.eu/esco/skill/f28617ad-afdd-4041-814c-216153a38998,DigitalSkill,analyse software specifications,"Assess the specifications of a software product or system to be developed by identifying functional and non-functional requirements, constraints and possible sets of use cases which illustrate interactions between the software and its users.",skill/competence,sector-specific,released,Digital,high,DIG_f28617ad-afdd-4041-814c-216153a38998
http://data.europa.eu/esco/skill/f2c26cd0-f823-4549-a418-f84d23131308,DigitalSkill,THC Hydra,The package THC Hydra is a parallelized login cracker which tests security weaknesses of the systems' protocols for potentially unauthorised access to system information. The main features include network logon cracker and passwords reading and printing.,knowledge,sector-specific,released,Digital,high,DIG_f2c26cd0-f823-4549-a418-f84d23131308
http://data.europa.eu/esco/skill/f2d57f41-43b4-4f5b-8100-3df5c21eda50,DigitalSkill,process data,"Enter information into a data storage and data retrieval system via processes such as scanning, manual keying or electronic data transfer in order to process large amounts of data.",skill/competence,cross-sector,released,Digital,high,DIG_f2d57f41-43b4-4f5b-8100-3df5c21eda50
http://data.europa.eu/esco/skill/f36fb0bd-21d5-4347-b484-69c735f4e700,DigitalSkill,OmniPage,"The computer program OmniPage is software that electronically converts printed and typed images into machine-encoded text so that documents can be electronically stored, edited and digitally displayed.",knowledge,sector-specific,released,Digital,high,DIG_f36fb0bd-21d5-4347-b484-69c735f4e700
http://data.europa.eu/esco/skill/f39336a8-8bf3-4a36-ac40-2f88836f5112,DigitalSkill,operate an emergency communication system,"Efficiently operate common communication systems used in emergencies, such as base station mobile transmitters and receivers, portable transmitters and receivers, repeaters, cellular phones, pagers, automated vehicle locators, and satellite phones as required.",skill/competence,cross-sector,released,Digital,high,DIG_f39336a8-8bf3-4a36-ac40-2f88836f5112
http://data.europa.eu/esco/skill/f399a9c1-be41-4117-bf86-a64b503c4cfd,DigitalSkill,supervise data entry,"Supervise the entry of information such as addresses or names in a data storage and retrieval system via manual keying, electronic data transfer or by scanning.",skill/competence,cross-sector,released,Digital,high,DIG_f399a9c1-be41-4117-bf86-a64b503c4cfd
http://data.europa.eu/esco/skill/f39ea734-faef-48a7-9544-14e691aed6ab,DigitalSkill,set up media storage ,"Set up and configure media storage and access systems and related redundancy and backup systems to ensure maximum data safety, maximum accessibility and low latency of the used media. ",skill/competence,occupation-specific,released,Digital,high,DIG_f39ea734-faef-48a7-9544-14e691aed6ab
http://data.europa.eu/esco/skill/f3d8547b-e7c4-4024-8f2d-0ccf3f522779,DigitalSkill,use aeronautical mobile service communications,"Make use of aeronautical communications devices to transmit and receive technical information to and from aircraft, in line with technical regulations and provisions.",skill/competence,occupation-specific,released,Digital,high,DIG_f3d8547b-e7c4-4024-8f2d-0ccf3f522779
http://data.europa.eu/esco/skill/f40da95c-febe-406c-96aa-2d6d9c09a0a3,DigitalSkill,convert different audiovisual formats,Use specialised software to convert data from one audio and/or video format to another.,skill/competence,cross-sector,released,Digital,high,DIG_f40da95c-febe-406c-96aa-2d6d9c09a0a3
http://data.europa.eu/esco/skill/f4229545-9cd3-4abf-ac7b-744040a7a61b,DigitalSkill,use milk control software,Efficiently use milk testing software and interpret the results correctly.,skill/competence,sector-specific,released,Digital,high,DIG_f4229545-9cd3-4abf-ac7b-744040a7a61b
http://data.europa.eu/esco/skill/f4346299-e22a-4686-8e61-2c9b0cd51c7d,DigitalSkill,apply digital security measures,Follow simple ways to protect digital devices and content.,skill/competence,transversal,released,Digital,high,DIG_f4346299-e22a-4686-8e61-2c9b0cd51c7d
http://data.europa.eu/esco/skill/f47a1998-0beb-43be-9f46-380aa4d183da,DigitalSkill,Jenkins (tools for software configuration management),"The tool Jenkins is a software program to perform configuration identification, control, status accounting and audit of software during its development and maintenance.",knowledge,sector-specific,released,Digital,high,DIG_f47a1998-0beb-43be-9f46-380aa4d183da
http://data.europa.eu/esco/skill/f4a6e9f7-5cff-46c0-894c-59c20bb78694,DigitalSkill,automation technology,"Set of technologies that make a process, system, or apparatus operate automatically through the use of control systems.",knowledge,cross-sector,released,Digital,high,DIG_f4a6e9f7-5cff-46c0-894c-59c20bb78694
http://data.europa.eu/esco/skill/f4a85869-1855-45d5-a43c-7ee8cd451996,DigitalSkill,perform ICT security testing,"Execute types of security testing, such as network penetration testing, wireless testing, code reviews, wireless and/or firewall assessments in accordance with industry-accepted methods and protocols to identify and analyse potential vulnerabilities.",skill/competence,sector-specific,released,Digital,high,DIG_f4a85869-1855-45d5-a43c-7ee8cd451996
http://data.europa.eu/esco/skill/f5750c05-7b15-4e0b-8591-f9a1bb95aaac,DigitalSkill,operate machine tools,Program and operate numerically controlled machine tools.,skill/competence,occupation-specific,released,Digital,high,DIG_f5750c05-7b15-4e0b-8591-f9a1bb95aaac
http://data.europa.eu/esco/skill/f597f772-24d3-4cec-813c-cf5a7027c794,DigitalSkill,N1QL,The computer language N1QL is a query language for retrieval of information from a database and of documents containing the needed information. It is developed by the software company Couchbase.,knowledge,sector-specific,released,Digital,high,DIG_f597f772-24d3-4cec-813c-cf5a7027c794
http://data.europa.eu/esco/skill/f5ac9226-0ace-4d34-a1c3-7b3845834a98,DigitalSkill,maintain ICT server,"Diagnose and eliminate hardware faults via repair or replacement. Take preventive measures, review performance, update software, review accessibility.",skill/competence,sector-specific,released,Digital,high,DIG_f5ac9226-0ace-4d34-a1c3-7b3845834a98
http://data.europa.eu/esco/skill/f5b33464-4df9-4cf3-b468-b0a2d6b3ee85,DigitalSkill,operate 3D computer graphics software,"Use graphical ICT tools, such as Autodesk Maya, Blender which enable digital editing, modelling, rendering and composition of graphics. These tools are based in mathematical representation of three-dimensional objects.",skill/competence,sector-specific,released,Digital,high,DIG_f5b33464-4df9-4cf3-b468-b0a2d6b3ee85
http://data.europa.eu/esco/skill/f5f9b6fe-0ff2-4c0b-887a-12702d8612ba,DigitalSkill,tend CNC engraving machine,Monitor and operate a computer numerical controlled (CNC) engraving machine according to regulations.,skill/competence,cross-sector,released,Digital,high,DIG_f5f9b6fe-0ff2-4c0b-887a-12702d8612ba
http://data.europa.eu/esco/skill/f632251a-4078-4546-b19f-7ef528d08325,DigitalSkill,use IT tools,"Application of computers, computer networks and other information technologies and equipment to storing, retrieving, transmitting and manipulating data, in the context of a business or enterprise.",skill/competence,cross-sector,released,Digital,high,DIG_f632251a-4078-4546-b19f-7ef528d08325
http://data.europa.eu/esco/skill/f6424ebb-8401-446b-9f7e-10d7c854da02,DigitalSkill,ICT network simulation,The methods and tools which enable modelling of the ICT network behaviour by calculating the data exchange among entities or capturing and reproducing characteristics from a functioning network.,knowledge,sector-specific,released,Digital,high,DIG_f6424ebb-8401-446b-9f7e-10d7c854da02
http://data.europa.eu/esco/skill/f683ae1d-cb7c-4aa1-b9fe-205e1bd23535,DigitalSkill,use microsoft office,"Use the standard programs contained in Microsoft Office. Create a document and do basic formatting, insert page breaks, create headers or footers, and insert graphics, create automatically generated tables of contents and merge form letters from a database of addresses. Create auto-calculating spreadsheets, create images, and sort and filter data tables.",skill/competence,cross-sector,released,Digital,high,DIG_f683ae1d-cb7c-4aa1-b9fe-205e1bd23535
http://data.europa.eu/esco/skill/f6868852-9bf6-4899-a5d6-5f9532fb877d,DigitalSkill,design component interfaces,Use methods and tools to design and program interfaces of software and system components.,skill/competence,occupation-specific,released,Digital,high,DIG_f6868852-9bf6-4899-a5d6-5f9532fb877d
http://data.europa.eu/esco/skill/f68cd42c-1d67-4ca7-9b37-8f024763823d,DigitalSkill,scan photos,"Scan images into computers for editing, storage, and electronic transmission.",skill/competence,sector-specific,released,Digital,high,DIG_f68cd42c-1d67-4ca7-9b37-8f024763823d
http://data.europa.eu/esco/skill/f6d294f4-db62-4fc5-a7b8-778e5071c112,DigitalSkill,carry out forum moderation,"Supervise communication activity on a web forum and other discussion platforms by assessing if the content adheres to forum regulations, enforcing rules of conduct, and ensuring the forum remains free of illegal material and conflict.",skill/competence,cross-sector,released,Digital,high,DIG_f6d294f4-db62-4fc5-a7b8-778e5071c112
http://data.europa.eu/esco/skill/f6e32a5b-bd38-4dd2-87e5-24d56152bcc6,DigitalSkill,apply through-hole technology manually,Use through-hole technology (THT) to attach the leads of larger electronic components through the corresponding holes in printed circuit boards. Apply this technique manually.,skill/competence,occupation-specific,released,Digital,high,DIG_f6e32a5b-bd38-4dd2-87e5-24d56152bcc6
http://data.europa.eu/esco/skill/f771d20c-815b-43e1-9355-b7f3f63a0b23,DigitalSkill,promote prevention of social isolation,Promote the use of ICT devices in order to prevent the care recipient to loose contact with his social environment.,skill/competence,occupation-specific,released,Digital,high,DIG_f771d20c-815b-43e1-9355-b7f3f63a0b23
http://data.europa.eu/esco/skill/f7e051fc-8f7b-45b3-8911-8ffb9b951f4a,DigitalSkill,blockchain consensus mechanisms,The different mechanisms and their characteristics that ensure a transaction is propagated correctly in the distributed ledger.,knowledge,sector-specific,released,Digital,high,DIG_f7e051fc-8f7b-45b3-8911-8ffb9b951f4a
http://data.europa.eu/esco/skill/f7e2eb04-3e50-4561-bce1-7e51a1fec308,DigitalSkill,define software architecture,"Create and document the structure of software products including components, coupling and interfaces. Ensure feasibility, functionality and compatibility with existing platforms.",skill/competence,sector-specific,released,Digital,high,DIG_f7e2eb04-3e50-4561-bce1-7e51a1fec308
http://data.europa.eu/esco/skill/f84a433f-34f1-4083-b0a3-24802623509c,DigitalSkill,web services,XML-based information systems that allows for direct interactions between applications through Internet. It is a set of protocols for transferring data between applications and systems.,knowledge,sector-specific,released,Digital,high,DIG_f84a433f-34f1-4083-b0a3-24802623509c
http://data.europa.eu/esco/skill/f88002a8-6355-4d33-9496-285c166ff375,DigitalSkill,ICT power consumption,The energy consumption and types of models of software as well as hardware elements.,knowledge,sector-specific,released,Digital,high,DIG_f88002a8-6355-4d33-9496-285c166ff375
http://data.europa.eu/esco/skill/f8e3425c-fe44-4ffb-bafe-0e20d91dadf4,DigitalSkill,SAP Data Services,"The computer program SAP Data Services is a tool for integration of information from multiple applications, created and maintained by organisations, into one consistent and transparent data structure, developed by the software company SAP.",knowledge,sector-specific,released,Digital,high,DIG_f8e3425c-fe44-4ffb-bafe-0e20d91dadf4
http://data.europa.eu/esco/skill/f8e7c608-a92d-4b61-b84f-e2453b0aa4a4,DigitalSkill,follow up online user requests,Take feedback from online visitors and take actions that address their requests according to their specific needs.,skill/competence,cross-sector,released,Digital,high,DIG_f8e7c608-a92d-4b61-b84f-e2453b0aa4a4
http://data.europa.eu/esco/skill/f8f1f725-0105-41fa-9887-4df9e7a7af1e,DigitalSkill,manage email hosting service,"Oversee the day-to-day running of a private email platform by maintaining and refining provided services, such as spam and virus protection, blocking advertisement, website redesigns and search engine optimisation.",skill/competence,sector-specific,released,Digital,high,DIG_f8f1f725-0105-41fa-9887-4df9e7a7af1e
http://data.europa.eu/esco/skill/f9670490-8aa4-4540-b121-d440a8294aab,DigitalSkill,develop data processing applications,Create a customised software for processing data by selecting and using the appropriate computer programming language in order for an ICT system to produce demanded output based on expected input.,skill/competence,occupation-specific,released,Digital,high,DIG_f9670490-8aa4-4540-b121-d440a8294aab
http://data.europa.eu/esco/skill/f96f5aa5-6ed7-40dc-a431-68b0a09d6d4b,DigitalSkill,design automation components,"Design engineering parts, assemblies, products, or systems that contribute to the automation of industrial machines.",skill/competence,cross-sector,released,Digital,high,DIG_f96f5aa5-6ed7-40dc-a431-68b0a09d6d4b
http://data.europa.eu/esco/skill/f9a6f35b-01a7-40c9-8b61-b6ee46f97272,DigitalSkill,operating systems,"The features, restrictions, architectures and other characteristics of operating systems such Linux, Windows, MacOS, etc.",knowledge,sector-specific,released,Digital,high,DIG_f9a6f35b-01a7-40c9-8b61-b6ee46f97272
http://data.europa.eu/esco/skill/f9da1ca4-40f4-483a-92e6-0a0c6d078638,DigitalSkill,use fleet management system,"Use a fleet management software to coordinate and organise the company vehicles from a central point. The software includes several functions such as driver management, vehicle maintenance, vehicle tracking and diagnostics, vehicle financing, speed management, fuel and fitness management, and safety management. ",skill/competence,occupation-specific,released,Digital,high,DIG_f9da1ca4-40f4-483a-92e6-0a0c6d078638
http://data.europa.eu/esco/skill/f9e788df-d68a-4f92-92c7-80e135fc35ff,DigitalSkill,ICT networking hardware,"The ICT network equipment or computer networking devices, such as UPS systems, electrical systems, networking facilities and structured cabling systems.",knowledge,cross-sector,released,Digital,high,DIG_f9e788df-d68a-4f92-92c7-80e135fc35ff
http://data.europa.eu/esco/skill/fa3e5cec-703e-4d46-b3bb-e8a89540ab54,DigitalSkill,manage digital archives,"Create and maintain computer archives and databases, incorporating latest developments in electronic information storage technology.",skill/competence,sector-specific,released,Digital,high,DIG_fa3e5cec-703e-4d46-b3bb-e8a89540ab54
http://data.europa.eu/esco/skill/fae27053-8924-4bfd-b565-c9fe502044c9,DigitalSkill,system design,"The process of defining the architecture for different components and modules of a system, as well as the relevant data, for satisfying specific requirements.",knowledge,sector-specific,released,Digital,high,DIG_fae27053-8924-4bfd-b565-c9fe502044c9
http://data.europa.eu/esco/skill/fae7e545-5114-43cc-8e83-178e2549ecb9,DigitalSkill,building information modelling,"A software platform for integrated design, modelling, planning, and collaboration, which provides a digital representation of a building's characteristics in its whole lifecycle.",knowledge,sector-specific,released,Digital,high,DIG_fae7e545-5114-43cc-8e83-178e2549ecb9
http://data.europa.eu/esco/skill/fafe0b9d-dbd9-46bd-b770-26299539ce66,DigitalSkill,ICT process quality models,"The quality models for ICT services which address the maturity of the processes, the adoption of recommended practices and their definition and institutionalisation that allow the organisation to reliably and sustainably produce required outcomes. It includes models in a lot of ICT areas.",knowledge,sector-specific,released,Digital,high,DIG_fafe0b9d-dbd9-46bd-b770-26299539ce66
http://data.europa.eu/esco/skill/fb601189-afa9-4a7b-8430-21a906483072,DigitalSkill,field-programmable gate arrays,"The integrated circuits that can be repurposed to desired application or functionality requirements after their manufacturing, which allow users to tailor microcontrollers to meet their own individual needs.",knowledge,occupation-specific,released,Digital,high,DIG_fb601189-afa9-4a7b-8430-21a906483072
http://data.europa.eu/esco/skill/fb7aee4d-f6c6-4a87-8e9d-8e542b3771f8,DigitalSkill,software metrics,The metrics that measure a characteristic of the software system in order to determine the development of the software and evaluate it.,knowledge,sector-specific,released,Digital,high,DIG_fb7aee4d-f6c6-4a87-8e9d-8e542b3771f8
http://data.europa.eu/esco/skill/fb82ae25-b59f-43fd-aacf-a8308afbe85e,DigitalSkill,health informatics,"Multidisciplinary field of computer science, information science, and social science that uses health information technology (HIT) to improve healthcare.",knowledge,cross-sector,released,Digital,high,DIG_fb82ae25-b59f-43fd-aacf-a8308afbe85e
http://data.europa.eu/esco/skill/fbafa41f-cd05-4109-a649-8b44d306d779,DigitalSkill,create data models,"Use specific techniques and methodologies to analyse the data requirements of an organisation's business processes in order to create models for these data, such as conceptual, logical and physical models. These models have a specific structure and format.",skill/competence,sector-specific,released,Digital,high,DIG_fbafa41f-cd05-4109-a649-8b44d306d779
http://data.europa.eu/esco/skill/fbbcb9ab-4b95-4e57-a756-30d08b7da7a5,DigitalSkill,maintain ICT system,Select and apply system and network monitoring techniques. Identify and fix operational problems. Ensure that system's capabilities and efficiency match company specifications.,skill/competence,sector-specific,released,Digital,high,DIG_fbbcb9ab-4b95-4e57-a756-30d08b7da7a5
http://data.europa.eu/esco/skill/fc1fa8eb-a7fd-481c-b3b3-5fc45b3d1e97,DigitalSkill,evaluate translation technologies,Use technologies for translation and provide observations on their use for defined purposes.,skill/competence,sector-specific,released,Digital,high,DIG_fc1fa8eb-a7fd-481c-b3b3-5fc45b3d1e97
http://data.europa.eu/esco/skill/fc2f1d4f-a46f-471e-a618-cbd4d0496a53,DigitalSkill,implement ICT recovery system,"Create, manage and implement ICT system recovery plan in case of crisis in order to retrieve information and reacquire use of the system.",skill/competence,sector-specific,released,Digital,high,DIG_fc2f1d4f-a46f-471e-a618-cbd4d0496a53
http://data.europa.eu/esco/skill/fc461d64-ef74-43d5-8fc1-e1d1943e5bc5,DigitalSkill,tune up wireless audio systems,Tune up a wireless audio system in a live situation.,skill/competence,sector-specific,released,Digital,high,DIG_fc461d64-ef74-43d5-8fc1-e1d1943e5bc5
http://data.europa.eu/esco/skill/fc5818b4-66f9-498b-a1bc-ff651db2af68,DigitalSkill,cybernetics,"The science, mechanisms and components of cybernetics. The type of systems theory focused on the control of regulatory feedback across both living and non-living systems.",knowledge,sector-specific,released,Digital,high,DIG_fc5818b4-66f9-498b-a1bc-ff651db2af68
http://data.europa.eu/esco/skill/fc6cddab-c9ce-4ce6-83ac-32b6854dd6da,DigitalSkill,install electronic communication devices on trains,"Install, adjust, and test electronic communication equipment, which includes sound, security, navigation, and surveillance systems.",skill/competence,cross-sector,released,Digital,high,DIG_fc6cddab-c9ce-4ce6-83ac-32b6854dd6da
http://data.europa.eu/esco/skill/fc72d86f-7e69-4bf8-b407-23303a798a0b,DigitalSkill,control panel components,"The elements present in control panels, such as wires, circuit breakers, DIN rails, switches, programmable logic controllers (PLC), contactors, and transformers.",knowledge,sector-specific,released,Digital,high,DIG_fc72d86f-7e69-4bf8-b407-23303a798a0b
http://data.europa.eu/esco/skill/fc94266b-322d-4f1d-87a0-03f999e72344,DigitalSkill,blockchain mining principles,"Essential blockchain and cryptocurrency mining types and principles include ASIC mining, GPU mining, CPU mining, Cloud mining, and Mining pools.",knowledge,sector-specific,released,Digital,high,DIG_fc94266b-322d-4f1d-87a0-03f999e72344
http://data.europa.eu/esco/skill/fcb5e5c1-69b4-46d7-b9e6-328a5381dd89,DigitalSkill,use special hearing equipment for tests,Use audiometers and computers to determine the degree of a patient`s hearing disorder and find other factors relating to the problem.,skill/competence,cross-sector,released,Digital,high,DIG_fcb5e5c1-69b4-46d7-b9e6-328a5381dd89
http://data.europa.eu/esco/skill/fcbb3a90-cdde-49ff-9ecc-8e2c0a6dfca2,DigitalSkill,collect cyber defence data,"Collect data for cyber defence using various data collection tools. Data may be gathered from a number of internal or external sources such as online trade records, DNS request logs, email servers' logs, digital communications packet capturing, deep web resources, etc.",skill/competence,sector-specific,released,Digital,high,DIG_fcbb3a90-cdde-49ff-9ecc-8e2c0a6dfca2
http://data.europa.eu/esco/skill/fd33c66c-70c4-40e6-b87c-5495bd3bf26e,DigitalSkill,design user interface,"Create software or device components which enable interaction between humans and systems or machines, using appropriate techniques, languages and tools so as to streamline interaction while using the system or machine.",skill/competence,sector-specific,released,Digital,high,DIG_fd33c66c-70c4-40e6-b87c-5495bd3bf26e
http://data.europa.eu/esco/skill/fd6d2981-3d4a-4ce2-9741-cfc98c5b74bd,DigitalSkill,implement data warehousing techniques,"Apply models and tools such as online analytical processing (OLAP) and Online transaction processing (OLTP), to integrate structured or unstructured data from sources, in order to create a central depository of historical and current data.",skill/competence,sector-specific,released,Digital,high,DIG_fd6d2981-3d4a-4ce2-9741-cfc98c5b74bd
http://data.europa.eu/esco/skill/fda917eb-0d6a-4371-8c93-2a10bf950966,DigitalSkill,manage ICT semantic integration,"Oversee integration of public or internal databases and other data, by using semantic technologies to produce structured semantic output.",skill/competence,sector-specific,released,Digital,high,DIG_fda917eb-0d6a-4371-8c93-2a10bf950966
http://data.europa.eu/esco/skill/fdc388ba-c8f4-4455-a55f-ffdf29b05f5f,DigitalSkill,use agricultural information systems and databases,"Use relevant information systems and databases to plan, manage and operate agricultural enterprise and production.",skill/competence,sector-specific,released,Digital,high,DIG_fdc388ba-c8f4-4455-a55f-ffdf29b05f5f
http://data.europa.eu/esco/skill/fdf15b35-9028-4acb-bfd2-43f00a015cd9,DigitalSkill,use personal organization software,"Use software tools, such as calendars, to-do lists, time-tracking, contact lists, to help in managing personal efficiency.",skill/competence,cross-sector,released,Digital,high,DIG_fdf15b35-9028-4acb-bfd2-43f00a015cd9
http://data.europa.eu/esco/skill/fdfa3dcb-b8f0-454f-a659-64c66dc6b6a2,DigitalSkill,fibre optics,"The technology which utilises optical fibre, such as plastic or glass threads, to transmit data. Optical fibres are able to transmit light between the two ends of the fibre and may transfer images and messages modulated onto light waves. Fibre optic cables have increased in popularity because of their possibility to transfer data over long distances at higher bandwidths and with lesser amounts of interference than metal cables.",knowledge,cross-sector,released,Digital,high,DIG_fdfa3dcb-b8f0-454f-a659-64c66dc6b6a2
http://data.europa.eu/esco/skill/fe1c2b32-7fe9-4668-affa-07ff658a68cf,DigitalSkill,identify ICT security risks,"Apply methods and techniques to identify potential security threats, security breaches and risk factors using ICT tools for surveying ICT systems, analysing risks, vulnerabilities and threats and evaluating contingency plans.",skill/competence,sector-specific,released,Digital,high,DIG_fe1c2b32-7fe9-4668-affa-07ff658a68cf
http://data.europa.eu/esco/skill/fe4a9fb8-2963-4b23-8a18-e033197304f2,DigitalSkill,design sensors,"Design and develop different types of sensors according to specifications, such as vibration sensors, heat sensors, optical sensors, humidity sensors, and electric current sensors.",skill/competence,sector-specific,released,Digital,high,DIG_fe4a9fb8-2963-4b23-8a18-e033197304f2
http://data.europa.eu/esco/skill/feb717ff-fba6-4a91-aa10-ee11cf2da6b4,DigitalSkill,design electronic systems,"Draft sketches and design electronic systems, products, and components using Computer Aided Design (CAD) software and equipment. Make a simulation so that an assessment can be made of the viability of the product and so the physical parameters can be examined before the actual building of the product.",skill/competence,cross-sector,released,Digital,high,DIG_feb717ff-fba6-4a91-aa10-ee11cf2da6b4
http://data.europa.eu/esco/skill/febcc41e-bf0c-4733-a498-c2881c86ce88,DigitalSkill,set up broadcast equipment,"Set up and calibrate broadcast equipment to produce, switch, receive, record, edit, and reproduce television and radio signals.",skill/competence,occupation-specific,released,Digital,high,DIG_febcc41e-bf0c-4733-a498-c2881c86ce88
http://data.europa.eu/esco/skill/fecf8a0d-62c4-4e71-9b03-0f4fc2ad7bf5,DigitalSkill,data models,"The techniques and existing systems used for structuring data elements and showing relationships between them, as well as methods for interpreting the data structures and relationships.",knowledge,sector-specific,released,Digital,high,DIG_fecf8a0d-62c4-4e71-9b03-0f4fc2ad7bf5
http://data.europa.eu/esco/skill/fef18610-c8ca-431b-9ca8-d3d0cdffde72,DigitalSkill,use internet chat,"Chat online using dedicated chat websites, messenger applications or social media websites.",skill/competence,sector-specific,released,Digital,high,DIG_fef18610-c8ca-431b-9ca8-d3d0cdffde72
http://data.europa.eu/esco/skill/ff25cbf0-6978-4c4c-887e-d4b185410d74,DigitalSkill,perform software recovery testing,Execute testing using specialised software tools to force failure of software in a variety of ways and checking how fast and better the software can recover against any type of crash or failure.,skill/competence,sector-specific,released,Digital,high,DIG_ff25cbf0-6978-4c4c-887e-d4b185410d74
http://data.europa.eu/esco/skill/ff6904ef-36e7-4890-8fb1-8353b299f047,DigitalSkill,microchip scanners,"The different types of scanners available, their limitations, and how to prepare, use and maintain them; the environmental constraints of using a scanner, including what external factors can affect the reading of a microchip, e.g. metal collars, proximity to computer screens etc.",knowledge,occupation-specific,released,Digital,high,DIG_ff6904ef-36e7-4890-8fb1-8353b299f047
http://data.europa.eu/esco/skill/ffa1d58b-ba09-49bd-a982-e743b2237006,DigitalSkill,perform energy simulations,"Replicate the building's energy performance by running computer based, mathematical models.",skill/competence,sector-specific,released,Digital,high,DIG_ffa1d58b-ba09-49bd-a982-e743b2237006
http://data.europa.eu/esco/skill/ffc1e455-ced2-4e67-bdb3-1c50f9683859,DigitalSkill,Capture One,The computer program Capture One is a graphical ICT tool which enables digital editing and composition of graphics to generate both 2D raster or 2D vector graphics.,knowledge,sector-specific,released,Digital,high,DIG_ffc1e455-ced2-4e67-bdb3-1c50f9683859
http://data.europa.eu/esco/skill/ffdd5e53-7191-4043-ae0e-eea1bb077080,DigitalSkill,model sensor,"Model and simulate sensors, products using sensors, and sensor components using technical design software. This way the viability of the product can be assessed and the physical parameters can be examined before the actual building of the product.",skill/competence,sector-specific,released,Digital,high,DIG_ffdd5e53-7191-4043-ae0e-eea1bb077080
http://data.europa.eu/esco/skill/ffddfc7c-a9dd-449f-9e96-882dc447c8b6,DigitalSkill,Scala,"The techniques and principles of software development, such as analysis, algorithms, coding, testing and compiling of programming paradigms in Scala.",knowledge,sector-specific,released,Digital,high,DIG_ffddfc7c-a9dd-449f-9e96-882dc447c8b6
http://data.europa.eu/esco/skill/fff0e2cd-d0bd-4b02-9daf-158b79d9688a,DigitalSkill,natural language processing,The technologies which enable ICT devices to understand and interact with users through human language.,knowledge,sector-specific,released,Digital,high,DIG_fff0e2cd-d0bd-4b02-9daf-158b79d9688a
