:START_ID,:END_ID,:TYPE,collection,coverageLevel,isActiveInNetwork
http://data.europa.eu/esco/skill/000f1d3d-220f-4789-9c0a-cc742521fb02,http://data.europa.eu/esco/skill/000f1d3d-220f-4789-9c0a-cc742521fb02,IN_COLLECTION,Digital,high,True
http://data.europa.eu/esco/skill/00c04e40-35ea-4ed1-824c-82f936c8f876,http://data.europa.eu/esco/skill/00c04e40-35ea-4ed1-824c-82f936c8f876,IN_COLLECTION,Digital,high,True
http://data.europa.eu/esco/skill/013441c1-1f13-47e9-80c4-9a53e8e1bc05,http://data.europa.eu/esco/skill/013441c1-1f13-47e9-80c4-9a53e8e1bc05,IN_COLLECTION,Digital,high,True
http://data.europa.eu/esco/skill/0189f448-179e-47cc-9716-c5c3ac4b1aec,http://data.europa.eu/esco/skill/0189f448-179e-47cc-9716-c5c3ac4b1aec,IN_COLLECTION,Digital,high,True
http://data.europa.eu/esco/skill/01d269d9-b058-4d6c-82a0-3779af9a124b,http://data.europa.eu/esco/skill/01d269d9-b058-4d6c-82a0-3779af9a124b,IN_COLLECTION,Digital,high,True
http://data.europa.eu/esco/skill/02058de6-4b98-449f-8a45-8588b0eb2446,http://data.europa.eu/esco/skill/02058de6-4b98-449f-8a45-8588b0eb2446,IN_COLLECTION,Digital,high,True
http://data.europa.eu/esco/skill/020918ef-4b55-47c1-8430-ab7b8f6a7377,http://data.europa.eu/esco/skill/020918ef-4b55-47c1-8430-ab7b8f6a7377,IN_COLLECTION,Digital,high,True
http://data.europa.eu/esco/skill/022dc430-872a-473a-9cf4-fed4895e58ad,http://data.europa.eu/esco/skill/022dc430-872a-473a-9cf4-fed4895e58ad,IN_COLLECTION,Digital,high,True
http://data.europa.eu/esco/skill/024037ca-96a9-4cb8-ba86-2cd5a209c90a,http://data.europa.eu/esco/skill/024037ca-96a9-4cb8-ba86-2cd5a209c90a,IN_COLLECTION,Digital,high,True
http://data.europa.eu/esco/skill/0256f6b0-f4a9-4c5e-9cfd-96d58a2a70fe,http://data.europa.eu/esco/skill/0256f6b0-f4a9-4c5e-9cfd-96d58a2a70fe,IN_COLLECTION,Digital,high,True
http://data.europa.eu/esco/skill/034c29fa-c3ba-45ea-b8f3-bf8e3705e386,http://data.europa.eu/esco/skill/034c29fa-c3ba-45ea-b8f3-bf8e3705e386,IN_COLLECTION,Digital,high,True
http://data.europa.eu/esco/skill/03a74eee-2dc6-4147-8667-5cdeb65f122d,http://data.europa.eu/esco/skill/03a74eee-2dc6-4147-8667-5cdeb65f122d,IN_COLLECTION,Digital,high,True
http://data.europa.eu/esco/skill/03ff0d53-573a-47a0-a0ad-1995815a4339,http://data.europa.eu/esco/skill/03ff0d53-573a-47a0-a0ad-1995815a4339,IN_COLLECTION,Digital,high,True
http://data.europa.eu/esco/skill/04473991-161d-46db-8684-0d5ed6cb6c66,http://data.europa.eu/esco/skill/04473991-161d-46db-8684-0d5ed6cb6c66,IN_COLLECTION,Digital,high,True
http://data.europa.eu/esco/skill/0458f6a0-cb54-4ff5-a543-b2c5354e17c0,http://data.europa.eu/esco/skill/0458f6a0-cb54-4ff5-a543-b2c5354e17c0,IN_COLLECTION,Digital,high,True
http://data.europa.eu/esco/skill/04cf164c-d07d-49cf-a1b3-84bdbd79b5cb,http://data.europa.eu/esco/skill/04cf164c-d07d-49cf-a1b3-84bdbd79b5cb,IN_COLLECTION,Digital,high,True
http://data.europa.eu/esco/skill/04f1b938-d4d4-4cb1-a863-982af76b9d93,http://data.europa.eu/esco/skill/04f1b938-d4d4-4cb1-a863-982af76b9d93,IN_COLLECTION,Digital,high,True
http://data.europa.eu/esco/skill/04fe962b-4017-4eb7-9139-7d69b6922bc9,http://data.europa.eu/esco/skill/04fe962b-4017-4eb7-9139-7d69b6922bc9,IN_COLLECTION,Digital,high,True
http://data.europa.eu/esco/skill/05010f6c-0b40-4525-ac4a-057d46a2b6f4,http://data.europa.eu/esco/skill/05010f6c-0b40-4525-ac4a-057d46a2b6f4,IN_COLLECTION,Digital,high,True
http://data.europa.eu/esco/skill/054f26ab-cfdc-4077-883c-1c4c9e9b310a,http://data.europa.eu/esco/skill/054f26ab-cfdc-4077-883c-1c4c9e9b310a,IN_COLLECTION,Digital,high,True
http://data.europa.eu/esco/skill/055ff233-6569-43db-9f95-a4b03dca97da,http://data.europa.eu/esco/skill/055ff233-6569-43db-9f95-a4b03dca97da,IN_COLLECTION,Digital,high,True
http://data.europa.eu/esco/skill/05b70efb-6b80-4f04-9a25-67cd317daf37,http://data.europa.eu/esco/skill/05b70efb-6b80-4f04-9a25-67cd317daf37,IN_COLLECTION,Digital,high,True
http://data.europa.eu/esco/skill/061f1c12-9811-46f7-ab3e-1d28367d6c73,http://data.europa.eu/esco/skill/061f1c12-9811-46f7-ab3e-1d28367d6c73,IN_COLLECTION,Digital,high,True
http://data.europa.eu/esco/skill/0620ecd1-e4b1-4dfa-972b-38a93e5ebd9d,http://data.europa.eu/esco/skill/0620ecd1-e4b1-4dfa-972b-38a93e5ebd9d,IN_COLLECTION,Digital,high,True
http://data.europa.eu/esco/skill/062320e5-79d1-45e8-8b7e-5deeb53279a2,http://data.europa.eu/esco/skill/062320e5-79d1-45e8-8b7e-5deeb53279a2,IN_COLLECTION,Digital,high,True
http://data.europa.eu/esco/skill/06358891-8424-43c5-891e-d40f226bef40,http://data.europa.eu/esco/skill/06358891-8424-43c5-891e-d40f226bef40,IN_COLLECTION,Digital,high,True
http://data.europa.eu/esco/skill/06f33d6a-f7a7-4a2b-baa5-8c3c53bd1a9c,http://data.europa.eu/esco/skill/06f33d6a-f7a7-4a2b-baa5-8c3c53bd1a9c,IN_COLLECTION,Digital,high,True
http://data.europa.eu/esco/skill/071233c4-ad2b-4f50-b79f-768d2231163e,http://data.europa.eu/esco/skill/071233c4-ad2b-4f50-b79f-768d2231163e,IN_COLLECTION,Digital,high,True
http://data.europa.eu/esco/skill/071a4197-06b3-4226-b9a1-efd15913280a,http://data.europa.eu/esco/skill/071a4197-06b3-4226-b9a1-efd15913280a,IN_COLLECTION,Digital,high,True
http://data.europa.eu/esco/skill/0737ad0a-75ac-4696-988b-565820577ac0,http://data.europa.eu/esco/skill/0737ad0a-75ac-4696-988b-565820577ac0,IN_COLLECTION,Digital,high,True
http://data.europa.eu/esco/skill/0764b28d-04ee-4e80-bf58-b737f02a63e0,http://data.europa.eu/esco/skill/0764b28d-04ee-4e80-bf58-b737f02a63e0,IN_COLLECTION,Digital,high,True
http://data.europa.eu/esco/skill/07884056-a07a-40b7-bba3-1ceed61f529c,http://data.europa.eu/esco/skill/07884056-a07a-40b7-bba3-1ceed61f529c,IN_COLLECTION,Digital,high,True
http://data.europa.eu/esco/skill/07889c08-7220-47c8-96f7-6068fbea00dc,http://data.europa.eu/esco/skill/07889c08-7220-47c8-96f7-6068fbea00dc,IN_COLLECTION,Digital,high,True
http://data.europa.eu/esco/skill/07dd856d-6141-48a7-a228-918f88494812,http://data.europa.eu/esco/skill/07dd856d-6141-48a7-a228-918f88494812,IN_COLLECTION,Digital,high,True
http://data.europa.eu/esco/skill/07e47d58-dd0e-4302-9e68-70a188e89065,http://data.europa.eu/esco/skill/07e47d58-dd0e-4302-9e68-70a188e89065,IN_COLLECTION,Digital,high,True
http://data.europa.eu/esco/skill/07e51c60-763a-4335-b4ec-70a15f66d328,http://data.europa.eu/esco/skill/07e51c60-763a-4335-b4ec-70a15f66d328,IN_COLLECTION,Digital,high,True
http://data.europa.eu/esco/skill/07e6bc9f-9c98-44ae-a7a3-5266caa393e1,http://data.europa.eu/esco/skill/07e6bc9f-9c98-44ae-a7a3-5266caa393e1,IN_COLLECTION,Digital,high,True
http://data.europa.eu/esco/skill/07ebc888-0f3f-46e7-99d2-a7c7ebd7ffe3,http://data.europa.eu/esco/skill/07ebc888-0f3f-46e7-99d2-a7c7ebd7ffe3,IN_COLLECTION,Digital,high,True
http://data.europa.eu/esco/skill/08236fee-c405-4f30-8858-f10d7d5c94b7,http://data.europa.eu/esco/skill/08236fee-c405-4f30-8858-f10d7d5c94b7,IN_COLLECTION,Digital,high,True
http://data.europa.eu/esco/skill/0823ccef-813f-4f22-afef-ac0d68615e8f,http://data.europa.eu/esco/skill/0823ccef-813f-4f22-afef-ac0d68615e8f,IN_COLLECTION,Digital,high,True
http://data.europa.eu/esco/skill/085bfce5-70fe-43da-9499-307725e89bbc,http://data.europa.eu/esco/skill/085bfce5-70fe-43da-9499-307725e89bbc,IN_COLLECTION,Digital,high,True
http://data.europa.eu/esco/skill/0868eef3-2213-4572-9343-74931345a7d3,http://data.europa.eu/esco/skill/0868eef3-2213-4572-9343-74931345a7d3,IN_COLLECTION,Digital,high,True
http://data.europa.eu/esco/skill/08a3dcea-12de-447b-a3a5-aa657abc5e97,http://data.europa.eu/esco/skill/08a3dcea-12de-447b-a3a5-aa657abc5e97,IN_COLLECTION,Digital,high,True
http://data.europa.eu/esco/skill/08b04e53-ed25-41a2-9f90-0b9cd939ba3d,http://data.europa.eu/esco/skill/08b04e53-ed25-41a2-9f90-0b9cd939ba3d,IN_COLLECTION,Digital,high,True
http://data.europa.eu/esco/skill/094ef6aa-844f-44ce-8456-fdc49276bf58,http://data.europa.eu/esco/skill/094ef6aa-844f-44ce-8456-fdc49276bf58,IN_COLLECTION,Digital,high,True
http://data.europa.eu/esco/skill/09cf2c34-6f93-4a19-a9f1-c0d866414bcc,http://data.europa.eu/esco/skill/09cf2c34-6f93-4a19-a9f1-c0d866414bcc,IN_COLLECTION,Digital,high,True
http://data.europa.eu/esco/skill/09f2f811-a3fb-4de3-a70f-6420a6935575,http://data.europa.eu/esco/skill/09f2f811-a3fb-4de3-a70f-6420a6935575,IN_COLLECTION,Digital,high,True
http://data.europa.eu/esco/skill/09f4c52b-ac72-4f0e-a8ae-78bb1d7bffba,http://data.europa.eu/esco/skill/09f4c52b-ac72-4f0e-a8ae-78bb1d7bffba,IN_COLLECTION,Digital,high,True
http://data.europa.eu/esco/skill/0a0532c2-ee60-4410-8e07-70e4d69370ec,http://data.europa.eu/esco/skill/0a0532c2-ee60-4410-8e07-70e4d69370ec,IN_COLLECTION,Digital,high,True
http://data.europa.eu/esco/skill/0a099c81-6a0c-4f00-bb3b-990d23ec03a5,http://data.europa.eu/esco/skill/0a099c81-6a0c-4f00-bb3b-990d23ec03a5,IN_COLLECTION,Digital,high,True
http://data.europa.eu/esco/skill/0a30e5a8-60a8-4fda-9f89-8e9cee38da5a,http://data.europa.eu/esco/skill/0a30e5a8-60a8-4fda-9f89-8e9cee38da5a,IN_COLLECTION,Digital,high,True
http://data.europa.eu/esco/skill/0a52bed5-fd29-45fb-aba6-e32bccfda1c1,http://data.europa.eu/esco/skill/0a52bed5-fd29-45fb-aba6-e32bccfda1c1,IN_COLLECTION,Digital,high,True
http://data.europa.eu/esco/skill/0a776a56-6ec1-4790-84b3-46d0be706806,http://data.europa.eu/esco/skill/0a776a56-6ec1-4790-84b3-46d0be706806,IN_COLLECTION,Digital,high,True
http://data.europa.eu/esco/skill/0a856d55-23b5-4bdc-ad24-3eb5bc83d81f,http://data.europa.eu/esco/skill/0a856d55-23b5-4bdc-ad24-3eb5bc83d81f,IN_COLLECTION,Digital,high,True
http://data.europa.eu/esco/skill/0a9acb6b-1139-4be9-b431-3a80a959f2f4,http://data.europa.eu/esco/skill/0a9acb6b-1139-4be9-b431-3a80a959f2f4,IN_COLLECTION,Digital,high,True
http://data.europa.eu/esco/skill/0aabcae7-71de-456e-8e38-d9e40a4e0272,http://data.europa.eu/esco/skill/0aabcae7-71de-456e-8e38-d9e40a4e0272,IN_COLLECTION,Digital,high,True
http://data.europa.eu/esco/skill/0ab03c6c-281b-48f4-83e0-10eeb27a1bae,http://data.europa.eu/esco/skill/0ab03c6c-281b-48f4-83e0-10eeb27a1bae,IN_COLLECTION,Digital,high,True
http://data.europa.eu/esco/skill/0af062de-eb43-41e9-9b96-249e2cd22d26,http://data.europa.eu/esco/skill/0af062de-eb43-41e9-9b96-249e2cd22d26,IN_COLLECTION,Digital,high,True
http://data.europa.eu/esco/skill/0b0335f3-0aa1-491e-895e-81fc8774a300,http://data.europa.eu/esco/skill/0b0335f3-0aa1-491e-895e-81fc8774a300,IN_COLLECTION,Digital,high,True
http://data.europa.eu/esco/skill/0b449eb1-d082-4e62-95d7-5cf59bdf2097,http://data.europa.eu/esco/skill/0b449eb1-d082-4e62-95d7-5cf59bdf2097,IN_COLLECTION,Digital,high,True
http://data.europa.eu/esco/skill/0ba0717c-3a7a-45a3-834c-59c554e56c72,http://data.europa.eu/esco/skill/0ba0717c-3a7a-45a3-834c-59c554e56c72,IN_COLLECTION,Digital,high,True
http://data.europa.eu/esco/skill/0c66036a-3bdd-4955-8343-985f4697af64,http://data.europa.eu/esco/skill/0c66036a-3bdd-4955-8343-985f4697af64,IN_COLLECTION,Digital,high,True
http://data.europa.eu/esco/skill/0c9f20cb-32fb-4ff7-877e-508762791151,http://data.europa.eu/esco/skill/0c9f20cb-32fb-4ff7-877e-508762791151,IN_COLLECTION,Digital,high,True
http://data.europa.eu/esco/skill/0cc02ab5-da14-4fd4-963d-192fe71d3225,http://data.europa.eu/esco/skill/0cc02ab5-da14-4fd4-963d-192fe71d3225,IN_COLLECTION,Digital,high,True
http://data.europa.eu/esco/skill/0ccdfe98-f845-4598-84a1-3dca66e9d9a3,http://data.europa.eu/esco/skill/0ccdfe98-f845-4598-84a1-3dca66e9d9a3,IN_COLLECTION,Digital,high,True
http://data.europa.eu/esco/skill/0cd6dcf1-5778-42a5-b685-4d01ae4a4871,http://data.europa.eu/esco/skill/0cd6dcf1-5778-42a5-b685-4d01ae4a4871,IN_COLLECTION,Digital,high,True
http://data.europa.eu/esco/skill/0ce96a86-7a28-4c44-9e59-591375310894,http://data.europa.eu/esco/skill/0ce96a86-7a28-4c44-9e59-591375310894,IN_COLLECTION,Digital,high,True
http://data.europa.eu/esco/skill/0ced619a-0f59-4802-88ea-e97bf1b57f95,http://data.europa.eu/esco/skill/0ced619a-0f59-4802-88ea-e97bf1b57f95,IN_COLLECTION,Digital,high,True
http://data.europa.eu/esco/skill/0d168770-4d9c-4096-b048-a6577818d306,http://data.europa.eu/esco/skill/0d168770-4d9c-4096-b048-a6577818d306,IN_COLLECTION,Digital,high,True
http://data.europa.eu/esco/skill/0d6714c6-720e-4985-9791-5ab85d28da79,http://data.europa.eu/esco/skill/0d6714c6-720e-4985-9791-5ab85d28da79,IN_COLLECTION,Digital,high,True
http://data.europa.eu/esco/skill/0d7f2cce-245a-4d02-9b8d-2e9946cc4c5d,http://data.europa.eu/esco/skill/0d7f2cce-245a-4d02-9b8d-2e9946cc4c5d,IN_COLLECTION,Digital,high,True
http://data.europa.eu/esco/skill/0da6cab1-0ee9-4391-a299-f71fbf21db56,http://data.europa.eu/esco/skill/0da6cab1-0ee9-4391-a299-f71fbf21db56,IN_COLLECTION,Digital,high,True
http://data.europa.eu/esco/skill/0daaf096-1639-461c-bf1a-bbeea77e6b67,http://data.europa.eu/esco/skill/0daaf096-1639-461c-bf1a-bbeea77e6b67,IN_COLLECTION,Digital,high,True
http://data.europa.eu/esco/skill/0dc7aa1b-b5af-4f4b-81ce-ee22ed8b6926,http://data.europa.eu/esco/skill/0dc7aa1b-b5af-4f4b-81ce-ee22ed8b6926,IN_COLLECTION,Digital,high,True
http://data.europa.eu/esco/skill/0dcbf7c5-bedf-4485-b16b-23df54443864,http://data.europa.eu/esco/skill/0dcbf7c5-bedf-4485-b16b-23df54443864,IN_COLLECTION,Digital,high,True
http://data.europa.eu/esco/skill/0de61385-de6d-4146-ba32-1cc1bc102220,http://data.europa.eu/esco/skill/0de61385-de6d-4146-ba32-1cc1bc102220,IN_COLLECTION,Digital,high,True
http://data.europa.eu/esco/skill/0df2e216-68ae-4952-b9dc-3c2f2bc04fe3,http://data.europa.eu/esco/skill/0df2e216-68ae-4952-b9dc-3c2f2bc04fe3,IN_COLLECTION,Digital,high,True
http://data.europa.eu/esco/skill/0e361e34-c563-4892-b9d3-873a6a4fef8a,http://data.europa.eu/esco/skill/0e361e34-c563-4892-b9d3-873a6a4fef8a,IN_COLLECTION,Digital,high,True
http://data.europa.eu/esco/skill/0e44ceb3-9dd4-4ec4-b1d7-a0e83ddba7d4,http://data.europa.eu/esco/skill/0e44ceb3-9dd4-4ec4-b1d7-a0e83ddba7d4,IN_COLLECTION,Digital,high,True
http://data.europa.eu/esco/skill/0e5affa0-705e-4b19-94e8-19e902e0287d,http://data.europa.eu/esco/skill/0e5affa0-705e-4b19-94e8-19e902e0287d,IN_COLLECTION,Digital,high,True
http://data.europa.eu/esco/skill/0e62eba3-d076-47e5-b22d-340a8faccb3b,http://data.europa.eu/esco/skill/0e62eba3-d076-47e5-b22d-340a8faccb3b,IN_COLLECTION,Digital,high,True
http://data.europa.eu/esco/skill/0e667579-d045-4c6a-b0f3-230a61edd014,http://data.europa.eu/esco/skill/0e667579-d045-4c6a-b0f3-230a61edd014,IN_COLLECTION,Digital,high,True
http://data.europa.eu/esco/skill/0e78d9c9-7c3c-4c5c-82cb-205c16edbcb8,http://data.europa.eu/esco/skill/0e78d9c9-7c3c-4c5c-82cb-205c16edbcb8,IN_COLLECTION,Digital,high,True
http://data.europa.eu/esco/skill/0e8d16c9-e2db-4862-ac06-1567f01ef806,http://data.europa.eu/esco/skill/0e8d16c9-e2db-4862-ac06-1567f01ef806,IN_COLLECTION,Digital,high,True
http://data.europa.eu/esco/skill/0ebd8359-48bc-4b28-adb1-450774e5f683,http://data.europa.eu/esco/skill/0ebd8359-48bc-4b28-adb1-450774e5f683,IN_COLLECTION,Digital,high,True
http://data.europa.eu/esco/skill/0f00f63f-3ab4-4057-b92f-500584b51757,http://data.europa.eu/esco/skill/0f00f63f-3ab4-4057-b92f-500584b51757,IN_COLLECTION,Digital,high,True
http://data.europa.eu/esco/skill/0f365cf9-4f68-4a25-affc-75de20bcdc09,http://data.europa.eu/esco/skill/0f365cf9-4f68-4a25-affc-75de20bcdc09,IN_COLLECTION,Digital,high,True
http://data.europa.eu/esco/skill/0f5374e3-0b9b-4b16-af7a-49654ce0bb15,http://data.europa.eu/esco/skill/0f5374e3-0b9b-4b16-af7a-49654ce0bb15,IN_COLLECTION,Digital,high,True
http://data.europa.eu/esco/skill/0f9958d2-f700-4f62-b90b-a5873cb5ae4c,http://data.europa.eu/esco/skill/0f9958d2-f700-4f62-b90b-a5873cb5ae4c,IN_COLLECTION,Digital,high,True
http://data.europa.eu/esco/skill/0fb753a1-2ef2-4429-84d2-ecb2b24daf7a,http://data.europa.eu/esco/skill/0fb753a1-2ef2-4429-84d2-ecb2b24daf7a,IN_COLLECTION,Digital,high,True
http://data.europa.eu/esco/skill/0fba68dc-6f5d-4974-b3cf-5d3215f7d363,http://data.europa.eu/esco/skill/0fba68dc-6f5d-4974-b3cf-5d3215f7d363,IN_COLLECTION,Digital,high,True
http://data.europa.eu/esco/skill/0ffdb6ac-03b5-4f1c-bfcc-3d9cb874fdf9,http://data.europa.eu/esco/skill/0ffdb6ac-03b5-4f1c-bfcc-3d9cb874fdf9,IN_COLLECTION,Digital,high,True
http://data.europa.eu/esco/skill/1019423b-3368-4f83-b24f-19e5fa23e816,http://data.europa.eu/esco/skill/1019423b-3368-4f83-b24f-19e5fa23e816,IN_COLLECTION,Digital,high,True
http://data.europa.eu/esco/skill/1110c92f-3059-445a-9436-0f4200d365f5,http://data.europa.eu/esco/skill/1110c92f-3059-445a-9436-0f4200d365f5,IN_COLLECTION,Digital,high,True
http://data.europa.eu/esco/skill/11430d93-c835-48ed-8e70-285fa69c9ae6,http://data.europa.eu/esco/skill/11430d93-c835-48ed-8e70-285fa69c9ae6,IN_COLLECTION,Digital,high,True
http://data.europa.eu/esco/skill/114c9698-c999-4369-8498-81bf641fe871,http://data.europa.eu/esco/skill/114c9698-c999-4369-8498-81bf641fe871,IN_COLLECTION,Digital,high,True
http://data.europa.eu/esco/skill/116083f9-8d05-4b2e-a15f-287b18de5f67,http://data.europa.eu/esco/skill/116083f9-8d05-4b2e-a15f-287b18de5f67,IN_COLLECTION,Digital,high,True
http://data.europa.eu/esco/skill/117373c8-f04b-4fff-8683-aebe36edac81,http://data.europa.eu/esco/skill/117373c8-f04b-4fff-8683-aebe36edac81,IN_COLLECTION,Digital,high,True
http://data.europa.eu/esco/skill/1177a1e9-213a-477b-b57c-364368c68b95,http://data.europa.eu/esco/skill/1177a1e9-213a-477b-b57c-364368c68b95,IN_COLLECTION,Digital,high,True
http://data.europa.eu/esco/skill/118a9b27-1c5a-4214-b685-1a4d9e6365ea,http://data.europa.eu/esco/skill/118a9b27-1c5a-4214-b685-1a4d9e6365ea,IN_COLLECTION,Digital,high,True
http://data.europa.eu/esco/skill/11c56452-fcec-4b00-9695-cca4728e5048,http://data.europa.eu/esco/skill/11c56452-fcec-4b00-9695-cca4728e5048,IN_COLLECTION,Digital,high,True
http://data.europa.eu/esco/skill/11eebd42-44ab-401d-8a2c-bdb9fc9beb50,http://data.europa.eu/esco/skill/11eebd42-44ab-401d-8a2c-bdb9fc9beb50,IN_COLLECTION,Digital,high,True
http://data.europa.eu/esco/skill/12274664-b642-4945-b88f-d7787dc3c9dd,http://data.europa.eu/esco/skill/12274664-b642-4945-b88f-d7787dc3c9dd,IN_COLLECTION,Digital,high,True
http://data.europa.eu/esco/skill/123cf7c5-6a3b-419d-be4f-49a6cc020f9f,http://data.europa.eu/esco/skill/123cf7c5-6a3b-419d-be4f-49a6cc020f9f,IN_COLLECTION,Digital,high,True
http://data.europa.eu/esco/skill/123ea020-9f87-495f-b8c3-15133646392b,http://data.europa.eu/esco/skill/123ea020-9f87-495f-b8c3-15133646392b,IN_COLLECTION,Digital,high,True
http://data.europa.eu/esco/skill/126da6db-593e-4dd2-b35d-86f599a622f6,http://data.europa.eu/esco/skill/126da6db-593e-4dd2-b35d-86f599a622f6,IN_COLLECTION,Digital,high,True
http://data.europa.eu/esco/skill/12b7d5a1-1ad4-45dc-b0fa-b31d1eb2c79a,http://data.europa.eu/esco/skill/12b7d5a1-1ad4-45dc-b0fa-b31d1eb2c79a,IN_COLLECTION,Digital,high,True
http://data.europa.eu/esco/skill/12c82224-6394-4c3c-9831-2a8198ed1274,http://data.europa.eu/esco/skill/12c82224-6394-4c3c-9831-2a8198ed1274,IN_COLLECTION,Digital,high,True
http://data.europa.eu/esco/skill/13666d7d-41a8-42b6-80ba-34ea6a64667f,http://data.europa.eu/esco/skill/13666d7d-41a8-42b6-80ba-34ea6a64667f,IN_COLLECTION,Digital,high,True
http://data.europa.eu/esco/skill/13bdd41a-2a18-441f-96db-41252c519413,http://data.europa.eu/esco/skill/13bdd41a-2a18-441f-96db-41252c519413,IN_COLLECTION,Digital,high,True
http://data.europa.eu/esco/skill/14029d35-3831-4176-be75-da64e6024e6f,http://data.europa.eu/esco/skill/14029d35-3831-4176-be75-da64e6024e6f,IN_COLLECTION,Digital,high,True
http://data.europa.eu/esco/skill/14062e1c-6540-4cb6-b343-ad419e3d10ac,http://data.europa.eu/esco/skill/14062e1c-6540-4cb6-b343-ad419e3d10ac,IN_COLLECTION,Digital,high,True
http://data.europa.eu/esco/skill/143769cb-b61e-47d8-a61e-eedfbec1016c,http://data.europa.eu/esco/skill/143769cb-b61e-47d8-a61e-eedfbec1016c,IN_COLLECTION,Digital,high,True
http://data.europa.eu/esco/skill/14525f24-afb4-4a4e-80a7-facf27080cdd,http://data.europa.eu/esco/skill/14525f24-afb4-4a4e-80a7-facf27080cdd,IN_COLLECTION,Digital,high,True
http://data.europa.eu/esco/skill/14764a75-3104-4875-ba1d-57c059b9b013,http://data.europa.eu/esco/skill/14764a75-3104-4875-ba1d-57c059b9b013,IN_COLLECTION,Digital,high,True
http://data.europa.eu/esco/skill/14832d87-2f2f-4895-b290-e4760ebae42a,http://data.europa.eu/esco/skill/14832d87-2f2f-4895-b290-e4760ebae42a,IN_COLLECTION,Digital,high,True
http://data.europa.eu/esco/skill/14ced458-5f4b-495f-bd3d-9c240614bda0,http://data.europa.eu/esco/skill/14ced458-5f4b-495f-bd3d-9c240614bda0,IN_COLLECTION,Digital,high,True
http://data.europa.eu/esco/skill/14d1e367-3efe-4ec5-86ae-eca48710ee4e,http://data.europa.eu/esco/skill/14d1e367-3efe-4ec5-86ae-eca48710ee4e,IN_COLLECTION,Digital,high,True
http://data.europa.eu/esco/skill/14fdac88-6d4a-4e47-9df5-02c6d1e86fdd,http://data.europa.eu/esco/skill/14fdac88-6d4a-4e47-9df5-02c6d1e86fdd,IN_COLLECTION,Digital,high,True
http://data.europa.eu/esco/skill/1557b114-8222-46d5-acff-d2838909c302,http://data.europa.eu/esco/skill/1557b114-8222-46d5-acff-d2838909c302,IN_COLLECTION,Digital,high,True
http://data.europa.eu/esco/skill/1558e8f3-67c9-4be6-bf2c-c5ab7b6de5f9,http://data.europa.eu/esco/skill/1558e8f3-67c9-4be6-bf2c-c5ab7b6de5f9,IN_COLLECTION,Digital,high,True
http://data.europa.eu/esco/skill/15c522eb-cd6d-4b00-9d95-db20c0f8df88,http://data.europa.eu/esco/skill/15c522eb-cd6d-4b00-9d95-db20c0f8df88,IN_COLLECTION,Digital,high,True
http://data.europa.eu/esco/skill/1605025e-a179-421f-8f35-5b07d182a6b2,http://data.europa.eu/esco/skill/1605025e-a179-421f-8f35-5b07d182a6b2,IN_COLLECTION,Digital,high,True
http://data.europa.eu/esco/skill/162c7407-14ec-43ef-a4c2-31ccd1267850,http://data.europa.eu/esco/skill/162c7407-14ec-43ef-a4c2-31ccd1267850,IN_COLLECTION,Digital,high,True
http://data.europa.eu/esco/skill/16636767-c215-4cf0-b126-e144fea20926,http://data.europa.eu/esco/skill/16636767-c215-4cf0-b126-e144fea20926,IN_COLLECTION,Digital,high,True
http://data.europa.eu/esco/skill/16a00c69-9c74-4c37-96d7-6301d285e5ce,http://data.europa.eu/esco/skill/16a00c69-9c74-4c37-96d7-6301d285e5ce,IN_COLLECTION,Digital,high,True
http://data.europa.eu/esco/skill/16e462b2-b8dd-4842-8c31-71d0fb4be474,http://data.europa.eu/esco/skill/16e462b2-b8dd-4842-8c31-71d0fb4be474,IN_COLLECTION,Digital,high,True
http://data.europa.eu/esco/skill/172020d1-e151-445b-8173-e2a5fb16fe51,http://data.europa.eu/esco/skill/172020d1-e151-445b-8173-e2a5fb16fe51,IN_COLLECTION,Digital,high,True
http://data.europa.eu/esco/skill/17702c40-e963-4593-847e-a332b1c9357e,http://data.europa.eu/esco/skill/17702c40-e963-4593-847e-a332b1c9357e,IN_COLLECTION,Digital,high,True
http://data.europa.eu/esco/skill/1774bd31-8893-44cf-9498-7e3d95508419,http://data.europa.eu/esco/skill/1774bd31-8893-44cf-9498-7e3d95508419,IN_COLLECTION,Digital,high,True
http://data.europa.eu/esco/skill/17c9a790-5664-4673-8237-c4cf3c5a8da5,http://data.europa.eu/esco/skill/17c9a790-5664-4673-8237-c4cf3c5a8da5,IN_COLLECTION,Digital,high,True
http://data.europa.eu/esco/skill/1859883d-c047-4fe1-8e74-7bb4385d6ad2,http://data.europa.eu/esco/skill/1859883d-c047-4fe1-8e74-7bb4385d6ad2,IN_COLLECTION,Digital,high,True
http://data.europa.eu/esco/skill/18ab25a5-ce2d-4cd5-b7b0-3890f595f77d,http://data.europa.eu/esco/skill/18ab25a5-ce2d-4cd5-b7b0-3890f595f77d,IN_COLLECTION,Digital,high,True
http://data.europa.eu/esco/skill/18eeffee-2879-42e0-b5fe-5739c6883a01,http://data.europa.eu/esco/skill/18eeffee-2879-42e0-b5fe-5739c6883a01,IN_COLLECTION,Digital,high,True
http://data.europa.eu/esco/skill/1973c966-f236-40c9-b2d4-5d71a89019be,http://data.europa.eu/esco/skill/1973c966-f236-40c9-b2d4-5d71a89019be,IN_COLLECTION,Digital,high,True
http://data.europa.eu/esco/skill/19a8293b-8e95-4de3-983f-77484079c389,http://data.europa.eu/esco/skill/19a8293b-8e95-4de3-983f-77484079c389,IN_COLLECTION,Digital,high,True
http://data.europa.eu/esco/skill/19c0e68e-6e6c-4698-85dc-ef66a9de2c37,http://data.europa.eu/esco/skill/19c0e68e-6e6c-4698-85dc-ef66a9de2c37,IN_COLLECTION,Digital,high,True
http://data.europa.eu/esco/skill/1a165a9b-2006-49e1-90b8-c0709933b4a3,http://data.europa.eu/esco/skill/1a165a9b-2006-49e1-90b8-c0709933b4a3,IN_COLLECTION,Digital,high,True
http://data.europa.eu/esco/skill/1a4cc54f-1e53-442b-a6d2-1682dc8ef8f9,http://data.europa.eu/esco/skill/1a4cc54f-1e53-442b-a6d2-1682dc8ef8f9,IN_COLLECTION,Digital,high,True
http://data.europa.eu/esco/skill/1abcc511-ba5a-42e0-8d88-7efb39af4c36,http://data.europa.eu/esco/skill/1abcc511-ba5a-42e0-8d88-7efb39af4c36,IN_COLLECTION,Digital,high,True
http://data.europa.eu/esco/skill/1adec82b-e32b-4acc-bd89-e7d61d387161,http://data.europa.eu/esco/skill/1adec82b-e32b-4acc-bd89-e7d61d387161,IN_COLLECTION,Digital,high,True
http://data.europa.eu/esco/skill/1b2889c2-154d-4e5f-b7d1-bd1f07df86ab,http://data.europa.eu/esco/skill/1b2889c2-154d-4e5f-b7d1-bd1f07df86ab,IN_COLLECTION,Digital,high,True
http://data.europa.eu/esco/skill/1b70a55d-b8a4-49fc-96c6-15ab4cff2522,http://data.europa.eu/esco/skill/1b70a55d-b8a4-49fc-96c6-15ab4cff2522,IN_COLLECTION,Digital,high,True
http://data.europa.eu/esco/skill/1b7c716e-af95-4cda-a42f-6479c8b139f5,http://data.europa.eu/esco/skill/1b7c716e-af95-4cda-a42f-6479c8b139f5,IN_COLLECTION,Digital,high,True
http://data.europa.eu/esco/skill/1bba98a7-92b9-450b-9235-e0c905f8f3c4,http://data.europa.eu/esco/skill/1bba98a7-92b9-450b-9235-e0c905f8f3c4,IN_COLLECTION,Digital,high,True
http://data.europa.eu/esco/skill/1bc718b6-ed90-4a9d-9fa7-8cec928a4581,http://data.europa.eu/esco/skill/1bc718b6-ed90-4a9d-9fa7-8cec928a4581,IN_COLLECTION,Digital,high,True
http://data.europa.eu/esco/skill/1c00bc98-2713-4c62-82c5-6d86f2e6a4cb,http://data.europa.eu/esco/skill/1c00bc98-2713-4c62-82c5-6d86f2e6a4cb,IN_COLLECTION,Digital,high,True
http://data.europa.eu/esco/skill/1c2978b8-bb0d-4249-9c23-877571a4dffa,http://data.europa.eu/esco/skill/1c2978b8-bb0d-4249-9c23-877571a4dffa,IN_COLLECTION,Digital,high,True
http://data.europa.eu/esco/skill/1c43679a-c6fc-4b42-bb8b-452a34ae9b73,http://data.europa.eu/esco/skill/1c43679a-c6fc-4b42-bb8b-452a34ae9b73,IN_COLLECTION,Digital,high,True
http://data.europa.eu/esco/skill/1c7fbce8-741b-416a-8b34-f9900e0ddd52,http://data.europa.eu/esco/skill/1c7fbce8-741b-416a-8b34-f9900e0ddd52,IN_COLLECTION,Digital,high,True
http://data.europa.eu/esco/skill/1c8327dd-9af0-4124-9c4e-0342d90189d4,http://data.europa.eu/esco/skill/1c8327dd-9af0-4124-9c4e-0342d90189d4,IN_COLLECTION,Digital,high,True
http://data.europa.eu/esco/skill/1c8658c0-8f1e-4bf1-8e81-0a3a6033847e,http://data.europa.eu/esco/skill/1c8658c0-8f1e-4bf1-8e81-0a3a6033847e,IN_COLLECTION,Digital,high,True
http://data.europa.eu/esco/skill/1ce4cddd-4a74-458e-a2d4-152ca939475a,http://data.europa.eu/esco/skill/1ce4cddd-4a74-458e-a2d4-152ca939475a,IN_COLLECTION,Digital,high,True
http://data.europa.eu/esco/skill/1d6c7de4-350e-4868-a47b-333b4b0d9650,http://data.europa.eu/esco/skill/1d6c7de4-350e-4868-a47b-333b4b0d9650,IN_COLLECTION,Digital,high,True
http://data.europa.eu/esco/skill/1d86f05e-e9cc-40ce-99d8-2b21cc71b16b,http://data.europa.eu/esco/skill/1d86f05e-e9cc-40ce-99d8-2b21cc71b16b,IN_COLLECTION,Digital,high,True
http://data.europa.eu/esco/skill/1de3942b-99d8-41e8-9ef0-fbc9e9f6307b,http://data.europa.eu/esco/skill/1de3942b-99d8-41e8-9ef0-fbc9e9f6307b,IN_COLLECTION,Digital,high,True
http://data.europa.eu/esco/skill/1e7ed56a-6d6b-422f-962e-38543d150755,http://data.europa.eu/esco/skill/1e7ed56a-6d6b-422f-962e-38543d150755,IN_COLLECTION,Digital,high,True
http://data.europa.eu/esco/skill/1ebc1454-b6cb-4e45-a96a-17399961ad39,http://data.europa.eu/esco/skill/1ebc1454-b6cb-4e45-a96a-17399961ad39,IN_COLLECTION,Digital,high,True
http://data.europa.eu/esco/skill/1f0fbd17-56b7-45cd-b841-e7d9e2a5a14e,http://data.europa.eu/esco/skill/1f0fbd17-56b7-45cd-b841-e7d9e2a5a14e,IN_COLLECTION,Digital,high,True
http://data.europa.eu/esco/skill/1f1bef0f-2484-4136-a5bf-6ed80346a671,http://data.europa.eu/esco/skill/1f1bef0f-2484-4136-a5bf-6ed80346a671,IN_COLLECTION,Digital,high,True
http://data.europa.eu/esco/skill/1fa420ed-5378-4258-8d7a-9ec274dda927,http://data.europa.eu/esco/skill/1fa420ed-5378-4258-8d7a-9ec274dda927,IN_COLLECTION,Digital,high,True
http://data.europa.eu/esco/skill/1fc03dc8-0ee0-4876-83ec-86e0bfcb3876,http://data.europa.eu/esco/skill/1fc03dc8-0ee0-4876-83ec-86e0bfcb3876,IN_COLLECTION,Digital,high,True
http://data.europa.eu/esco/skill/1ffac4ac-fda7-407d-8ed1-ca8f4a8dc146,http://data.europa.eu/esco/skill/1ffac4ac-fda7-407d-8ed1-ca8f4a8dc146,IN_COLLECTION,Digital,high,True
http://data.europa.eu/esco/skill/206f5738-e91f-4390-84a2-fcb864bc11b1,http://data.europa.eu/esco/skill/206f5738-e91f-4390-84a2-fcb864bc11b1,IN_COLLECTION,Digital,high,True
http://data.europa.eu/esco/skill/20c6a2ec-ef98-4f95-8a16-c8006d9242ba,http://data.europa.eu/esco/skill/20c6a2ec-ef98-4f95-8a16-c8006d9242ba,IN_COLLECTION,Digital,high,True
http://data.europa.eu/esco/skill/20c920d4-7ff7-4676-ba61-3f04490d9416,http://data.europa.eu/esco/skill/20c920d4-7ff7-4676-ba61-3f04490d9416,IN_COLLECTION,Digital,high,True
http://data.europa.eu/esco/skill/20eb4c72-2a50-4a68-acb0-7e0d4559c097,http://data.europa.eu/esco/skill/20eb4c72-2a50-4a68-acb0-7e0d4559c097,IN_COLLECTION,Digital,high,True
http://data.europa.eu/esco/skill/211e4a02-69a6-494e-b94a-93741e2a3a0b,http://data.europa.eu/esco/skill/211e4a02-69a6-494e-b94a-93741e2a3a0b,IN_COLLECTION,Digital,high,True
http://data.europa.eu/esco/skill/2164e860-7f20-48bc-b98c-5d9f8a561550,http://data.europa.eu/esco/skill/2164e860-7f20-48bc-b98c-5d9f8a561550,IN_COLLECTION,Digital,high,True
http://data.europa.eu/esco/skill/216e5ea6-c683-4945-9f96-03483dc56d9f,http://data.europa.eu/esco/skill/216e5ea6-c683-4945-9f96-03483dc56d9f,IN_COLLECTION,Digital,high,True
http://data.europa.eu/esco/skill/2174c1b0-e13c-4850-8e4d-2bc6183018bf,http://data.europa.eu/esco/skill/2174c1b0-e13c-4850-8e4d-2bc6183018bf,IN_COLLECTION,Digital,high,True
http://data.europa.eu/esco/skill/2180bd8c-86de-4889-8165-adac902eee9d,http://data.europa.eu/esco/skill/2180bd8c-86de-4889-8165-adac902eee9d,IN_COLLECTION,Digital,high,True
http://data.europa.eu/esco/skill/219dd03d-4168-416a-be40-f4becca55130,http://data.europa.eu/esco/skill/219dd03d-4168-416a-be40-f4becca55130,IN_COLLECTION,Digital,high,True
http://data.europa.eu/esco/skill/21d2f96d-35f7-4e3f-9745-c533d2dd6e97,http://data.europa.eu/esco/skill/21d2f96d-35f7-4e3f-9745-c533d2dd6e97,IN_COLLECTION,Digital,high,True
http://data.europa.eu/esco/skill/21dd999b-c5cc-4cec-8a9f-33f07079c12e,http://data.europa.eu/esco/skill/21dd999b-c5cc-4cec-8a9f-33f07079c12e,IN_COLLECTION,Digital,high,True
http://data.europa.eu/esco/skill/22225017-a02e-4171-8775-64c3adc87512,http://data.europa.eu/esco/skill/22225017-a02e-4171-8775-64c3adc87512,IN_COLLECTION,Digital,high,True
http://data.europa.eu/esco/skill/224423a6-ac6a-4b3e-be7c-e38b41f82116,http://data.europa.eu/esco/skill/224423a6-ac6a-4b3e-be7c-e38b41f82116,IN_COLLECTION,Digital,high,True
http://data.europa.eu/esco/skill/234aeb8d-56c3-4531-9193-1c5e6a8d16cb,http://data.europa.eu/esco/skill/234aeb8d-56c3-4531-9193-1c5e6a8d16cb,IN_COLLECTION,Digital,high,True
http://data.europa.eu/esco/skill/238343b1-7b51-42b3-a9ed-cf24d3a236e7,http://data.europa.eu/esco/skill/238343b1-7b51-42b3-a9ed-cf24d3a236e7,IN_COLLECTION,Digital,high,True
http://data.europa.eu/esco/skill/23900e3d-06fa-424c-a5dc-c0ea42edde1e,http://data.europa.eu/esco/skill/23900e3d-06fa-424c-a5dc-c0ea42edde1e,IN_COLLECTION,Digital,high,True
http://data.europa.eu/esco/skill/23b45aa6-a479-486d-9e6f-062cbab7c68a,http://data.europa.eu/esco/skill/23b45aa6-a479-486d-9e6f-062cbab7c68a,IN_COLLECTION,Digital,high,True
http://data.europa.eu/esco/skill/23df3447-f59e-45a4-86da-78e38d07c808,http://data.europa.eu/esco/skill/23df3447-f59e-45a4-86da-78e38d07c808,IN_COLLECTION,Digital,high,True
http://data.europa.eu/esco/skill/2450c3b3-e78e-435b-b84d-e05d984e71dc,http://data.europa.eu/esco/skill/2450c3b3-e78e-435b-b84d-e05d984e71dc,IN_COLLECTION,Digital,high,True
http://data.europa.eu/esco/skill/24c200e5-be20-4370-a137-ab53797f3a17,http://data.europa.eu/esco/skill/24c200e5-be20-4370-a137-ab53797f3a17,IN_COLLECTION,Digital,high,True
http://data.europa.eu/esco/skill/251b5528-693c-4ef9-a7f6-9924bb8d7ef8,http://data.europa.eu/esco/skill/251b5528-693c-4ef9-a7f6-9924bb8d7ef8,IN_COLLECTION,Digital,high,True
http://data.europa.eu/esco/skill/2522a6ce-3202-4ac8-9f5b-b9cb5a3a83a1,http://data.europa.eu/esco/skill/2522a6ce-3202-4ac8-9f5b-b9cb5a3a83a1,IN_COLLECTION,Digital,high,True
http://data.europa.eu/esco/skill/2579f843-87e8-4a9f-83ce-1284b2218b56,http://data.europa.eu/esco/skill/2579f843-87e8-4a9f-83ce-1284b2218b56,IN_COLLECTION,Digital,high,True
http://data.europa.eu/esco/skill/258d3de5-60fd-4336-aa7e-7700b64f5ed5,http://data.europa.eu/esco/skill/258d3de5-60fd-4336-aa7e-7700b64f5ed5,IN_COLLECTION,Digital,high,True
http://data.europa.eu/esco/skill/25b291b5-8245-4d9d-b391-86a8a31d7109,http://data.europa.eu/esco/skill/25b291b5-8245-4d9d-b391-86a8a31d7109,IN_COLLECTION,Digital,high,True
http://data.europa.eu/esco/skill/25df422a-bf0a-4f76-8631-d0be91cb8751,http://data.europa.eu/esco/skill/25df422a-bf0a-4f76-8631-d0be91cb8751,IN_COLLECTION,Digital,high,True
http://data.europa.eu/esco/skill/25ee43a8-f9b0-4990-96cf-eabe627ff0cc,http://data.europa.eu/esco/skill/25ee43a8-f9b0-4990-96cf-eabe627ff0cc,IN_COLLECTION,Digital,high,True
http://data.europa.eu/esco/skill/25f0ea33-b4a2-4f31-b7b4-7d20e827b180,http://data.europa.eu/esco/skill/25f0ea33-b4a2-4f31-b7b4-7d20e827b180,IN_COLLECTION,Digital,high,True
http://data.europa.eu/esco/skill/2672f6a9-1e70-43c5-859d-e6a0fc9ea0f1,http://data.europa.eu/esco/skill/2672f6a9-1e70-43c5-859d-e6a0fc9ea0f1,IN_COLLECTION,Digital,high,True
http://data.europa.eu/esco/skill/26ca7ed6-80a7-47e3-92f5-6e6016adeb95,http://data.europa.eu/esco/skill/26ca7ed6-80a7-47e3-92f5-6e6016adeb95,IN_COLLECTION,Digital,high,True
http://data.europa.eu/esco/skill/26fa7a33-a426-4cd5-9792-33bf668612e1,http://data.europa.eu/esco/skill/26fa7a33-a426-4cd5-9792-33bf668612e1,IN_COLLECTION,Digital,high,True
http://data.europa.eu/esco/skill/27065048-bca8-4b0a-891a-b192b9ceadfd,http://data.europa.eu/esco/skill/27065048-bca8-4b0a-891a-b192b9ceadfd,IN_COLLECTION,Digital,high,True
http://data.europa.eu/esco/skill/27ad6528-0914-4049-87c0-2f05791d0e2e,http://data.europa.eu/esco/skill/27ad6528-0914-4049-87c0-2f05791d0e2e,IN_COLLECTION,Digital,high,True
http://data.europa.eu/esco/skill/27aedf16-e2e9-419d-9ad8-1c3100e0e941,http://data.europa.eu/esco/skill/27aedf16-e2e9-419d-9ad8-1c3100e0e941,IN_COLLECTION,Digital,high,True
http://data.europa.eu/esco/skill/27b913f0-3c52-448b-ad27-fc6ef08fb326,http://data.europa.eu/esco/skill/27b913f0-3c52-448b-ad27-fc6ef08fb326,IN_COLLECTION,Digital,high,True
http://data.europa.eu/esco/skill/27ddcef9-8522-4699-b0e6-2e2b10fd6d13,http://data.europa.eu/esco/skill/27ddcef9-8522-4699-b0e6-2e2b10fd6d13,IN_COLLECTION,Digital,high,True
http://data.europa.eu/esco/skill/2857540c-180b-4208-9127-e94a01871966,http://data.europa.eu/esco/skill/2857540c-180b-4208-9127-e94a01871966,IN_COLLECTION,Digital,high,True
http://data.europa.eu/esco/skill/2879e8f6-037a-49ed-ba73-6f7d7766223e,http://data.europa.eu/esco/skill/2879e8f6-037a-49ed-ba73-6f7d7766223e,IN_COLLECTION,Digital,high,True
http://data.europa.eu/esco/skill/2891f0dc-4426-4a9a-8fbb-db4fb0a66f91,http://data.europa.eu/esco/skill/2891f0dc-4426-4a9a-8fbb-db4fb0a66f91,IN_COLLECTION,Digital,high,True
http://data.europa.eu/esco/skill/28a0fe16-4e03-4d5e-8f0e-5198309e77a9,http://data.europa.eu/esco/skill/28a0fe16-4e03-4d5e-8f0e-5198309e77a9,IN_COLLECTION,Digital,high,True
http://data.europa.eu/esco/skill/28b7d7fb-0483-4877-9aaa-f990f10f16f5,http://data.europa.eu/esco/skill/28b7d7fb-0483-4877-9aaa-f990f10f16f5,IN_COLLECTION,Digital,high,True
http://data.europa.eu/esco/skill/28eb4689-3ba4-47a1-96b0-34a60751ea17,http://data.europa.eu/esco/skill/28eb4689-3ba4-47a1-96b0-34a60751ea17,IN_COLLECTION,Digital,high,True
http://data.europa.eu/esco/skill/2962214b-cc38-4d20-aa8b-aa120091d743,http://data.europa.eu/esco/skill/2962214b-cc38-4d20-aa8b-aa120091d743,IN_COLLECTION,Digital,high,True
http://data.europa.eu/esco/skill/296f6b56-de45-4aac-aa96-43e4a4864724,http://data.europa.eu/esco/skill/296f6b56-de45-4aac-aa96-43e4a4864724,IN_COLLECTION,Digital,high,True
http://data.europa.eu/esco/skill/2973b3bc-5893-4b3d-8953-22ef677a162f,http://data.europa.eu/esco/skill/2973b3bc-5893-4b3d-8953-22ef677a162f,IN_COLLECTION,Digital,high,True
http://data.europa.eu/esco/skill/29fb0fb5-dfc4-4098-ac9b-3a712000f48f,http://data.europa.eu/esco/skill/29fb0fb5-dfc4-4098-ac9b-3a712000f48f,IN_COLLECTION,Digital,high,True
http://data.europa.eu/esco/skill/2a051ae0-e42e-4733-8bb2-de24c4d5e3b8,http://data.europa.eu/esco/skill/2a051ae0-e42e-4733-8bb2-de24c4d5e3b8,IN_COLLECTION,Digital,high,True
http://data.europa.eu/esco/skill/2a3a96a3-709e-4d60-81f6-d247d6933f13,http://data.europa.eu/esco/skill/2a3a96a3-709e-4d60-81f6-d247d6933f13,IN_COLLECTION,Digital,high,True
http://data.europa.eu/esco/skill/2a69d6a0-b90f-4d50-bef8-a05d6704575d,http://data.europa.eu/esco/skill/2a69d6a0-b90f-4d50-bef8-a05d6704575d,IN_COLLECTION,Digital,high,True
http://data.europa.eu/esco/skill/2af29864-c941-40a5-ae7b-2b6c4b92c0d7,http://data.europa.eu/esco/skill/2af29864-c941-40a5-ae7b-2b6c4b92c0d7,IN_COLLECTION,Digital,high,True
http://data.europa.eu/esco/skill/2afb2b59-c9a3-4cf3-b1dd-1a2fad51e583,http://data.europa.eu/esco/skill/2afb2b59-c9a3-4cf3-b1dd-1a2fad51e583,IN_COLLECTION,Digital,high,True
http://data.europa.eu/esco/skill/2b24cbb7-f94e-43c1-8377-138f80ad5c19,http://data.europa.eu/esco/skill/2b24cbb7-f94e-43c1-8377-138f80ad5c19,IN_COLLECTION,Digital,high,True
http://data.europa.eu/esco/skill/2b285a57-4add-453e-af5d-3d986a65c8fe,http://data.europa.eu/esco/skill/2b285a57-4add-453e-af5d-3d986a65c8fe,IN_COLLECTION,Digital,high,True
http://data.europa.eu/esco/skill/2b34764d-637c-48f5-aa70-31e15c965db6,http://data.europa.eu/esco/skill/2b34764d-637c-48f5-aa70-31e15c965db6,IN_COLLECTION,Digital,high,True
http://data.europa.eu/esco/skill/2b34a99f-9813-4c91-9509-b6b9b8c3132e,http://data.europa.eu/esco/skill/2b34a99f-9813-4c91-9509-b6b9b8c3132e,IN_COLLECTION,Digital,high,True
http://data.europa.eu/esco/skill/2b544b2c-f22d-40e6-8578-3cb65554643a,http://data.europa.eu/esco/skill/2b544b2c-f22d-40e6-8578-3cb65554643a,IN_COLLECTION,Digital,high,True
http://data.europa.eu/esco/skill/2b6bc32d-c60d-435b-931f-79bd3404f8b9,http://data.europa.eu/esco/skill/2b6bc32d-c60d-435b-931f-79bd3404f8b9,IN_COLLECTION,Digital,high,True
http://data.europa.eu/esco/skill/2b7a79e5-84d8-4880-be66-3d9bb05bea17,http://data.europa.eu/esco/skill/2b7a79e5-84d8-4880-be66-3d9bb05bea17,IN_COLLECTION,Digital,high,True
http://data.europa.eu/esco/skill/2b834a98-14ff-47e1-8aef-cf8ffae912fa,http://data.europa.eu/esco/skill/2b834a98-14ff-47e1-8aef-cf8ffae912fa,IN_COLLECTION,Digital,high,True
http://data.europa.eu/esco/skill/2b92a5b2-6758-4ee3-9fb4-b6387a55cc8f,http://data.europa.eu/esco/skill/2b92a5b2-6758-4ee3-9fb4-b6387a55cc8f,IN_COLLECTION,Digital,high,True
http://data.europa.eu/esco/skill/2bde42ae-e776-41c1-9ded-b07b30bfe985,http://data.europa.eu/esco/skill/2bde42ae-e776-41c1-9ded-b07b30bfe985,IN_COLLECTION,Digital,high,True
http://data.europa.eu/esco/skill/2c28fc20-8a60-4311-8899-5ef8729c05b3,http://data.europa.eu/esco/skill/2c28fc20-8a60-4311-8899-5ef8729c05b3,IN_COLLECTION,Digital,high,True
http://data.europa.eu/esco/skill/2c4e11ef-da18-4e19-816b-e6bc19e12424,http://data.europa.eu/esco/skill/2c4e11ef-da18-4e19-816b-e6bc19e12424,IN_COLLECTION,Digital,high,True
http://data.europa.eu/esco/skill/2d6d4784-0992-48e7-b100-22d7229b3f0a,http://data.europa.eu/esco/skill/2d6d4784-0992-48e7-b100-22d7229b3f0a,IN_COLLECTION,Digital,high,True
http://data.europa.eu/esco/skill/2daec0e6-f0c1-43e8-8178-aedba99130ec,http://data.europa.eu/esco/skill/2daec0e6-f0c1-43e8-8178-aedba99130ec,IN_COLLECTION,Digital,high,True
http://data.europa.eu/esco/skill/2ddb1226-1117-4eb4-ae65-3a2f5a5a3c80,http://data.europa.eu/esco/skill/2ddb1226-1117-4eb4-ae65-3a2f5a5a3c80,IN_COLLECTION,Digital,high,True
http://data.europa.eu/esco/skill/2e1888d8-97f7-4c91-8874-e2ef0e47f94f,http://data.europa.eu/esco/skill/2e1888d8-97f7-4c91-8874-e2ef0e47f94f,IN_COLLECTION,Digital,high,True
http://data.europa.eu/esco/skill/2eae92cf-5f21-43e7-aa41-ab65b00c1b92,http://data.europa.eu/esco/skill/2eae92cf-5f21-43e7-aa41-ab65b00c1b92,IN_COLLECTION,Digital,high,True
http://data.europa.eu/esco/skill/2ef6bebc-2133-47df-b26a-f38f51b0f867,http://data.europa.eu/esco/skill/2ef6bebc-2133-47df-b26a-f38f51b0f867,IN_COLLECTION,Digital,high,True
http://data.europa.eu/esco/skill/2f04bb71-d476-43b3-a60b-5df1d05f5681,http://data.europa.eu/esco/skill/2f04bb71-d476-43b3-a60b-5df1d05f5681,IN_COLLECTION,Digital,high,True
http://data.europa.eu/esco/skill/2f05d09d-7e91-423c-9210-19da0b0e34c6,http://data.europa.eu/esco/skill/2f05d09d-7e91-423c-9210-19da0b0e34c6,IN_COLLECTION,Digital,high,True
http://data.europa.eu/esco/skill/2f6e5619-2478-475f-a414-ec05c2b72795,http://data.europa.eu/esco/skill/2f6e5619-2478-475f-a414-ec05c2b72795,IN_COLLECTION,Digital,high,True
http://data.europa.eu/esco/skill/2f954283-4642-409a-8e9b-d6ae0a11b358,http://data.europa.eu/esco/skill/2f954283-4642-409a-8e9b-d6ae0a11b358,IN_COLLECTION,Digital,high,True
http://data.europa.eu/esco/skill/300d432b-f457-4cd3-9cb1-1858c7d14954,http://data.europa.eu/esco/skill/300d432b-f457-4cd3-9cb1-1858c7d14954,IN_COLLECTION,Digital,high,True
http://data.europa.eu/esco/skill/3093881b-74f6-48e1-820e-50831b0d0775,http://data.europa.eu/esco/skill/3093881b-74f6-48e1-820e-50831b0d0775,IN_COLLECTION,Digital,high,True
http://data.europa.eu/esco/skill/30d926ba-1615-417c-a799-e24a3ea239b9,http://data.europa.eu/esco/skill/30d926ba-1615-417c-a799-e24a3ea239b9,IN_COLLECTION,Digital,high,True
http://data.europa.eu/esco/skill/3140d979-2d6a-4c10-add9-f7091103829f,http://data.europa.eu/esco/skill/3140d979-2d6a-4c10-add9-f7091103829f,IN_COLLECTION,Digital,high,True
http://data.europa.eu/esco/skill/31587950-8b69-4a15-91c2-74dae22d38a4,http://data.europa.eu/esco/skill/31587950-8b69-4a15-91c2-74dae22d38a4,IN_COLLECTION,Digital,high,True
http://data.europa.eu/esco/skill/31d35d3d-2bf2-49aa-9c20-92566ef80277,http://data.europa.eu/esco/skill/31d35d3d-2bf2-49aa-9c20-92566ef80277,IN_COLLECTION,Digital,high,True
http://data.europa.eu/esco/skill/31f53419-4bce-4b10-986a-70a9c7ac41a3,http://data.europa.eu/esco/skill/31f53419-4bce-4b10-986a-70a9c7ac41a3,IN_COLLECTION,Digital,high,True
http://data.europa.eu/esco/skill/3233330f-bb93-47ea-93b4-ed903d05d9f1,http://data.europa.eu/esco/skill/3233330f-bb93-47ea-93b4-ed903d05d9f1,IN_COLLECTION,Digital,high,True
http://data.europa.eu/esco/skill/32428b21-514b-42c2-81b5-244a7804ea74,http://data.europa.eu/esco/skill/32428b21-514b-42c2-81b5-244a7804ea74,IN_COLLECTION,Digital,high,True
http://data.europa.eu/esco/skill/32a2c63d-2d13-4784-abb8-678ef2cd8a46,http://data.europa.eu/esco/skill/32a2c63d-2d13-4784-abb8-678ef2cd8a46,IN_COLLECTION,Digital,high,True
http://data.europa.eu/esco/skill/3325729c-96db-4217-a9ca-4564cc1f909b,http://data.europa.eu/esco/skill/3325729c-96db-4217-a9ca-4564cc1f909b,IN_COLLECTION,Digital,high,True
http://data.europa.eu/esco/skill/33841903-78d8-4273-950d-755248290c2d,http://data.europa.eu/esco/skill/33841903-78d8-4273-950d-755248290c2d,IN_COLLECTION,Digital,high,True
http://data.europa.eu/esco/skill/33a82b83-c838-4889-ae62-fae1317481eb,http://data.europa.eu/esco/skill/33a82b83-c838-4889-ae62-fae1317481eb,IN_COLLECTION,Digital,high,True
http://data.europa.eu/esco/skill/33b55d3a-81f5-45cb-af40-06cd54db78e1,http://data.europa.eu/esco/skill/33b55d3a-81f5-45cb-af40-06cd54db78e1,IN_COLLECTION,Digital,high,True
http://data.europa.eu/esco/skill/33d49d4f-31ec-473f-9b8a-b555aa5116bb,http://data.europa.eu/esco/skill/33d49d4f-31ec-473f-9b8a-b555aa5116bb,IN_COLLECTION,Digital,high,True
http://data.europa.eu/esco/skill/33efa504-2f26-424d-b662-cee77e6e9c93,http://data.europa.eu/esco/skill/33efa504-2f26-424d-b662-cee77e6e9c93,IN_COLLECTION,Digital,high,True
http://data.europa.eu/esco/skill/3413584b-a4e9-4f8d-b836-c9bfee0ed80b,http://data.europa.eu/esco/skill/3413584b-a4e9-4f8d-b836-c9bfee0ed80b,IN_COLLECTION,Digital,high,True
http://data.europa.eu/esco/skill/348b74cd-49ce-4844-8bdf-ec188b497213,http://data.europa.eu/esco/skill/348b74cd-49ce-4844-8bdf-ec188b497213,IN_COLLECTION,Digital,high,True
http://data.europa.eu/esco/skill/34928d4f-16e2-46a7-937a-c46838f550eb,http://data.europa.eu/esco/skill/34928d4f-16e2-46a7-937a-c46838f550eb,IN_COLLECTION,Digital,high,True
http://data.europa.eu/esco/skill/3497ebe1-d417-4105-a68f-f7bbcac7ee5f,http://data.europa.eu/esco/skill/3497ebe1-d417-4105-a68f-f7bbcac7ee5f,IN_COLLECTION,Digital,high,True
http://data.europa.eu/esco/skill/34982b79-842f-4835-8598-d27793731d26,http://data.europa.eu/esco/skill/34982b79-842f-4835-8598-d27793731d26,IN_COLLECTION,Digital,high,True
http://data.europa.eu/esco/skill/34bc01ed-dd78-49c7-bcfb-c17bb66688b5,http://data.europa.eu/esco/skill/34bc01ed-dd78-49c7-bcfb-c17bb66688b5,IN_COLLECTION,Digital,high,True
http://data.europa.eu/esco/skill/3501ac95-4574-4420-92b7-67331e649462,http://data.europa.eu/esco/skill/3501ac95-4574-4420-92b7-67331e649462,IN_COLLECTION,Digital,high,True
http://data.europa.eu/esco/skill/359b5031-74da-418f-bd97-6f4e66eb9851,http://data.europa.eu/esco/skill/359b5031-74da-418f-bd97-6f4e66eb9851,IN_COLLECTION,Digital,high,True
http://data.europa.eu/esco/skill/36500a31-3204-45b2-bf75-5cfe06d9cea2,http://data.europa.eu/esco/skill/36500a31-3204-45b2-bf75-5cfe06d9cea2,IN_COLLECTION,Digital,high,True
http://data.europa.eu/esco/skill/367c240d-5f34-423a-86b1-866ad27206ea,http://data.europa.eu/esco/skill/367c240d-5f34-423a-86b1-866ad27206ea,IN_COLLECTION,Digital,high,True
http://data.europa.eu/esco/skill/3703eac1-8941-4d14-b305-b03f653b08c8,http://data.europa.eu/esco/skill/3703eac1-8941-4d14-b305-b03f653b08c8,IN_COLLECTION,Digital,high,True
http://data.europa.eu/esco/skill/377861af-f966-4c87-a2db-7e99904312b9,http://data.europa.eu/esco/skill/377861af-f966-4c87-a2db-7e99904312b9,IN_COLLECTION,Digital,high,True
http://data.europa.eu/esco/skill/378caeec-10a0-4162-b75c-ab374a42e93d,http://data.europa.eu/esco/skill/378caeec-10a0-4162-b75c-ab374a42e93d,IN_COLLECTION,Digital,high,True
http://data.europa.eu/esco/skill/37a438f3-e28c-4e32-83c5-299f047c1dc9,http://data.europa.eu/esco/skill/37a438f3-e28c-4e32-83c5-299f047c1dc9,IN_COLLECTION,Digital,high,True
http://data.europa.eu/esco/skill/382c11ed-20d5-4ae7-b60e-15fec527fa6c,http://data.europa.eu/esco/skill/382c11ed-20d5-4ae7-b60e-15fec527fa6c,IN_COLLECTION,Digital,high,True
http://data.europa.eu/esco/skill/38716afc-a93b-44ab-96cc-2ecf67edcf32,http://data.europa.eu/esco/skill/38716afc-a93b-44ab-96cc-2ecf67edcf32,IN_COLLECTION,Digital,high,True
http://data.europa.eu/esco/skill/38da3c60-4b7c-4698-9256-574e4ee4e93b,http://data.europa.eu/esco/skill/38da3c60-4b7c-4698-9256-574e4ee4e93b,IN_COLLECTION,Digital,high,True
http://data.europa.eu/esco/skill/397da142-ab35-48fe-b154-7c38f447adfb,http://data.europa.eu/esco/skill/397da142-ab35-48fe-b154-7c38f447adfb,IN_COLLECTION,Digital,high,True
http://data.europa.eu/esco/skill/398b4b25-fb61-4003-9293-50914d8bfcba,http://data.europa.eu/esco/skill/398b4b25-fb61-4003-9293-50914d8bfcba,IN_COLLECTION,Digital,high,True
http://data.europa.eu/esco/skill/3a09d732-08b9-4c90-8fd3-34e2d69ce084,http://data.europa.eu/esco/skill/3a09d732-08b9-4c90-8fd3-34e2d69ce084,IN_COLLECTION,Digital,high,True
http://data.europa.eu/esco/skill/3a2d5b45-56e4-4f5a-a55a-4a4a65afdc43,http://data.europa.eu/esco/skill/3a2d5b45-56e4-4f5a-a55a-4a4a65afdc43,IN_COLLECTION,Digital,high,True
http://data.europa.eu/esco/skill/3a33cec3-4b44-471a-8864-5cc8567a8b1f,http://data.europa.eu/esco/skill/3a33cec3-4b44-471a-8864-5cc8567a8b1f,IN_COLLECTION,Digital,high,True
http://data.europa.eu/esco/skill/3af687cb-8c7a-46ea-a730-32dbaed040c6,http://data.europa.eu/esco/skill/3af687cb-8c7a-46ea-a730-32dbaed040c6,IN_COLLECTION,Digital,high,True
http://data.europa.eu/esco/skill/3bddfd7c-ab6d-40c2-883d-5e97fb7640ba,http://data.europa.eu/esco/skill/3bddfd7c-ab6d-40c2-883d-5e97fb7640ba,IN_COLLECTION,Digital,high,True
http://data.europa.eu/esco/skill/3be6b84a-fa78-42b9-a8df-150cdb40b9d7,http://data.europa.eu/esco/skill/3be6b84a-fa78-42b9-a8df-150cdb40b9d7,IN_COLLECTION,Digital,high,True
http://data.europa.eu/esco/skill/3be79ccc-a455-49b9-8c65-55c50071ba5b,http://data.europa.eu/esco/skill/3be79ccc-a455-49b9-8c65-55c50071ba5b,IN_COLLECTION,Digital,high,True
http://data.europa.eu/esco/skill/3c134a08-521f-489d-9ff0-d84fcdc963eb,http://data.europa.eu/esco/skill/3c134a08-521f-489d-9ff0-d84fcdc963eb,IN_COLLECTION,Digital,high,True
http://data.europa.eu/esco/skill/3c1af34b-4562-4c39-a30e-0812b84a147e,http://data.europa.eu/esco/skill/3c1af34b-4562-4c39-a30e-0812b84a147e,IN_COLLECTION,Digital,high,True
http://data.europa.eu/esco/skill/3c4c3fa1-d638-42df-8e98-2a38021da6f9,http://data.europa.eu/esco/skill/3c4c3fa1-d638-42df-8e98-2a38021da6f9,IN_COLLECTION,Digital,high,True
http://data.europa.eu/esco/skill/3c6fe585-7d12-4315-b579-e30c042088ce,http://data.europa.eu/esco/skill/3c6fe585-7d12-4315-b579-e30c042088ce,IN_COLLECTION,Digital,high,True
http://data.europa.eu/esco/skill/3c748b49-fe85-42f6-b62d-b877bc8edb29,http://data.europa.eu/esco/skill/3c748b49-fe85-42f6-b62d-b877bc8edb29,IN_COLLECTION,Digital,high,True
http://data.europa.eu/esco/skill/3c7d58c9-125e-4d8d-9102-b8022c54d0b5,http://data.europa.eu/esco/skill/3c7d58c9-125e-4d8d-9102-b8022c54d0b5,IN_COLLECTION,Digital,high,True
http://data.europa.eu/esco/skill/3cc1ee94-ab2c-4f35-8171-3cf4b5b664e4,http://data.europa.eu/esco/skill/3cc1ee94-ab2c-4f35-8171-3cf4b5b664e4,IN_COLLECTION,Digital,high,True
http://data.europa.eu/esco/skill/3cd569a2-4f88-4c1e-9995-8dce8c5e51a7,http://data.europa.eu/esco/skill/3cd569a2-4f88-4c1e-9995-8dce8c5e51a7,IN_COLLECTION,Digital,high,True
http://data.europa.eu/esco/skill/3ce1fe19-7f9e-4070-941d-651673a5693b,http://data.europa.eu/esco/skill/3ce1fe19-7f9e-4070-941d-651673a5693b,IN_COLLECTION,Digital,high,True
http://data.europa.eu/esco/skill/3cee858e-79e8-4a4b-b99f-93c7f735d58b,http://data.europa.eu/esco/skill/3cee858e-79e8-4a4b-b99f-93c7f735d58b,IN_COLLECTION,Digital,high,True
http://data.europa.eu/esco/skill/3cfa46e9-b7da-44ac-b09e-9596dffe0425,http://data.europa.eu/esco/skill/3cfa46e9-b7da-44ac-b09e-9596dffe0425,IN_COLLECTION,Digital,high,True
http://data.europa.eu/esco/skill/3d03c40c-1b83-4793-8902-2523f40af59e,http://data.europa.eu/esco/skill/3d03c40c-1b83-4793-8902-2523f40af59e,IN_COLLECTION,Digital,high,True
http://data.europa.eu/esco/skill/3d427a49-4f85-42cd-8a92-62d4a34f41a1,http://data.europa.eu/esco/skill/3d427a49-4f85-42cd-8a92-62d4a34f41a1,IN_COLLECTION,Digital,high,True
http://data.europa.eu/esco/skill/3d957fb2-b8f4-4b4c-b955-23299c761ad5,http://data.europa.eu/esco/skill/3d957fb2-b8f4-4b4c-b955-23299c761ad5,IN_COLLECTION,Digital,high,True
http://data.europa.eu/esco/skill/3dc6fd8e-6ff7-432e-a262-04d487858efb,http://data.europa.eu/esco/skill/3dc6fd8e-6ff7-432e-a262-04d487858efb,IN_COLLECTION,Digital,high,True
http://data.europa.eu/esco/skill/3e23db60-0c3d-498a-a6ac-ffbed0ecb033,http://data.europa.eu/esco/skill/3e23db60-0c3d-498a-a6ac-ffbed0ecb033,IN_COLLECTION,Digital,high,True
http://data.europa.eu/esco/skill/3e2ab38a-4519-4bef-b762-a8bf4836a775,http://data.europa.eu/esco/skill/3e2ab38a-4519-4bef-b762-a8bf4836a775,IN_COLLECTION,Digital,high,True
http://data.europa.eu/esco/skill/3e7516dc-0f7c-4686-8b2f-fade4e5d21be,http://data.europa.eu/esco/skill/3e7516dc-0f7c-4686-8b2f-fade4e5d21be,IN_COLLECTION,Digital,high,True
http://data.europa.eu/esco/skill/3e75d405-c3d1-4a66-9963-05a9397d68fb,http://data.europa.eu/esco/skill/3e75d405-c3d1-4a66-9963-05a9397d68fb,IN_COLLECTION,Digital,high,True
http://data.europa.eu/esco/skill/3ec2e4d6-7000-4905-bf1a-c5b1679416de,http://data.europa.eu/esco/skill/3ec2e4d6-7000-4905-bf1a-c5b1679416de,IN_COLLECTION,Digital,high,True
http://data.europa.eu/esco/skill/3f4dab51-572b-4e2c-85ef-3b4c3f7094e1,http://data.europa.eu/esco/skill/3f4dab51-572b-4e2c-85ef-3b4c3f7094e1,IN_COLLECTION,Digital,high,True
http://data.europa.eu/esco/skill/3fb8b724-1d52-4d11-b8b8-1776f558d1f0,http://data.europa.eu/esco/skill/3fb8b724-1d52-4d11-b8b8-1776f558d1f0,IN_COLLECTION,Digital,high,True
http://data.europa.eu/esco/skill/3ff589b7-68df-4ea5-ae41-b395bdb2378f,http://data.europa.eu/esco/skill/3ff589b7-68df-4ea5-ae41-b395bdb2378f,IN_COLLECTION,Digital,high,True
http://data.europa.eu/esco/skill/40001d93-8937-4859-89d5-2dca53290ff4,http://data.europa.eu/esco/skill/40001d93-8937-4859-89d5-2dca53290ff4,IN_COLLECTION,Digital,high,True
http://data.europa.eu/esco/skill/401eb8d8-6daa-4f8b-90ad-60afc71eb4f8,http://data.europa.eu/esco/skill/401eb8d8-6daa-4f8b-90ad-60afc71eb4f8,IN_COLLECTION,Digital,high,True
http://data.europa.eu/esco/skill/406117ad-e035-483f-bbd3-9f6c2d95e535,http://data.europa.eu/esco/skill/406117ad-e035-483f-bbd3-9f6c2d95e535,IN_COLLECTION,Digital,high,True
http://data.europa.eu/esco/skill/40802f0d-d400-404c-bc26-f9ba4eb6195a,http://data.europa.eu/esco/skill/40802f0d-d400-404c-bc26-f9ba4eb6195a,IN_COLLECTION,Digital,high,True
http://data.europa.eu/esco/skill/4095c6dd-3b00-44d1-9308-878e08737e92,http://data.europa.eu/esco/skill/4095c6dd-3b00-44d1-9308-878e08737e92,IN_COLLECTION,Digital,high,True
http://data.europa.eu/esco/skill/40c815cd-30a2-42e5-a549-bf9017cb6df3,http://data.europa.eu/esco/skill/40c815cd-30a2-42e5-a549-bf9017cb6df3,IN_COLLECTION,Digital,high,True
http://data.europa.eu/esco/skill/417d5c34-3261-4e88-a860-d0ac725965bf,http://data.europa.eu/esco/skill/417d5c34-3261-4e88-a860-d0ac725965bf,IN_COLLECTION,Digital,high,True
http://data.europa.eu/esco/skill/417eb6b1-9e5b-4b3a-bfd0-85132c9f648d,http://data.europa.eu/esco/skill/417eb6b1-9e5b-4b3a-bfd0-85132c9f648d,IN_COLLECTION,Digital,high,True
http://data.europa.eu/esco/skill/418a56a2-7cfc-4b6d-8cf5-5c2add99a849,http://data.europa.eu/esco/skill/418a56a2-7cfc-4b6d-8cf5-5c2add99a849,IN_COLLECTION,Digital,high,True
http://data.europa.eu/esco/skill/41be77d3-d683-4221-a0e4-fff732212402,http://data.europa.eu/esco/skill/41be77d3-d683-4221-a0e4-fff732212402,IN_COLLECTION,Digital,high,True
http://data.europa.eu/esco/skill/41ec47dd-08b3-464a-9c45-c706f3e74467,http://data.europa.eu/esco/skill/41ec47dd-08b3-464a-9c45-c706f3e74467,IN_COLLECTION,Digital,high,True
http://data.europa.eu/esco/skill/41f2f9bf-1440-49f7-bbb1-2c3c3ea93f76,http://data.europa.eu/esco/skill/41f2f9bf-1440-49f7-bbb1-2c3c3ea93f76,IN_COLLECTION,Digital,high,True
http://data.europa.eu/esco/skill/4216e465-7baa-4884-a241-54b197bb9278,http://data.europa.eu/esco/skill/4216e465-7baa-4884-a241-54b197bb9278,IN_COLLECTION,Digital,high,True
http://data.europa.eu/esco/skill/42c3287f-5e50-4559-a2d1-2000c70e0aab,http://data.europa.eu/esco/skill/42c3287f-5e50-4559-a2d1-2000c70e0aab,IN_COLLECTION,Digital,high,True
http://data.europa.eu/esco/skill/42cb7669-c371-4903-9c0b-13db67b2e4bb,http://data.europa.eu/esco/skill/42cb7669-c371-4903-9c0b-13db67b2e4bb,IN_COLLECTION,Digital,high,True
http://data.europa.eu/esco/skill/42ed3bfb-1a01-4c8b-9758-fc6438865734,http://data.europa.eu/esco/skill/42ed3bfb-1a01-4c8b-9758-fc6438865734,IN_COLLECTION,Digital,high,True
http://data.europa.eu/esco/skill/42fcf80d-7b45-40f3-bd2f-5411c4c0dfa0,http://data.europa.eu/esco/skill/42fcf80d-7b45-40f3-bd2f-5411c4c0dfa0,IN_COLLECTION,Digital,high,True
http://data.europa.eu/esco/skill/4350c38d-0fe9-4ca7-bab9-40ed7f72b04f,http://data.europa.eu/esco/skill/4350c38d-0fe9-4ca7-bab9-40ed7f72b04f,IN_COLLECTION,Digital,high,True
http://data.europa.eu/esco/skill/438ff259-d086-4004-acda-1ec3e1631bc6,http://data.europa.eu/esco/skill/438ff259-d086-4004-acda-1ec3e1631bc6,IN_COLLECTION,Digital,high,True
http://data.europa.eu/esco/skill/43ae58b9-5e56-4524-b45a-b422777a0576,http://data.europa.eu/esco/skill/43ae58b9-5e56-4524-b45a-b422777a0576,IN_COLLECTION,Digital,high,True
http://data.europa.eu/esco/skill/43dfbe7f-9e10-4871-b171-e5076737b4cf,http://data.europa.eu/esco/skill/43dfbe7f-9e10-4871-b171-e5076737b4cf,IN_COLLECTION,Digital,high,True
http://data.europa.eu/esco/skill/43ec6db6-33f7-449b-a566-5779a7e8997a,http://data.europa.eu/esco/skill/43ec6db6-33f7-449b-a566-5779a7e8997a,IN_COLLECTION,Digital,high,True
http://data.europa.eu/esco/skill/440d5784-52a5-4729-8b04-29f978bd896d,http://data.europa.eu/esco/skill/440d5784-52a5-4729-8b04-29f978bd896d,IN_COLLECTION,Digital,high,True
http://data.europa.eu/esco/skill/440d7494-3d79-4e1f-83ba-b346e116b471,http://data.europa.eu/esco/skill/440d7494-3d79-4e1f-83ba-b346e116b471,IN_COLLECTION,Digital,high,True
http://data.europa.eu/esco/skill/440f64e5-e66c-45ee-bc29-53c14a2ad720,http://data.europa.eu/esco/skill/440f64e5-e66c-45ee-bc29-53c14a2ad720,IN_COLLECTION,Digital,high,True
http://data.europa.eu/esco/skill/4463a721-69f3-413d-8321-43e3af13a4f1,http://data.europa.eu/esco/skill/4463a721-69f3-413d-8321-43e3af13a4f1,IN_COLLECTION,Digital,high,True
http://data.europa.eu/esco/skill/446d29ed-9eaa-4798-bb91-5f196651ad0a,http://data.europa.eu/esco/skill/446d29ed-9eaa-4798-bb91-5f196651ad0a,IN_COLLECTION,Digital,high,True
http://data.europa.eu/esco/skill/44847349-e7ff-4bdb-82b9-6a18140efcaf,http://data.europa.eu/esco/skill/44847349-e7ff-4bdb-82b9-6a18140efcaf,IN_COLLECTION,Digital,high,True
http://data.europa.eu/esco/skill/449d119b-2d66-43a9-9230-7d27f16afbb6,http://data.europa.eu/esco/skill/449d119b-2d66-43a9-9230-7d27f16afbb6,IN_COLLECTION,Digital,high,True
http://data.europa.eu/esco/skill/44a117a9-4443-43a4-b037-23c716af671e,http://data.europa.eu/esco/skill/44a117a9-4443-43a4-b037-23c716af671e,IN_COLLECTION,Digital,high,True
http://data.europa.eu/esco/skill/44b1a100-7240-4943-9133-d8c6d1f0b50a,http://data.europa.eu/esco/skill/44b1a100-7240-4943-9133-d8c6d1f0b50a,IN_COLLECTION,Digital,high,True
http://data.europa.eu/esco/skill/4503c65f-2bd0-4aa5-91cd-4188c7e5e31b,http://data.europa.eu/esco/skill/4503c65f-2bd0-4aa5-91cd-4188c7e5e31b,IN_COLLECTION,Digital,high,True
http://data.europa.eu/esco/skill/455a7133-cf0f-4c74-a91f-fd35c0d25b79,http://data.europa.eu/esco/skill/455a7133-cf0f-4c74-a91f-fd35c0d25b79,IN_COLLECTION,Digital,high,True
http://data.europa.eu/esco/skill/4570a262-b51f-46a1-a834-13ff67bee1c8,http://data.europa.eu/esco/skill/4570a262-b51f-46a1-a834-13ff67bee1c8,IN_COLLECTION,Digital,high,True
http://data.europa.eu/esco/skill/45a16833-6666-488d-aadf-e02e569275e8,http://data.europa.eu/esco/skill/45a16833-6666-488d-aadf-e02e569275e8,IN_COLLECTION,Digital,high,True
http://data.europa.eu/esco/skill/45f1ae17-c20d-40fc-9307-7d33b6ca9213,http://data.europa.eu/esco/skill/45f1ae17-c20d-40fc-9307-7d33b6ca9213,IN_COLLECTION,Digital,high,True
http://data.europa.eu/esco/skill/465e7c78-cd26-4503-a5ca-40009e807705,http://data.europa.eu/esco/skill/465e7c78-cd26-4503-a5ca-40009e807705,IN_COLLECTION,Digital,high,True
http://data.europa.eu/esco/skill/46e93774-7c6a-4dc5-bae9-be97cc461093,http://data.europa.eu/esco/skill/46e93774-7c6a-4dc5-bae9-be97cc461093,IN_COLLECTION,Digital,high,True
http://data.europa.eu/esco/skill/46ec0033-3c71-415e-bcff-b065675ba2dc,http://data.europa.eu/esco/skill/46ec0033-3c71-415e-bcff-b065675ba2dc,IN_COLLECTION,Digital,high,True
http://data.europa.eu/esco/skill/4720fc66-0202-4a4b-bbe8-129d908e5a15,http://data.europa.eu/esco/skill/4720fc66-0202-4a4b-bbe8-129d908e5a15,IN_COLLECTION,Digital,high,True
http://data.europa.eu/esco/skill/4754d9fe-dc3a-4f8f-8ea6-5dbcea3a21ca,http://data.europa.eu/esco/skill/4754d9fe-dc3a-4f8f-8ea6-5dbcea3a21ca,IN_COLLECTION,Digital,high,True
http://data.europa.eu/esco/skill/479944ef-8d2c-4279-b3d1-2b85c761fb30,http://data.europa.eu/esco/skill/479944ef-8d2c-4279-b3d1-2b85c761fb30,IN_COLLECTION,Digital,high,True
http://data.europa.eu/esco/skill/47a2917b-a771-4687-90fc-5562523cf4a6,http://data.europa.eu/esco/skill/47a2917b-a771-4687-90fc-5562523cf4a6,IN_COLLECTION,Digital,high,True
http://data.europa.eu/esco/skill/47a49cd6-097d-457a-9f7b-c290c14930d5,http://data.europa.eu/esco/skill/47a49cd6-097d-457a-9f7b-c290c14930d5,IN_COLLECTION,Digital,high,True
http://data.europa.eu/esco/skill/47b9bbcf-356c-4782-83a4-7f5a1b2b51a3,http://data.europa.eu/esco/skill/47b9bbcf-356c-4782-83a4-7f5a1b2b51a3,IN_COLLECTION,Digital,high,True
http://data.europa.eu/esco/skill/47ca0da1-cae5-4395-ae6b-fd97b9ff48d3,http://data.europa.eu/esco/skill/47ca0da1-cae5-4395-ae6b-fd97b9ff48d3,IN_COLLECTION,Digital,high,True
http://data.europa.eu/esco/skill/4840338b-ac6c-486a-be1d-9ddfe00b8bdf,http://data.europa.eu/esco/skill/4840338b-ac6c-486a-be1d-9ddfe00b8bdf,IN_COLLECTION,Digital,high,True
http://data.europa.eu/esco/skill/484d048c-a5d1-46a5-b57f-45b69c0ac552,http://data.europa.eu/esco/skill/484d048c-a5d1-46a5-b57f-45b69c0ac552,IN_COLLECTION,Digital,high,True
http://data.europa.eu/esco/skill/484df271-bb52-49f1-8f50-f19624bf4df2,http://data.europa.eu/esco/skill/484df271-bb52-49f1-8f50-f19624bf4df2,IN_COLLECTION,Digital,high,True
http://data.europa.eu/esco/skill/487fd260-be20-4980-a8e4-b819f0b549f1,http://data.europa.eu/esco/skill/487fd260-be20-4980-a8e4-b819f0b549f1,IN_COLLECTION,Digital,high,True
http://data.europa.eu/esco/skill/489b2571-ce18-4944-b452-ed1f54e55b68,http://data.europa.eu/esco/skill/489b2571-ce18-4944-b452-ed1f54e55b68,IN_COLLECTION,Digital,high,True
http://data.europa.eu/esco/skill/48db96bf-3314-45c6-bad8-fdb6e20e5639,http://data.europa.eu/esco/skill/48db96bf-3314-45c6-bad8-fdb6e20e5639,IN_COLLECTION,Digital,high,True
http://data.europa.eu/esco/skill/4918ec9a-0204-4935-8b09-b0112370daa8,http://data.europa.eu/esco/skill/4918ec9a-0204-4935-8b09-b0112370daa8,IN_COLLECTION,Digital,high,True
http://data.europa.eu/esco/skill/49320ec7-65f9-4f90-bed2-2d41784f1836,http://data.europa.eu/esco/skill/49320ec7-65f9-4f90-bed2-2d41784f1836,IN_COLLECTION,Digital,high,True
http://data.europa.eu/esco/skill/4959697d-3a24-4f46-af0c-b752318e6c54,http://data.europa.eu/esco/skill/4959697d-3a24-4f46-af0c-b752318e6c54,IN_COLLECTION,Digital,high,True
http://data.europa.eu/esco/skill/495ce586-09d7-4cec-83d7-2821be6590c4,http://data.europa.eu/esco/skill/495ce586-09d7-4cec-83d7-2821be6590c4,IN_COLLECTION,Digital,high,True
http://data.europa.eu/esco/skill/49f85a99-086c-45b6-a6fa-eb90305af7b1,http://data.europa.eu/esco/skill/49f85a99-086c-45b6-a6fa-eb90305af7b1,IN_COLLECTION,Digital,high,True
http://data.europa.eu/esco/skill/49fed129-e32b-4f67-b80a-609d79e45b20,http://data.europa.eu/esco/skill/49fed129-e32b-4f67-b80a-609d79e45b20,IN_COLLECTION,Digital,high,True
http://data.europa.eu/esco/skill/4a2a63e6-5c62-43a0-a375-fdf4c2805270,http://data.europa.eu/esco/skill/4a2a63e6-5c62-43a0-a375-fdf4c2805270,IN_COLLECTION,Digital,high,True
http://data.europa.eu/esco/skill/4a466c62-db7d-4905-9a41-f23214810acb,http://data.europa.eu/esco/skill/4a466c62-db7d-4905-9a41-f23214810acb,IN_COLLECTION,Digital,high,True
http://data.europa.eu/esco/skill/4b244020-5f28-4e20-b74f-1c2dcb6f15cb,http://data.europa.eu/esco/skill/4b244020-5f28-4e20-b74f-1c2dcb6f15cb,IN_COLLECTION,Digital,high,True
http://data.europa.eu/esco/skill/4b3ae518-6746-4487-8d3b-4cfc063a43d0,http://data.europa.eu/esco/skill/4b3ae518-6746-4487-8d3b-4cfc063a43d0,IN_COLLECTION,Digital,high,True
http://data.europa.eu/esco/skill/4b51e76e-9e8a-455f-a289-5b48246345c4,http://data.europa.eu/esco/skill/4b51e76e-9e8a-455f-a289-5b48246345c4,IN_COLLECTION,Digital,high,True
http://data.europa.eu/esco/skill/4b88b1ee-c2d9-473a-9fe8-ba3b9c0c179a,http://data.europa.eu/esco/skill/4b88b1ee-c2d9-473a-9fe8-ba3b9c0c179a,IN_COLLECTION,Digital,high,True
http://data.europa.eu/esco/skill/4bd3cd7d-b061-4cc2-ba8d-3262065ebbf0,http://data.europa.eu/esco/skill/4bd3cd7d-b061-4cc2-ba8d-3262065ebbf0,IN_COLLECTION,Digital,high,True
http://data.europa.eu/esco/skill/4bf59dde-8a03-483f-976a-45764f1e6d6f,http://data.europa.eu/esco/skill/4bf59dde-8a03-483f-976a-45764f1e6d6f,IN_COLLECTION,Digital,high,True
http://data.europa.eu/esco/skill/4c016b68-4116-468c-9dc6-42710c239e4a,http://data.europa.eu/esco/skill/4c016b68-4116-468c-9dc6-42710c239e4a,IN_COLLECTION,Digital,high,True
http://data.europa.eu/esco/skill/4cb58ef4-67a9-4bea-a743-2c83ebd60e79,http://data.europa.eu/esco/skill/4cb58ef4-67a9-4bea-a743-2c83ebd60e79,IN_COLLECTION,Digital,high,True
http://data.europa.eu/esco/skill/4cdbc76c-75d8-4e12-8653-4820c2d5446f,http://data.europa.eu/esco/skill/4cdbc76c-75d8-4e12-8653-4820c2d5446f,IN_COLLECTION,Digital,high,True
http://data.europa.eu/esco/skill/4ce06d6b-f3df-40b6-b950-570be5008032,http://data.europa.eu/esco/skill/4ce06d6b-f3df-40b6-b950-570be5008032,IN_COLLECTION,Digital,high,True
http://data.europa.eu/esco/skill/4d85b881-e490-4b4c-897a-2faa4ef53956,http://data.europa.eu/esco/skill/4d85b881-e490-4b4c-897a-2faa4ef53956,IN_COLLECTION,Digital,high,True
http://data.europa.eu/esco/skill/4d97e3c3-f335-47cc-a4ee-0d779fd42222,http://data.europa.eu/esco/skill/4d97e3c3-f335-47cc-a4ee-0d779fd42222,IN_COLLECTION,Digital,high,True
http://data.europa.eu/esco/skill/4da171e5-779c-4983-a76f-91c16751e99f,http://data.europa.eu/esco/skill/4da171e5-779c-4983-a76f-91c16751e99f,IN_COLLECTION,Digital,high,True
http://data.europa.eu/esco/skill/4da4587a-fd0b-4ca2-886c-c42a1562d432,http://data.europa.eu/esco/skill/4da4587a-fd0b-4ca2-886c-c42a1562d432,IN_COLLECTION,Digital,high,True
http://data.europa.eu/esco/skill/4dc5042a-b2b4-4ad5-a39b-3558b073cec7,http://data.europa.eu/esco/skill/4dc5042a-b2b4-4ad5-a39b-3558b073cec7,IN_COLLECTION,Digital,high,True
http://data.europa.eu/esco/skill/4e6d2538-a48e-48a7-8dad-14b067cfcb8b,http://data.europa.eu/esco/skill/4e6d2538-a48e-48a7-8dad-14b067cfcb8b,IN_COLLECTION,Digital,high,True
http://data.europa.eu/esco/skill/4ed46658-cc30-4d37-9301-47dd354c92a2,http://data.europa.eu/esco/skill/4ed46658-cc30-4d37-9301-47dd354c92a2,IN_COLLECTION,Digital,high,True
http://data.europa.eu/esco/skill/4ef13dee-380d-4b76-9034-c4995045303f,http://data.europa.eu/esco/skill/4ef13dee-380d-4b76-9034-c4995045303f,IN_COLLECTION,Digital,high,True
http://data.europa.eu/esco/skill/4f1afd9d-77a7-40f8-a3c7-fe18b984ce43,http://data.europa.eu/esco/skill/4f1afd9d-77a7-40f8-a3c7-fe18b984ce43,IN_COLLECTION,Digital,high,True
http://data.europa.eu/esco/skill/4f5c1208-62fd-4e5a-a51e-306c06947e11,http://data.europa.eu/esco/skill/4f5c1208-62fd-4e5a-a51e-306c06947e11,IN_COLLECTION,Digital,high,True
http://data.europa.eu/esco/skill/4f5ccaad-0e4f-4e9f-8246-47765564387d,http://data.europa.eu/esco/skill/4f5ccaad-0e4f-4e9f-8246-47765564387d,IN_COLLECTION,Digital,high,True
http://data.europa.eu/esco/skill/4f6b656a-54d0-48ce-9b55-ebcac5904a14,http://data.europa.eu/esco/skill/4f6b656a-54d0-48ce-9b55-ebcac5904a14,IN_COLLECTION,Digital,high,True
http://data.europa.eu/esco/skill/4f7fa632-15a6-4739-930b-abbac8055a80,http://data.europa.eu/esco/skill/4f7fa632-15a6-4739-930b-abbac8055a80,IN_COLLECTION,Digital,high,True
http://data.europa.eu/esco/skill/4fea6307-bdc0-423d-ad63-c61755c14522,http://data.europa.eu/esco/skill/4fea6307-bdc0-423d-ad63-c61755c14522,IN_COLLECTION,Digital,high,True
http://data.europa.eu/esco/skill/4ff549c3-daa5-4def-9916-301c7bdf13b8,http://data.europa.eu/esco/skill/4ff549c3-daa5-4def-9916-301c7bdf13b8,IN_COLLECTION,Digital,high,True
http://data.europa.eu/esco/skill/4ffc3a4c-b4f3-4082-b030-93799725d01b,http://data.europa.eu/esco/skill/4ffc3a4c-b4f3-4082-b030-93799725d01b,IN_COLLECTION,Digital,high,True
http://data.europa.eu/esco/skill/501537a7-9d63-491d-ae02-09f04767ff1e,http://data.europa.eu/esco/skill/501537a7-9d63-491d-ae02-09f04767ff1e,IN_COLLECTION,Digital,high,True
http://data.europa.eu/esco/skill/50597e96-9b6a-4736-ac79-dd80f36c0269,http://data.europa.eu/esco/skill/50597e96-9b6a-4736-ac79-dd80f36c0269,IN_COLLECTION,Digital,high,True
http://data.europa.eu/esco/skill/505e4ef3-7ce4-437d-b7b4-5c608f71c258,http://data.europa.eu/esco/skill/505e4ef3-7ce4-437d-b7b4-5c608f71c258,IN_COLLECTION,Digital,high,True
http://data.europa.eu/esco/skill/5063a99f-975b-4a7c-85e3-69ecb375b4d3,http://data.europa.eu/esco/skill/5063a99f-975b-4a7c-85e3-69ecb375b4d3,IN_COLLECTION,Digital,high,True
http://data.europa.eu/esco/skill/509909a2-4a8f-4ead-8ad0-968df63b77cc,http://data.europa.eu/esco/skill/509909a2-4a8f-4ead-8ad0-968df63b77cc,IN_COLLECTION,Digital,high,True
http://data.europa.eu/esco/skill/50b100ea-74fd-4706-99db-3e4ca55e51b8,http://data.europa.eu/esco/skill/50b100ea-74fd-4706-99db-3e4ca55e51b8,IN_COLLECTION,Digital,high,True
http://data.europa.eu/esco/skill/5120f979-6450-4132-874a-7f7679c7ca14,http://data.europa.eu/esco/skill/5120f979-6450-4132-874a-7f7679c7ca14,IN_COLLECTION,Digital,high,True
http://data.europa.eu/esco/skill/51586df8-1c46-4b47-8583-773cb63bf00b,http://data.europa.eu/esco/skill/51586df8-1c46-4b47-8583-773cb63bf00b,IN_COLLECTION,Digital,high,True
http://data.europa.eu/esco/skill/51927003-a757-4552-804f-c045e21fdaf2,http://data.europa.eu/esco/skill/51927003-a757-4552-804f-c045e21fdaf2,IN_COLLECTION,Digital,high,True
http://data.europa.eu/esco/skill/51b18096-85e6-425b-bb15-03a74eeda0dc,http://data.europa.eu/esco/skill/51b18096-85e6-425b-bb15-03a74eeda0dc,IN_COLLECTION,Digital,high,True
http://data.europa.eu/esco/skill/52739347-5eaa-4c9e-8cde-af7d2ba83320,http://data.europa.eu/esco/skill/52739347-5eaa-4c9e-8cde-af7d2ba83320,IN_COLLECTION,Digital,high,True
http://data.europa.eu/esco/skill/5284ecee-93dd-4145-a3c0-584af836c69e,http://data.europa.eu/esco/skill/5284ecee-93dd-4145-a3c0-584af836c69e,IN_COLLECTION,Digital,high,True
http://data.europa.eu/esco/skill/52b38e90-3d05-4042-a9e2-d19dec8dd7c1,http://data.europa.eu/esco/skill/52b38e90-3d05-4042-a9e2-d19dec8dd7c1,IN_COLLECTION,Digital,high,True
http://data.europa.eu/esco/skill/52c0b1a2-a57f-488b-b09d-19af929412aa,http://data.europa.eu/esco/skill/52c0b1a2-a57f-488b-b09d-19af929412aa,IN_COLLECTION,Digital,high,True
http://data.europa.eu/esco/skill/52cf3037-ab53-4806-85ed-7fd21ea7f6a1,http://data.europa.eu/esco/skill/52cf3037-ab53-4806-85ed-7fd21ea7f6a1,IN_COLLECTION,Digital,high,True
http://data.europa.eu/esco/skill/52e3507b-1cad-409f-9146-3c5e2afe7df9,http://data.europa.eu/esco/skill/52e3507b-1cad-409f-9146-3c5e2afe7df9,IN_COLLECTION,Digital,high,True
http://data.europa.eu/esco/skill/5303169c-75d6-4751-9136-a4b88343388c,http://data.europa.eu/esco/skill/5303169c-75d6-4751-9136-a4b88343388c,IN_COLLECTION,Digital,high,True
http://data.europa.eu/esco/skill/53141450-2fa9-4890-a64e-7ffd4e1144be,http://data.europa.eu/esco/skill/53141450-2fa9-4890-a64e-7ffd4e1144be,IN_COLLECTION,Digital,high,True
http://data.europa.eu/esco/skill/53403f06-6c51-4a24-9491-d8a6200526ce,http://data.europa.eu/esco/skill/53403f06-6c51-4a24-9491-d8a6200526ce,IN_COLLECTION,Digital,high,True
http://data.europa.eu/esco/skill/53456d90-8c0d-4bd2-9f1b-312619b6e2a6,http://data.europa.eu/esco/skill/53456d90-8c0d-4bd2-9f1b-312619b6e2a6,IN_COLLECTION,Digital,high,True
http://data.europa.eu/esco/skill/5354a726-ee64-4f34-90f8-8436f9f374b8,http://data.europa.eu/esco/skill/5354a726-ee64-4f34-90f8-8436f9f374b8,IN_COLLECTION,Digital,high,True
http://data.europa.eu/esco/skill/53780150-1581-4ae6-b435-34068c172caf,http://data.europa.eu/esco/skill/53780150-1581-4ae6-b435-34068c172caf,IN_COLLECTION,Digital,high,True
http://data.europa.eu/esco/skill/541561bc-510c-4a99-881c-2d8bf5a85462,http://data.europa.eu/esco/skill/541561bc-510c-4a99-881c-2d8bf5a85462,IN_COLLECTION,Digital,high,True
http://data.europa.eu/esco/skill/545c80e8-7ab2-42fe-af64-242211e94709,http://data.europa.eu/esco/skill/545c80e8-7ab2-42fe-af64-242211e94709,IN_COLLECTION,Digital,high,True
http://data.europa.eu/esco/skill/546a96b1-5f0a-4c80-b3c5-8ac0830d9f0e,http://data.europa.eu/esco/skill/546a96b1-5f0a-4c80-b3c5-8ac0830d9f0e,IN_COLLECTION,Digital,high,True
http://data.europa.eu/esco/skill/5475343c-5e75-415f-b431-17f3c20a347e,http://data.europa.eu/esco/skill/5475343c-5e75-415f-b431-17f3c20a347e,IN_COLLECTION,Digital,high,True
http://data.europa.eu/esco/skill/54924a2c-daca-40d3-9716-4b38ceb04f38,http://data.europa.eu/esco/skill/54924a2c-daca-40d3-9716-4b38ceb04f38,IN_COLLECTION,Digital,high,True
http://data.europa.eu/esco/skill/54971fec-1c2f-49c0-9396-2f0c9fa5c8c0,http://data.europa.eu/esco/skill/54971fec-1c2f-49c0-9396-2f0c9fa5c8c0,IN_COLLECTION,Digital,high,True
http://data.europa.eu/esco/skill/54ae8c54-2aad-46fc-bff2-9d44d0ec7a6e,http://data.europa.eu/esco/skill/54ae8c54-2aad-46fc-bff2-9d44d0ec7a6e,IN_COLLECTION,Digital,high,True
http://data.europa.eu/esco/skill/54b4a91f-9db8-4b67-a20d-9b6ceb9c2315,http://data.europa.eu/esco/skill/54b4a91f-9db8-4b67-a20d-9b6ceb9c2315,IN_COLLECTION,Digital,high,True
http://data.europa.eu/esco/skill/54d774a3-de3b-4425-b0d7-c03bc99a0937,http://data.europa.eu/esco/skill/54d774a3-de3b-4425-b0d7-c03bc99a0937,IN_COLLECTION,Digital,high,True
http://data.europa.eu/esco/skill/54ddd422-5905-44db-93d4-03b17b913c5e,http://data.europa.eu/esco/skill/54ddd422-5905-44db-93d4-03b17b913c5e,IN_COLLECTION,Digital,high,True
http://data.europa.eu/esco/skill/553e1d2d-abf1-4b37-8ac4-c5c78a8edbc0,http://data.europa.eu/esco/skill/553e1d2d-abf1-4b37-8ac4-c5c78a8edbc0,IN_COLLECTION,Digital,high,True
http://data.europa.eu/esco/skill/557c86b8-a0bc-4545-bb30-d141b1d60bc1,http://data.europa.eu/esco/skill/557c86b8-a0bc-4545-bb30-d141b1d60bc1,IN_COLLECTION,Digital,high,True
http://data.europa.eu/esco/skill/557e9247-1a2d-4497-aa7f-0cded7768da1,http://data.europa.eu/esco/skill/557e9247-1a2d-4497-aa7f-0cded7768da1,IN_COLLECTION,Digital,high,True
http://data.europa.eu/esco/skill/55c16653-343c-4d02-a9de-7d8e864a4592,http://data.europa.eu/esco/skill/55c16653-343c-4d02-a9de-7d8e864a4592,IN_COLLECTION,Digital,high,True
http://data.europa.eu/esco/skill/55cc1f3f-69fc-46ec-b24a-9708f6bd92b4,http://data.europa.eu/esco/skill/55cc1f3f-69fc-46ec-b24a-9708f6bd92b4,IN_COLLECTION,Digital,high,True
http://data.europa.eu/esco/skill/55cd5608-1497-4ed1-96d0-cb9494749a09,http://data.europa.eu/esco/skill/55cd5608-1497-4ed1-96d0-cb9494749a09,IN_COLLECTION,Digital,high,True
http://data.europa.eu/esco/skill/5608d5a0-6d5e-43b7-be37-616501729bb4,http://data.europa.eu/esco/skill/5608d5a0-6d5e-43b7-be37-616501729bb4,IN_COLLECTION,Digital,high,True
http://data.europa.eu/esco/skill/5645b349-2b67-48cf-b290-bbb029e59dcf,http://data.europa.eu/esco/skill/5645b349-2b67-48cf-b290-bbb029e59dcf,IN_COLLECTION,Digital,high,True
http://data.europa.eu/esco/skill/56a10e3e-c9e7-4d39-b6f1-6013398fcb3a,http://data.europa.eu/esco/skill/56a10e3e-c9e7-4d39-b6f1-6013398fcb3a,IN_COLLECTION,Digital,high,True
http://data.europa.eu/esco/skill/56a7f561-1d55-43c9-9cd7-36a0a9bc6c50,http://data.europa.eu/esco/skill/56a7f561-1d55-43c9-9cd7-36a0a9bc6c50,IN_COLLECTION,Digital,high,True
http://data.europa.eu/esco/skill/5706691c-2c38-46e4-9e88-c55be7e5d3ff,http://data.europa.eu/esco/skill/5706691c-2c38-46e4-9e88-c55be7e5d3ff,IN_COLLECTION,Digital,high,True
http://data.europa.eu/esco/skill/571c8cb7-33f5-4a2e-999d-35688afed581,http://data.europa.eu/esco/skill/571c8cb7-33f5-4a2e-999d-35688afed581,IN_COLLECTION,Digital,high,True
http://data.europa.eu/esco/skill/57231a22-4da7-49c8-97b8-75672feadf1e,http://data.europa.eu/esco/skill/57231a22-4da7-49c8-97b8-75672feadf1e,IN_COLLECTION,Digital,high,True
http://data.europa.eu/esco/skill/574032f3-e427-49ad-8d88-2341ac6e1a7d,http://data.europa.eu/esco/skill/574032f3-e427-49ad-8d88-2341ac6e1a7d,IN_COLLECTION,Digital,high,True
http://data.europa.eu/esco/skill/580660a6-5d3a-421d-a54f-d85b706c2b2f,http://data.europa.eu/esco/skill/580660a6-5d3a-421d-a54f-d85b706c2b2f,IN_COLLECTION,Digital,high,True
http://data.europa.eu/esco/skill/5865c47c-cf1a-4dcb-8871-d4a1ea4b047b,http://data.europa.eu/esco/skill/5865c47c-cf1a-4dcb-8871-d4a1ea4b047b,IN_COLLECTION,Digital,high,True
http://data.europa.eu/esco/skill/58783f72-5098-4807-b1d1-954ec2ae94c4,http://data.europa.eu/esco/skill/58783f72-5098-4807-b1d1-954ec2ae94c4,IN_COLLECTION,Digital,high,True
http://data.europa.eu/esco/skill/58888680-07cd-4baa-8eb1-f846bff7e2d4,http://data.europa.eu/esco/skill/58888680-07cd-4baa-8eb1-f846bff7e2d4,IN_COLLECTION,Digital,high,True
http://data.europa.eu/esco/skill/5898d99a-62a4-4e10-a2e3-0d815ce44248,http://data.europa.eu/esco/skill/5898d99a-62a4-4e10-a2e3-0d815ce44248,IN_COLLECTION,Digital,high,True
http://data.europa.eu/esco/skill/58bfa8b2-f39f-40c3-8e5e-2dc0d26c7601,http://data.europa.eu/esco/skill/58bfa8b2-f39f-40c3-8e5e-2dc0d26c7601,IN_COLLECTION,Digital,high,True
http://data.europa.eu/esco/skill/58c3ed60-c06b-47c0-b213-4e3608608644,http://data.europa.eu/esco/skill/58c3ed60-c06b-47c0-b213-4e3608608644,IN_COLLECTION,Digital,high,True
http://data.europa.eu/esco/skill/58d7a289-dafd-4363-833f-d1dc4140885e,http://data.europa.eu/esco/skill/58d7a289-dafd-4363-833f-d1dc4140885e,IN_COLLECTION,Digital,high,True
http://data.europa.eu/esco/skill/598de5b0-5b58-4ea7-8058-a4bc4d18c742,http://data.europa.eu/esco/skill/598de5b0-5b58-4ea7-8058-a4bc4d18c742,IN_COLLECTION,Digital,high,True
http://data.europa.eu/esco/skill/59ea80e1-463a-4dba-82c6-d0b6d577d532,http://data.europa.eu/esco/skill/59ea80e1-463a-4dba-82c6-d0b6d577d532,IN_COLLECTION,Digital,high,True
http://data.europa.eu/esco/skill/5a29fbb3-3b5c-44f2-b07a-e84faa790088,http://data.europa.eu/esco/skill/5a29fbb3-3b5c-44f2-b07a-e84faa790088,IN_COLLECTION,Digital,high,True
http://data.europa.eu/esco/skill/5a6dda77-c09d-441a-8456-c6ca7e1bda06,http://data.europa.eu/esco/skill/5a6dda77-c09d-441a-8456-c6ca7e1bda06,IN_COLLECTION,Digital,high,True
http://data.europa.eu/esco/skill/5ae6743f-8241-49f8-b447-0df43756cb1c,http://data.europa.eu/esco/skill/5ae6743f-8241-49f8-b447-0df43756cb1c,IN_COLLECTION,Digital,high,True
http://data.europa.eu/esco/skill/5af49836-2269-46d9-87b9-0d3140c6c22e,http://data.europa.eu/esco/skill/5af49836-2269-46d9-87b9-0d3140c6c22e,IN_COLLECTION,Digital,high,True
http://data.europa.eu/esco/skill/5b26f08b-88bc-45f0-b901-530d7786466b,http://data.europa.eu/esco/skill/5b26f08b-88bc-45f0-b901-530d7786466b,IN_COLLECTION,Digital,high,True
http://data.europa.eu/esco/skill/5b4ea415-3a3a-4d90-91d2-2d18ad196f4b,http://data.europa.eu/esco/skill/5b4ea415-3a3a-4d90-91d2-2d18ad196f4b,IN_COLLECTION,Digital,high,True
http://data.europa.eu/esco/skill/5b776f2d-cac1-437e-badd-9871876209a5,http://data.europa.eu/esco/skill/5b776f2d-cac1-437e-badd-9871876209a5,IN_COLLECTION,Digital,high,True
http://data.europa.eu/esco/skill/5b9cde20-f1b9-4adc-bfb3-dbf70b14138d,http://data.europa.eu/esco/skill/5b9cde20-f1b9-4adc-bfb3-dbf70b14138d,IN_COLLECTION,Digital,high,True
http://data.europa.eu/esco/skill/5bac4bcc-1846-4688-ba02-ad2b51544282,http://data.europa.eu/esco/skill/5bac4bcc-1846-4688-ba02-ad2b51544282,IN_COLLECTION,Digital,high,True
http://data.europa.eu/esco/skill/5be3d306-6cf1-4b49-aa1d-01651dd4ba4c,http://data.europa.eu/esco/skill/5be3d306-6cf1-4b49-aa1d-01651dd4ba4c,IN_COLLECTION,Digital,high,True
http://data.europa.eu/esco/skill/5c48050b-c4ca-467e-a4d3-9547bf362a17,http://data.europa.eu/esco/skill/5c48050b-c4ca-467e-a4d3-9547bf362a17,IN_COLLECTION,Digital,high,True
http://data.europa.eu/esco/skill/5c66ce3a-658d-43b1-9d8d-0f39be6c0f2e,http://data.europa.eu/esco/skill/5c66ce3a-658d-43b1-9d8d-0f39be6c0f2e,IN_COLLECTION,Digital,high,True
http://data.europa.eu/esco/skill/5c845ff8-b3f7-42b1-a846-a4238a8b404e,http://data.europa.eu/esco/skill/5c845ff8-b3f7-42b1-a846-a4238a8b404e,IN_COLLECTION,Digital,high,True
http://data.europa.eu/esco/skill/5c8aa481-9e7c-4f32-8197-a8b0fd7ca186,http://data.europa.eu/esco/skill/5c8aa481-9e7c-4f32-8197-a8b0fd7ca186,IN_COLLECTION,Digital,high,True
http://data.europa.eu/esco/skill/5ca9f3d6-d7dd-4bb1-a4ca-75c6b14b7b6f,http://data.europa.eu/esco/skill/5ca9f3d6-d7dd-4bb1-a4ca-75c6b14b7b6f,IN_COLLECTION,Digital,high,True
http://data.europa.eu/esco/skill/5cbfa47c-5363-46f2-91e7-01909e4f3b15,http://data.europa.eu/esco/skill/5cbfa47c-5363-46f2-91e7-01909e4f3b15,IN_COLLECTION,Digital,high,True
http://data.europa.eu/esco/skill/5ce5236e-93e2-4899-8971-fff526f85a01,http://data.europa.eu/esco/skill/5ce5236e-93e2-4899-8971-fff526f85a01,IN_COLLECTION,Digital,high,True
http://data.europa.eu/esco/skill/5ce80f97-b385-4a41-9339-a6593d0709c1,http://data.europa.eu/esco/skill/5ce80f97-b385-4a41-9339-a6593d0709c1,IN_COLLECTION,Digital,high,True
http://data.europa.eu/esco/skill/5cf70b66-f1b4-4c50-94fb-15ec74fad028,http://data.europa.eu/esco/skill/5cf70b66-f1b4-4c50-94fb-15ec74fad028,IN_COLLECTION,Digital,high,True
http://data.europa.eu/esco/skill/5d3798b0-d3a3-45ef-9df2-8b8756d4d79c,http://data.europa.eu/esco/skill/5d3798b0-d3a3-45ef-9df2-8b8756d4d79c,IN_COLLECTION,Digital,high,True
http://data.europa.eu/esco/skill/5d74614d-32c8-4ca4-9818-6980e52424b1,http://data.europa.eu/esco/skill/5d74614d-32c8-4ca4-9818-6980e52424b1,IN_COLLECTION,Digital,high,True
http://data.europa.eu/esco/skill/5d852752-4bae-4c6e-ab2a-7eb6bf82a99d,http://data.europa.eu/esco/skill/5d852752-4bae-4c6e-ab2a-7eb6bf82a99d,IN_COLLECTION,Digital,high,True
http://data.europa.eu/esco/skill/5da42cfd-1da8-4e4f-b68e-4f821d005fc5,http://data.europa.eu/esco/skill/5da42cfd-1da8-4e4f-b68e-4f821d005fc5,IN_COLLECTION,Digital,high,True
http://data.europa.eu/esco/skill/5da73370-f6b9-417d-a94c-09bf01f84aa2,http://data.europa.eu/esco/skill/5da73370-f6b9-417d-a94c-09bf01f84aa2,IN_COLLECTION,Digital,high,True
http://data.europa.eu/esco/skill/5da8018b-ae85-4cde-ad93-0394369018f3,http://data.europa.eu/esco/skill/5da8018b-ae85-4cde-ad93-0394369018f3,IN_COLLECTION,Digital,high,True
http://data.europa.eu/esco/skill/5e0d6552-7efb-4207-b805-68fed752d778,http://data.europa.eu/esco/skill/5e0d6552-7efb-4207-b805-68fed752d778,IN_COLLECTION,Digital,high,True
http://data.europa.eu/esco/skill/5e14de3d-d055-427e-9f5b-eb068f56b019,http://data.europa.eu/esco/skill/5e14de3d-d055-427e-9f5b-eb068f56b019,IN_COLLECTION,Digital,high,True
http://data.europa.eu/esco/skill/5edaf4c4-6747-4eb8-b898-72dd2351dca8,http://data.europa.eu/esco/skill/5edaf4c4-6747-4eb8-b898-72dd2351dca8,IN_COLLECTION,Digital,high,True
http://data.europa.eu/esco/skill/5ef0c719-5bcb-49f8-b8eb-824388225333,http://data.europa.eu/esco/skill/5ef0c719-5bcb-49f8-b8eb-824388225333,IN_COLLECTION,Digital,high,True
http://data.europa.eu/esco/skill/5f5e9350-1d13-4391-b9e1-07f6b2047fc5,http://data.europa.eu/esco/skill/5f5e9350-1d13-4391-b9e1-07f6b2047fc5,IN_COLLECTION,Digital,high,True
http://data.europa.eu/esco/skill/5f782745-6382-4873-b415-8fb91c705b03,http://data.europa.eu/esco/skill/5f782745-6382-4873-b415-8fb91c705b03,IN_COLLECTION,Digital,high,True
http://data.europa.eu/esco/skill/5fd5c985-eaaa-47aa-8314-62359c54505a,http://data.europa.eu/esco/skill/5fd5c985-eaaa-47aa-8314-62359c54505a,IN_COLLECTION,Digital,high,True
http://data.europa.eu/esco/skill/5fd6c193-93c6-4f2d-bf9b-e0debb851f2d,http://data.europa.eu/esco/skill/5fd6c193-93c6-4f2d-bf9b-e0debb851f2d,IN_COLLECTION,Digital,high,True
http://data.europa.eu/esco/skill/5fed696b-77d6-46e1-aa57-e520928a9837,http://data.europa.eu/esco/skill/5fed696b-77d6-46e1-aa57-e520928a9837,IN_COLLECTION,Digital,high,True
http://data.europa.eu/esco/skill/6014921e-1d25-4039-adc2-04852d61880e,http://data.europa.eu/esco/skill/6014921e-1d25-4039-adc2-04852d61880e,IN_COLLECTION,Digital,high,True
http://data.europa.eu/esco/skill/604f62cc-0f04-4903-b9f9-7128f72d4e5a,http://data.europa.eu/esco/skill/604f62cc-0f04-4903-b9f9-7128f72d4e5a,IN_COLLECTION,Digital,high,True
http://data.europa.eu/esco/skill/605399ce-4736-4b41-b41e-92ecf2139454,http://data.europa.eu/esco/skill/605399ce-4736-4b41-b41e-92ecf2139454,IN_COLLECTION,Digital,high,True
http://data.europa.eu/esco/skill/60d48be0-4260-4b2e-85b9-aedff7a9b7d9,http://data.europa.eu/esco/skill/60d48be0-4260-4b2e-85b9-aedff7a9b7d9,IN_COLLECTION,Digital,high,True
http://data.europa.eu/esco/skill/60f2ec1a-9237-4d0e-8c4a-1a3e67a0d83d,http://data.europa.eu/esco/skill/60f2ec1a-9237-4d0e-8c4a-1a3e67a0d83d,IN_COLLECTION,Digital,high,True
http://data.europa.eu/esco/skill/611ed16b-99bf-4840-9cab-f55d1d286e0a,http://data.europa.eu/esco/skill/611ed16b-99bf-4840-9cab-f55d1d286e0a,IN_COLLECTION,Digital,high,True
http://data.europa.eu/esco/skill/6141595f-a016-4ef9-9487-3829f6804715,http://data.europa.eu/esco/skill/6141595f-a016-4ef9-9487-3829f6804715,IN_COLLECTION,Digital,high,True
http://data.europa.eu/esco/skill/6195c5f7-a4fb-425d-a3dd-c4467c4471a3,http://data.europa.eu/esco/skill/6195c5f7-a4fb-425d-a3dd-c4467c4471a3,IN_COLLECTION,Digital,high,True
http://data.europa.eu/esco/skill/61c567d0-e01c-4f5c-9420-5926298f5099,http://data.europa.eu/esco/skill/61c567d0-e01c-4f5c-9420-5926298f5099,IN_COLLECTION,Digital,high,True
http://data.europa.eu/esco/skill/61c81161-b732-4c47-aba5-9e554d9a853f,http://data.europa.eu/esco/skill/61c81161-b732-4c47-aba5-9e554d9a853f,IN_COLLECTION,Digital,high,True
http://data.europa.eu/esco/skill/61d6ef20-6cc7-40f8-919e-3360db6cf2b3,http://data.europa.eu/esco/skill/61d6ef20-6cc7-40f8-919e-3360db6cf2b3,IN_COLLECTION,Digital,high,True
http://data.europa.eu/esco/skill/625b57ee-29d4-425b-bf99-9fd54dd021fe,http://data.europa.eu/esco/skill/625b57ee-29d4-425b-bf99-9fd54dd021fe,IN_COLLECTION,Digital,high,True
http://data.europa.eu/esco/skill/628664ec-a63b-4486-8d65-02aba81c82a0,http://data.europa.eu/esco/skill/628664ec-a63b-4486-8d65-02aba81c82a0,IN_COLLECTION,Digital,high,True
http://data.europa.eu/esco/skill/6290031b-4183-4849-ab02-11a3ea0494da,http://data.europa.eu/esco/skill/6290031b-4183-4849-ab02-11a3ea0494da,IN_COLLECTION,Digital,high,True
http://data.europa.eu/esco/skill/62f2caf5-9f94-43a6-ac1c-5962de81643f,http://data.europa.eu/esco/skill/62f2caf5-9f94-43a6-ac1c-5962de81643f,IN_COLLECTION,Digital,high,True
http://data.europa.eu/esco/skill/63206320-8fb8-481d-b969-5ebdd33ac32e,http://data.europa.eu/esco/skill/63206320-8fb8-481d-b969-5ebdd33ac32e,IN_COLLECTION,Digital,high,True
http://data.europa.eu/esco/skill/632843be-2872-47b4-a92e-352629f9bd88,http://data.europa.eu/esco/skill/632843be-2872-47b4-a92e-352629f9bd88,IN_COLLECTION,Digital,high,True
http://data.europa.eu/esco/skill/6345d3a4-7d1a-40a9-9a82-6ed06beffe7b,http://data.europa.eu/esco/skill/6345d3a4-7d1a-40a9-9a82-6ed06beffe7b,IN_COLLECTION,Digital,high,True
http://data.europa.eu/esco/skill/6360a934-cc87-4954-9656-b32db20592e3,http://data.europa.eu/esco/skill/6360a934-cc87-4954-9656-b32db20592e3,IN_COLLECTION,Digital,high,True
http://data.europa.eu/esco/skill/6391d9ad-165e-4c42-80af-1b478db422e6,http://data.europa.eu/esco/skill/6391d9ad-165e-4c42-80af-1b478db422e6,IN_COLLECTION,Digital,high,True
http://data.europa.eu/esco/skill/63f0aa84-5e4c-4eb6-8e8c-876d9feedf1f,http://data.europa.eu/esco/skill/63f0aa84-5e4c-4eb6-8e8c-876d9feedf1f,IN_COLLECTION,Digital,high,True
http://data.europa.eu/esco/skill/6417a4cc-6f61-4459-a114-761a7fa0279d,http://data.europa.eu/esco/skill/6417a4cc-6f61-4459-a114-761a7fa0279d,IN_COLLECTION,Digital,high,True
http://data.europa.eu/esco/skill/6430eb0d-c6de-46b7-a7fc-3dd2e8e62a69,http://data.europa.eu/esco/skill/6430eb0d-c6de-46b7-a7fc-3dd2e8e62a69,IN_COLLECTION,Digital,high,True
http://data.europa.eu/esco/skill/6468e5fb-f3be-4025-87be-4b6556755c61,http://data.europa.eu/esco/skill/6468e5fb-f3be-4025-87be-4b6556755c61,IN_COLLECTION,Digital,high,True
http://data.europa.eu/esco/skill/6474fc36-67ae-436b-9d39-c14402c6a89b,http://data.europa.eu/esco/skill/6474fc36-67ae-436b-9d39-c14402c6a89b,IN_COLLECTION,Digital,high,True
http://data.europa.eu/esco/skill/64852ade-6ae1-4760-ba4a-976bf07ca255,http://data.europa.eu/esco/skill/64852ade-6ae1-4760-ba4a-976bf07ca255,IN_COLLECTION,Digital,high,True
http://data.europa.eu/esco/skill/64a3ce27-51c7-4b9d-8e6b-0b127558b3e2,http://data.europa.eu/esco/skill/64a3ce27-51c7-4b9d-8e6b-0b127558b3e2,IN_COLLECTION,Digital,high,True
http://data.europa.eu/esco/skill/64ab52f5-9200-45a3-a127-679b487c6415,http://data.europa.eu/esco/skill/64ab52f5-9200-45a3-a127-679b487c6415,IN_COLLECTION,Digital,high,True
http://data.europa.eu/esco/skill/64e09849-a7db-4d6b-a932-66264420eb97,http://data.europa.eu/esco/skill/64e09849-a7db-4d6b-a932-66264420eb97,IN_COLLECTION,Digital,high,True
http://data.europa.eu/esco/skill/65e58886-bd1e-4c5b-8ca5-8d9b353c8aa1,http://data.europa.eu/esco/skill/65e58886-bd1e-4c5b-8ca5-8d9b353c8aa1,IN_COLLECTION,Digital,high,True
http://data.europa.eu/esco/skill/668c3fd4-8443-4f27-bc1e-2d96205186b5,http://data.europa.eu/esco/skill/668c3fd4-8443-4f27-bc1e-2d96205186b5,IN_COLLECTION,Digital,high,True
http://data.europa.eu/esco/skill/6709e92c-7546-46a4-aa57-5e951bd4cb0f,http://data.europa.eu/esco/skill/6709e92c-7546-46a4-aa57-5e951bd4cb0f,IN_COLLECTION,Digital,high,True
http://data.europa.eu/esco/skill/670f8eea-f25b-4c3f-97ef-a4729d4c63d6,http://data.europa.eu/esco/skill/670f8eea-f25b-4c3f-97ef-a4729d4c63d6,IN_COLLECTION,Digital,high,True
http://data.europa.eu/esco/skill/67a118f4-8a5f-48f7-8e5f-de34b9ca2c37,http://data.europa.eu/esco/skill/67a118f4-8a5f-48f7-8e5f-de34b9ca2c37,IN_COLLECTION,Digital,high,True
http://data.europa.eu/esco/skill/67d37d22-a013-4d79-9185-2f97820917d6,http://data.europa.eu/esco/skill/67d37d22-a013-4d79-9185-2f97820917d6,IN_COLLECTION,Digital,high,True
http://data.europa.eu/esco/skill/67dbfc2a-3dd4-41a1-90bd-97035e7add60,http://data.europa.eu/esco/skill/67dbfc2a-3dd4-41a1-90bd-97035e7add60,IN_COLLECTION,Digital,high,True
http://data.europa.eu/esco/skill/68174d5f-1646-42e2-b765-6a66cd1e59ae,http://data.europa.eu/esco/skill/68174d5f-1646-42e2-b765-6a66cd1e59ae,IN_COLLECTION,Digital,high,True
http://data.europa.eu/esco/skill/683bc3e3-6ec1-4ad2-8d62-d0ac1fabbe76,http://data.europa.eu/esco/skill/683bc3e3-6ec1-4ad2-8d62-d0ac1fabbe76,IN_COLLECTION,Digital,high,True
http://data.europa.eu/esco/skill/688e1fc3-cb58-4d56-85a0-97b84f37fb4a,http://data.europa.eu/esco/skill/688e1fc3-cb58-4d56-85a0-97b84f37fb4a,IN_COLLECTION,Digital,high,True
http://data.europa.eu/esco/skill/694f1a0a-b6bd-453f-af6d-a833503da307,http://data.europa.eu/esco/skill/694f1a0a-b6bd-453f-af6d-a833503da307,IN_COLLECTION,Digital,high,True
http://data.europa.eu/esco/skill/696e3b5b-8b61-45af-ae4c-3ab700f197ec,http://data.europa.eu/esco/skill/696e3b5b-8b61-45af-ae4c-3ab700f197ec,IN_COLLECTION,Digital,high,True
http://data.europa.eu/esco/skill/697dcc9f-ae92-4506-b5f2-e770d7589f74,http://data.europa.eu/esco/skill/697dcc9f-ae92-4506-b5f2-e770d7589f74,IN_COLLECTION,Digital,high,True
http://data.europa.eu/esco/skill/699c949a-699a-4858-a02e-a63f66872d6f,http://data.europa.eu/esco/skill/699c949a-699a-4858-a02e-a63f66872d6f,IN_COLLECTION,Digital,high,True
http://data.europa.eu/esco/skill/69bbd53f-fbb0-4476-b4b2-ef7844464e28,http://data.europa.eu/esco/skill/69bbd53f-fbb0-4476-b4b2-ef7844464e28,IN_COLLECTION,Digital,high,True
http://data.europa.eu/esco/skill/69cfc5ed-6569-4aca-a4cc-fd782ba51d9c,http://data.europa.eu/esco/skill/69cfc5ed-6569-4aca-a4cc-fd782ba51d9c,IN_COLLECTION,Digital,high,True
http://data.europa.eu/esco/skill/69f0167e-75d9-46cf-847f-72a592880ebb,http://data.europa.eu/esco/skill/69f0167e-75d9-46cf-847f-72a592880ebb,IN_COLLECTION,Digital,high,True
http://data.europa.eu/esco/skill/6a2bc03b-e30d-429b-9549-5784cb92ae2f,http://data.europa.eu/esco/skill/6a2bc03b-e30d-429b-9549-5784cb92ae2f,IN_COLLECTION,Digital,high,True
http://data.europa.eu/esco/skill/6a322874-e32f-4cd8-9683-badce67a7f73,http://data.europa.eu/esco/skill/6a322874-e32f-4cd8-9683-badce67a7f73,IN_COLLECTION,Digital,high,True
http://data.europa.eu/esco/skill/6a536b36-c5c7-4d10-bf67-a4fb0f8549b2,http://data.europa.eu/esco/skill/6a536b36-c5c7-4d10-bf67-a4fb0f8549b2,IN_COLLECTION,Digital,high,True
http://data.europa.eu/esco/skill/6a57def2-7b11-4b50-95b8-b16498795ad9,http://data.europa.eu/esco/skill/6a57def2-7b11-4b50-95b8-b16498795ad9,IN_COLLECTION,Digital,high,True
http://data.europa.eu/esco/skill/6a876489-7ad8-4a13-b09c-c9b8e97a302e,http://data.europa.eu/esco/skill/6a876489-7ad8-4a13-b09c-c9b8e97a302e,IN_COLLECTION,Digital,high,True
http://data.europa.eu/esco/skill/6ad40ca3-dc34-4442-b23f-0b1b28936f56,http://data.europa.eu/esco/skill/6ad40ca3-dc34-4442-b23f-0b1b28936f56,IN_COLLECTION,Digital,high,True
http://data.europa.eu/esco/skill/6ae8306a-4f9d-4410-ac82-6406f3cbd16a,http://data.europa.eu/esco/skill/6ae8306a-4f9d-4410-ac82-6406f3cbd16a,IN_COLLECTION,Digital,high,True
http://data.europa.eu/esco/skill/6b21150f-e704-4758-b102-63fd3412543c,http://data.europa.eu/esco/skill/6b21150f-e704-4758-b102-63fd3412543c,IN_COLLECTION,Digital,high,True
http://data.europa.eu/esco/skill/6b222aac-688c-4c9d-acbc-7fe25d37565e,http://data.europa.eu/esco/skill/6b222aac-688c-4c9d-acbc-7fe25d37565e,IN_COLLECTION,Digital,high,True
http://data.europa.eu/esco/skill/6b2f8802-0cbf-436e-a37f-ca55ede41bbc,http://data.europa.eu/esco/skill/6b2f8802-0cbf-436e-a37f-ca55ede41bbc,IN_COLLECTION,Digital,high,True
http://data.europa.eu/esco/skill/6b30644d-bdc5-4bca-b1af-edbf5c6b15ee,http://data.europa.eu/esco/skill/6b30644d-bdc5-4bca-b1af-edbf5c6b15ee,IN_COLLECTION,Digital,high,True
http://data.europa.eu/esco/skill/6b3afb82-c4ea-4f14-be54-a757fb762663,http://data.europa.eu/esco/skill/6b3afb82-c4ea-4f14-be54-a757fb762663,IN_COLLECTION,Digital,high,True
http://data.europa.eu/esco/skill/6b42f6d0-709f-4011-b777-2c8ecc559214,http://data.europa.eu/esco/skill/6b42f6d0-709f-4011-b777-2c8ecc559214,IN_COLLECTION,Digital,high,True
http://data.europa.eu/esco/skill/6b4f794c-062e-4e05-863a-ae1bad44f395,http://data.europa.eu/esco/skill/6b4f794c-062e-4e05-863a-ae1bad44f395,IN_COLLECTION,Digital,high,True
http://data.europa.eu/esco/skill/6b643893-0a1f-4f6c-83a1-e7eef75849b9,http://data.europa.eu/esco/skill/6b643893-0a1f-4f6c-83a1-e7eef75849b9,IN_COLLECTION,Digital,high,True
http://data.europa.eu/esco/skill/6b6a9252-2ed7-4862-a02f-1578f4a532ea,http://data.europa.eu/esco/skill/6b6a9252-2ed7-4862-a02f-1578f4a532ea,IN_COLLECTION,Digital,high,True
http://data.europa.eu/esco/skill/6b9c6280-cd0b-4462-885e-da63fe5918ea,http://data.europa.eu/esco/skill/6b9c6280-cd0b-4462-885e-da63fe5918ea,IN_COLLECTION,Digital,high,True
http://data.europa.eu/esco/skill/6c08403c-a5bb-4868-b8c2-b7d039c0e511,http://data.europa.eu/esco/skill/6c08403c-a5bb-4868-b8c2-b7d039c0e511,IN_COLLECTION,Digital,high,True
http://data.europa.eu/esco/skill/6c153605-d62c-4970-81a9-49646ab32032,http://data.europa.eu/esco/skill/6c153605-d62c-4970-81a9-49646ab32032,IN_COLLECTION,Digital,high,True
http://data.europa.eu/esco/skill/6c80d53c-d8c9-41fe-998f-091fca208834,http://data.europa.eu/esco/skill/6c80d53c-d8c9-41fe-998f-091fca208834,IN_COLLECTION,Digital,high,True
http://data.europa.eu/esco/skill/6cad4013-3055-47ba-8316-0720e1a55256,http://data.europa.eu/esco/skill/6cad4013-3055-47ba-8316-0720e1a55256,IN_COLLECTION,Digital,high,True
http://data.europa.eu/esco/skill/6d289e8b-2cc1-4eda-ab1f-ad1090ef98f0,http://data.europa.eu/esco/skill/6d289e8b-2cc1-4eda-ab1f-ad1090ef98f0,IN_COLLECTION,Digital,high,True
http://data.europa.eu/esco/skill/6e34b68e-0d61-49f2-bc4d-571c0326d857,http://data.europa.eu/esco/skill/6e34b68e-0d61-49f2-bc4d-571c0326d857,IN_COLLECTION,Digital,high,True
http://data.europa.eu/esco/skill/6e3e5c17-0d46-4376-9928-8dbaaea27164,http://data.europa.eu/esco/skill/6e3e5c17-0d46-4376-9928-8dbaaea27164,IN_COLLECTION,Digital,high,True
http://data.europa.eu/esco/skill/6e4f264a-e2e1-42fb-9866-e64069f8b441,http://data.europa.eu/esco/skill/6e4f264a-e2e1-42fb-9866-e64069f8b441,IN_COLLECTION,Digital,high,True
http://data.europa.eu/esco/skill/6e4f75b4-c60f-4623-a9ba-760c8245753b,http://data.europa.eu/esco/skill/6e4f75b4-c60f-4623-a9ba-760c8245753b,IN_COLLECTION,Digital,high,True
http://data.europa.eu/esco/skill/6e53fd99-b646-4327-9580-ac062ab21188,http://data.europa.eu/esco/skill/6e53fd99-b646-4327-9580-ac062ab21188,IN_COLLECTION,Digital,high,True
http://data.europa.eu/esco/skill/6e8fe5de-fe6d-482c-92fe-20e56ee57324,http://data.europa.eu/esco/skill/6e8fe5de-fe6d-482c-92fe-20e56ee57324,IN_COLLECTION,Digital,high,True
http://data.europa.eu/esco/skill/6efef9df-ac86-45ca-8b1b-a8178ef17b5c,http://data.europa.eu/esco/skill/6efef9df-ac86-45ca-8b1b-a8178ef17b5c,IN_COLLECTION,Digital,high,True
http://data.europa.eu/esco/skill/6f728d63-5c45-40b3-8bfd-e17c5dba28ad,http://data.europa.eu/esco/skill/6f728d63-5c45-40b3-8bfd-e17c5dba28ad,IN_COLLECTION,Digital,high,True
http://data.europa.eu/esco/skill/6f7512ab-d46d-402a-8c30-a8878d7c1f88,http://data.europa.eu/esco/skill/6f7512ab-d46d-402a-8c30-a8878d7c1f88,IN_COLLECTION,Digital,high,True
http://data.europa.eu/esco/skill/6f8a40d6-f9ce-43ec-a72f-d4213a53f3ed,http://data.europa.eu/esco/skill/6f8a40d6-f9ce-43ec-a72f-d4213a53f3ed,IN_COLLECTION,Digital,high,True
http://data.europa.eu/esco/skill/6f993130-082b-4732-b62f-52cdf2096ad9,http://data.europa.eu/esco/skill/6f993130-082b-4732-b62f-52cdf2096ad9,IN_COLLECTION,Digital,high,True
http://data.europa.eu/esco/skill/6fa1c2c0-a012-4ca0-9642-e01569ba322c,http://data.europa.eu/esco/skill/6fa1c2c0-a012-4ca0-9642-e01569ba322c,IN_COLLECTION,Digital,high,True
http://data.europa.eu/esco/skill/6fe76a8b-4d5f-4cea-b76b-5908463fb014,http://data.europa.eu/esco/skill/6fe76a8b-4d5f-4cea-b76b-5908463fb014,IN_COLLECTION,Digital,high,True
http://data.europa.eu/esco/skill/70988d2c-a750-4808-a360-5aaf859cf39a,http://data.europa.eu/esco/skill/70988d2c-a750-4808-a360-5aaf859cf39a,IN_COLLECTION,Digital,high,True
http://data.europa.eu/esco/skill/709ef32a-7435-48e2-8fa2-16e389ecab8a,http://data.europa.eu/esco/skill/709ef32a-7435-48e2-8fa2-16e389ecab8a,IN_COLLECTION,Digital,high,True
http://data.europa.eu/esco/skill/70a7b3b3-31ef-4b29-a30f-bb7299dff39b,http://data.europa.eu/esco/skill/70a7b3b3-31ef-4b29-a30f-bb7299dff39b,IN_COLLECTION,Digital,high,True
http://data.europa.eu/esco/skill/70b0bc44-6751-4530-ac5c-a893d4241aeb,http://data.europa.eu/esco/skill/70b0bc44-6751-4530-ac5c-a893d4241aeb,IN_COLLECTION,Digital,high,True
http://data.europa.eu/esco/skill/70de94f5-9575-4edd-bca7-c797b023b9d6,http://data.europa.eu/esco/skill/70de94f5-9575-4edd-bca7-c797b023b9d6,IN_COLLECTION,Digital,high,True
http://data.europa.eu/esco/skill/7106b5df-e017-4c28-8c40-98814db5b775,http://data.europa.eu/esco/skill/7106b5df-e017-4c28-8c40-98814db5b775,IN_COLLECTION,Digital,high,True
http://data.europa.eu/esco/skill/713fb616-118e-40bc-9366-4a69879a49d5,http://data.europa.eu/esco/skill/713fb616-118e-40bc-9366-4a69879a49d5,IN_COLLECTION,Digital,high,True
http://data.europa.eu/esco/skill/7193cb6d-8334-494f-86e5-21e6d03a47c3,http://data.europa.eu/esco/skill/7193cb6d-8334-494f-86e5-21e6d03a47c3,IN_COLLECTION,Digital,high,True
http://data.europa.eu/esco/skill/719d8699-a221-4b5a-8fc3-68a8645cbe03,http://data.europa.eu/esco/skill/719d8699-a221-4b5a-8fc3-68a8645cbe03,IN_COLLECTION,Digital,high,True
http://data.europa.eu/esco/skill/71c2f41e-14de-4b23-82ad-5dbcd54ba5b0,http://data.europa.eu/esco/skill/71c2f41e-14de-4b23-82ad-5dbcd54ba5b0,IN_COLLECTION,Digital,high,True
http://data.europa.eu/esco/skill/71f81e1a-e2ca-48d6-b7b8-7a34c56c51f8,http://data.europa.eu/esco/skill/71f81e1a-e2ca-48d6-b7b8-7a34c56c51f8,IN_COLLECTION,Digital,high,True
http://data.europa.eu/esco/skill/7229b6dc-e2ef-44fe-b9a1-06b1c1075d8f,http://data.europa.eu/esco/skill/7229b6dc-e2ef-44fe-b9a1-06b1c1075d8f,IN_COLLECTION,Digital,high,True
http://data.europa.eu/esco/skill/7234e847-451d-499a-9c7b-0050a4e758d6,http://data.europa.eu/esco/skill/7234e847-451d-499a-9c7b-0050a4e758d6,IN_COLLECTION,Digital,high,True
http://data.europa.eu/esco/skill/7253d98c-4a6d-4e37-8b6c-accca9f4b639,http://data.europa.eu/esco/skill/7253d98c-4a6d-4e37-8b6c-accca9f4b639,IN_COLLECTION,Digital,high,True
http://data.europa.eu/esco/skill/727eb829-28da-4d6a-8552-ba5b5d280c41,http://data.europa.eu/esco/skill/727eb829-28da-4d6a-8552-ba5b5d280c41,IN_COLLECTION,Digital,high,True
http://data.europa.eu/esco/skill/72812eb6-5a0f-48e8-815d-3d2a16b8e963,http://data.europa.eu/esco/skill/72812eb6-5a0f-48e8-815d-3d2a16b8e963,IN_COLLECTION,Digital,high,True
http://data.europa.eu/esco/skill/7341904f-5913-470c-8c53-bc832df248ec,http://data.europa.eu/esco/skill/7341904f-5913-470c-8c53-bc832df248ec,IN_COLLECTION,Digital,high,True
http://data.europa.eu/esco/skill/7369f779-4b71-4aab-8836-48b69c676eec,http://data.europa.eu/esco/skill/7369f779-4b71-4aab-8836-48b69c676eec,IN_COLLECTION,Digital,high,True
http://data.europa.eu/esco/skill/736ef286-fbd3-4e5c-a4b4-d1e2008c9898,http://data.europa.eu/esco/skill/736ef286-fbd3-4e5c-a4b4-d1e2008c9898,IN_COLLECTION,Digital,high,True
http://data.europa.eu/esco/skill/7373abdb-ee5a-4949-b4ae-dee60ab37914,http://data.europa.eu/esco/skill/7373abdb-ee5a-4949-b4ae-dee60ab37914,IN_COLLECTION,Digital,high,True
http://data.europa.eu/esco/skill/737f8895-46df-4283-8f38-13f3f0fc3b77,http://data.europa.eu/esco/skill/737f8895-46df-4283-8f38-13f3f0fc3b77,IN_COLLECTION,Digital,high,True
http://data.europa.eu/esco/skill/73c7d0d9-092f-4f6e-800a-5759f45a6fc6,http://data.europa.eu/esco/skill/73c7d0d9-092f-4f6e-800a-5759f45a6fc6,IN_COLLECTION,Digital,high,True
http://data.europa.eu/esco/skill/744442ac-c157-4350-8be0-ce454df4f5c5,http://data.europa.eu/esco/skill/744442ac-c157-4350-8be0-ce454df4f5c5,IN_COLLECTION,Digital,high,True
http://data.europa.eu/esco/skill/7482a123-e801-48de-9733-262125671410,http://data.europa.eu/esco/skill/7482a123-e801-48de-9733-262125671410,IN_COLLECTION,Digital,high,True
http://data.europa.eu/esco/skill/749ae61c-fe7b-461b-8bc3-349f46617ee7,http://data.europa.eu/esco/skill/749ae61c-fe7b-461b-8bc3-349f46617ee7,IN_COLLECTION,Digital,high,True
http://data.europa.eu/esco/skill/74cb80c4-df6b-4d79-a153-cb7b3b3b6eb0,http://data.europa.eu/esco/skill/74cb80c4-df6b-4d79-a153-cb7b3b3b6eb0,IN_COLLECTION,Digital,high,True
http://data.europa.eu/esco/skill/750f86d2-18be-4015-84b1-d4a26d9b2d88,http://data.europa.eu/esco/skill/750f86d2-18be-4015-84b1-d4a26d9b2d88,IN_COLLECTION,Digital,high,True
http://data.europa.eu/esco/skill/751941a0-5645-4f8b-b97e-b252909d5edb,http://data.europa.eu/esco/skill/751941a0-5645-4f8b-b97e-b252909d5edb,IN_COLLECTION,Digital,high,True
http://data.europa.eu/esco/skill/7557f0f4-b8bc-4ac0-b91e-222ab1ba744f,http://data.europa.eu/esco/skill/7557f0f4-b8bc-4ac0-b91e-222ab1ba744f,IN_COLLECTION,Digital,high,True
http://data.europa.eu/esco/skill/755a5df2-863e-44c1-b4a2-83eb33bac492,http://data.europa.eu/esco/skill/755a5df2-863e-44c1-b4a2-83eb33bac492,IN_COLLECTION,Digital,high,True
http://data.europa.eu/esco/skill/75d2ac62-700a-41d1-b920-5cd7aaa78553,http://data.europa.eu/esco/skill/75d2ac62-700a-41d1-b920-5cd7aaa78553,IN_COLLECTION,Digital,high,True
http://data.europa.eu/esco/skill/75f839c2-fd9a-4ad3-8921-6e734608568d,http://data.europa.eu/esco/skill/75f839c2-fd9a-4ad3-8921-6e734608568d,IN_COLLECTION,Digital,high,True
http://data.europa.eu/esco/skill/76415d7f-0fde-4364-b45f-5c044580d2aa,http://data.europa.eu/esco/skill/76415d7f-0fde-4364-b45f-5c044580d2aa,IN_COLLECTION,Digital,high,True
http://data.europa.eu/esco/skill/76842746-cacb-4e6d-adc6-0656d75c9c51,http://data.europa.eu/esco/skill/76842746-cacb-4e6d-adc6-0656d75c9c51,IN_COLLECTION,Digital,high,True
http://data.europa.eu/esco/skill/768fe91b-ccde-4649-94f3-07be5d8b6be1,http://data.europa.eu/esco/skill/768fe91b-ccde-4649-94f3-07be5d8b6be1,IN_COLLECTION,Digital,high,True
http://data.europa.eu/esco/skill/76ef6ed3-1658-4a1a-9593-204d799c6d0c,http://data.europa.eu/esco/skill/76ef6ed3-1658-4a1a-9593-204d799c6d0c,IN_COLLECTION,Digital,high,True
http://data.europa.eu/esco/skill/770d4956-b5e0-4d44-bf42-3a766b232c5d,http://data.europa.eu/esco/skill/770d4956-b5e0-4d44-bf42-3a766b232c5d,IN_COLLECTION,Digital,high,True
http://data.europa.eu/esco/skill/772a9c72-abef-4333-9788-f4cb48ad8e08,http://data.europa.eu/esco/skill/772a9c72-abef-4333-9788-f4cb48ad8e08,IN_COLLECTION,Digital,high,True
http://data.europa.eu/esco/skill/77592603-505b-4096-97dd-d0def6bd7601,http://data.europa.eu/esco/skill/77592603-505b-4096-97dd-d0def6bd7601,IN_COLLECTION,Digital,high,True
http://data.europa.eu/esco/skill/778ca7ad-6c5d-4868-9b96-a7777dca799c,http://data.europa.eu/esco/skill/778ca7ad-6c5d-4868-9b96-a7777dca799c,IN_COLLECTION,Digital,high,True
http://data.europa.eu/esco/skill/77bf865e-6360-424f-9d77-ce03918c7dcf,http://data.europa.eu/esco/skill/77bf865e-6360-424f-9d77-ce03918c7dcf,IN_COLLECTION,Digital,high,True
http://data.europa.eu/esco/skill/7814e88f-c133-4c3b-b27f-857afa145d42,http://data.europa.eu/esco/skill/7814e88f-c133-4c3b-b27f-857afa145d42,IN_COLLECTION,Digital,high,True
http://data.europa.eu/esco/skill/78845d0c-e56f-4318-a9c6-bf75931dd520,http://data.europa.eu/esco/skill/78845d0c-e56f-4318-a9c6-bf75931dd520,IN_COLLECTION,Digital,high,True
http://data.europa.eu/esco/skill/78a74fd1-efc6-49dc-adb1-1b0fbe35c22c,http://data.europa.eu/esco/skill/78a74fd1-efc6-49dc-adb1-1b0fbe35c22c,IN_COLLECTION,Digital,high,True
http://data.europa.eu/esco/skill/78b26c92-da70-4c72-9f10-7a8c8b9db02e,http://data.europa.eu/esco/skill/78b26c92-da70-4c72-9f10-7a8c8b9db02e,IN_COLLECTION,Digital,high,True
http://data.europa.eu/esco/skill/78d90f00-5226-44fc-95c2-0d8dac6b081b,http://data.europa.eu/esco/skill/78d90f00-5226-44fc-95c2-0d8dac6b081b,IN_COLLECTION,Digital,high,True
http://data.europa.eu/esco/skill/7957b5f9-1f33-4ff8-84e9-e258b17882c2,http://data.europa.eu/esco/skill/7957b5f9-1f33-4ff8-84e9-e258b17882c2,IN_COLLECTION,Digital,high,True
http://data.europa.eu/esco/skill/7961413f-61d0-4722-9cd9-20a050a29899,http://data.europa.eu/esco/skill/7961413f-61d0-4722-9cd9-20a050a29899,IN_COLLECTION,Digital,high,True
http://data.europa.eu/esco/skill/797a4416-0b8d-44f3-8fcd-eb10bd0be6b4,http://data.europa.eu/esco/skill/797a4416-0b8d-44f3-8fcd-eb10bd0be6b4,IN_COLLECTION,Digital,high,True
http://data.europa.eu/esco/skill/79a5bc25-5b59-47bc-a4c2-fb8e8cb1ddf6,http://data.europa.eu/esco/skill/79a5bc25-5b59-47bc-a4c2-fb8e8cb1ddf6,IN_COLLECTION,Digital,high,True
http://data.europa.eu/esco/skill/79c366d4-0316-4838-b72e-c3be4f90fbd3,http://data.europa.eu/esco/skill/79c366d4-0316-4838-b72e-c3be4f90fbd3,IN_COLLECTION,Digital,high,True
http://data.europa.eu/esco/skill/79e29b8b-47d1-470d-b7b1-32506bfe7d9a,http://data.europa.eu/esco/skill/79e29b8b-47d1-470d-b7b1-32506bfe7d9a,IN_COLLECTION,Digital,high,True
http://data.europa.eu/esco/skill/7a6b4549-cd3e-46c7-8a40-9096520dff84,http://data.europa.eu/esco/skill/7a6b4549-cd3e-46c7-8a40-9096520dff84,IN_COLLECTION,Digital,high,True
http://data.europa.eu/esco/skill/7a757fa5-9a6f-43ab-9e66-f8f4dba1ffcb,http://data.europa.eu/esco/skill/7a757fa5-9a6f-43ab-9e66-f8f4dba1ffcb,IN_COLLECTION,Digital,high,True
http://data.europa.eu/esco/skill/7a950986-27fe-4b6c-adf3-88f211e77019,http://data.europa.eu/esco/skill/7a950986-27fe-4b6c-adf3-88f211e77019,IN_COLLECTION,Digital,high,True
http://data.europa.eu/esco/skill/7aa52bdc-9c56-4341-be65-e8e30f64403f,http://data.europa.eu/esco/skill/7aa52bdc-9c56-4341-be65-e8e30f64403f,IN_COLLECTION,Digital,high,True
http://data.europa.eu/esco/skill/7abf5b24-8f18-49c5-a64b-5a5870a03a56,http://data.europa.eu/esco/skill/7abf5b24-8f18-49c5-a64b-5a5870a03a56,IN_COLLECTION,Digital,high,True
http://data.europa.eu/esco/skill/7adb8473-bcc6-4ff8-9850-76d945d40092,http://data.europa.eu/esco/skill/7adb8473-bcc6-4ff8-9850-76d945d40092,IN_COLLECTION,Digital,high,True
http://data.europa.eu/esco/skill/7b0d5000-00da-4864-b776-6de49a87a669,http://data.europa.eu/esco/skill/7b0d5000-00da-4864-b776-6de49a87a669,IN_COLLECTION,Digital,high,True
http://data.europa.eu/esco/skill/7b5cb897-2ee8-450c-85a6-d73925cbd1dc,http://data.europa.eu/esco/skill/7b5cb897-2ee8-450c-85a6-d73925cbd1dc,IN_COLLECTION,Digital,high,True
http://data.europa.eu/esco/skill/7b5cce4d-c7fe-4119-b48f-70aa05391787,http://data.europa.eu/esco/skill/7b5cce4d-c7fe-4119-b48f-70aa05391787,IN_COLLECTION,Digital,high,True
http://data.europa.eu/esco/skill/7bf4539a-3f2e-4485-876b-1c9306b181af,http://data.europa.eu/esco/skill/7bf4539a-3f2e-4485-876b-1c9306b181af,IN_COLLECTION,Digital,high,True
http://data.europa.eu/esco/skill/7c5b66c6-36a1-4e03-bb57-64e8688b8f58,http://data.europa.eu/esco/skill/7c5b66c6-36a1-4e03-bb57-64e8688b8f58,IN_COLLECTION,Digital,high,True
http://data.europa.eu/esco/skill/7c821387-b428-4f75-b5a7-7b038aa81cfd,http://data.europa.eu/esco/skill/7c821387-b428-4f75-b5a7-7b038aa81cfd,IN_COLLECTION,Digital,high,True
http://data.europa.eu/esco/skill/7c939ef4-adb2-4c0c-aa27-9cc1aefd7c81,http://data.europa.eu/esco/skill/7c939ef4-adb2-4c0c-aa27-9cc1aefd7c81,IN_COLLECTION,Digital,high,True
http://data.europa.eu/esco/skill/7c9cb75d-ca4a-47c0-a989-ec0ba65a4bf0,http://data.europa.eu/esco/skill/7c9cb75d-ca4a-47c0-a989-ec0ba65a4bf0,IN_COLLECTION,Digital,high,True
http://data.europa.eu/esco/skill/7ca5d3c2-2cea-4fac-88e4-f2955c5b705c,http://data.europa.eu/esco/skill/7ca5d3c2-2cea-4fac-88e4-f2955c5b705c,IN_COLLECTION,Digital,high,True
http://data.europa.eu/esco/skill/7d02180a-87d1-4e25-92e1-653309c173c4,http://data.europa.eu/esco/skill/7d02180a-87d1-4e25-92e1-653309c173c4,IN_COLLECTION,Digital,high,True
http://data.europa.eu/esco/skill/7d10fcb2-b368-48ab-996b-7c9fafcf68ed,http://data.europa.eu/esco/skill/7d10fcb2-b368-48ab-996b-7c9fafcf68ed,IN_COLLECTION,Digital,high,True
http://data.europa.eu/esco/skill/7d11f682-644f-44fa-ad08-d6b0d97d2f28,http://data.europa.eu/esco/skill/7d11f682-644f-44fa-ad08-d6b0d97d2f28,IN_COLLECTION,Digital,high,True
http://data.europa.eu/esco/skill/7d5ff73e-7bea-436d-974f-3a51ce24a138,http://data.europa.eu/esco/skill/7d5ff73e-7bea-436d-974f-3a51ce24a138,IN_COLLECTION,Digital,high,True
http://data.europa.eu/esco/skill/7d913551-e17a-40ba-baf7-48d0c3b12e50,http://data.europa.eu/esco/skill/7d913551-e17a-40ba-baf7-48d0c3b12e50,IN_COLLECTION,Digital,high,True
http://data.europa.eu/esco/skill/7dde2d1d-48fa-43c9-8b48-1372b6e7cb4c,http://data.europa.eu/esco/skill/7dde2d1d-48fa-43c9-8b48-1372b6e7cb4c,IN_COLLECTION,Digital,high,True
http://data.europa.eu/esco/skill/7deca286-1bd6-490e-851f-82d9d410d584,http://data.europa.eu/esco/skill/7deca286-1bd6-490e-851f-82d9d410d584,IN_COLLECTION,Digital,high,True
http://data.europa.eu/esco/skill/7dfbe0f3-076f-4a19-9eaa-db4d6db704b6,http://data.europa.eu/esco/skill/7dfbe0f3-076f-4a19-9eaa-db4d6db704b6,IN_COLLECTION,Digital,high,True
http://data.europa.eu/esco/skill/7e1f9657-ab4e-407c-842f-b846197060e3,http://data.europa.eu/esco/skill/7e1f9657-ab4e-407c-842f-b846197060e3,IN_COLLECTION,Digital,high,True
http://data.europa.eu/esco/skill/7e796b51-49d7-4e73-95af-2e7323763f15,http://data.europa.eu/esco/skill/7e796b51-49d7-4e73-95af-2e7323763f15,IN_COLLECTION,Digital,high,True
http://data.europa.eu/esco/skill/7edd11f2-6b4a-4a76-8b82-b5c57f3d8f07,http://data.europa.eu/esco/skill/7edd11f2-6b4a-4a76-8b82-b5c57f3d8f07,IN_COLLECTION,Digital,high,True
http://data.europa.eu/esco/skill/7f0b1a66-ebaf-4c8a-b606-4c1844eb692e,http://data.europa.eu/esco/skill/7f0b1a66-ebaf-4c8a-b606-4c1844eb692e,IN_COLLECTION,Digital,high,True
http://data.europa.eu/esco/skill/7f27f1ff-2e17-4b69-990e-c23334478313,http://data.europa.eu/esco/skill/7f27f1ff-2e17-4b69-990e-c23334478313,IN_COLLECTION,Digital,high,True
http://data.europa.eu/esco/skill/7f2afce6-e98b-4bbe-8441-d52b45e28ab8,http://data.europa.eu/esco/skill/7f2afce6-e98b-4bbe-8441-d52b45e28ab8,IN_COLLECTION,Digital,high,True
http://data.europa.eu/esco/skill/7fb699d9-182a-430e-b7a0-6d8ed05c284b,http://data.europa.eu/esco/skill/7fb699d9-182a-430e-b7a0-6d8ed05c284b,IN_COLLECTION,Digital,high,True
http://data.europa.eu/esco/skill/7fc4c18a-68f3-425a-aadf-f83633be47a1,http://data.europa.eu/esco/skill/7fc4c18a-68f3-425a-aadf-f83633be47a1,IN_COLLECTION,Digital,high,True
http://data.europa.eu/esco/skill/7ffae77a-93ce-40a3-af99-fae5729e8b15,http://data.europa.eu/esco/skill/7ffae77a-93ce-40a3-af99-fae5729e8b15,IN_COLLECTION,Digital,high,True
http://data.europa.eu/esco/skill/805e4fac-5325-42a2-a9e7-c6c777185a05,http://data.europa.eu/esco/skill/805e4fac-5325-42a2-a9e7-c6c777185a05,IN_COLLECTION,Digital,high,True
http://data.europa.eu/esco/skill/8088750d-8388-4170-a76f-48354c469c44,http://data.europa.eu/esco/skill/8088750d-8388-4170-a76f-48354c469c44,IN_COLLECTION,Digital,high,True
http://data.europa.eu/esco/skill/81086bb0-a110-470d-ba5a-2c68fc535407,http://data.europa.eu/esco/skill/81086bb0-a110-470d-ba5a-2c68fc535407,IN_COLLECTION,Digital,high,True
http://data.europa.eu/esco/skill/812b8819-9b7a-4df9-9c9f-1b60888d0861,http://data.europa.eu/esco/skill/812b8819-9b7a-4df9-9c9f-1b60888d0861,IN_COLLECTION,Digital,high,True
http://data.europa.eu/esco/skill/81633a44-f1db-4a01-a940-804c6905e330,http://data.europa.eu/esco/skill/81633a44-f1db-4a01-a940-804c6905e330,IN_COLLECTION,Digital,high,True
http://data.europa.eu/esco/skill/8181aa4c-42bc-4036-a3d2-5cb6bbb34239,http://data.europa.eu/esco/skill/8181aa4c-42bc-4036-a3d2-5cb6bbb34239,IN_COLLECTION,Digital,high,True
http://data.europa.eu/esco/skill/818c2b89-1335-4443-ada7-e1046862e273,http://data.europa.eu/esco/skill/818c2b89-1335-4443-ada7-e1046862e273,IN_COLLECTION,Digital,high,True
http://data.europa.eu/esco/skill/81b082fb-9a00-4660-976a-10c985979100,http://data.europa.eu/esco/skill/81b082fb-9a00-4660-976a-10c985979100,IN_COLLECTION,Digital,high,True
http://data.europa.eu/esco/skill/8203b07a-8097-4383-aff6-603b7df7f0f4,http://data.europa.eu/esco/skill/8203b07a-8097-4383-aff6-603b7df7f0f4,IN_COLLECTION,Digital,high,True
http://data.europa.eu/esco/skill/82312096-4df8-49ce-9cdd-a6e08af56b45,http://data.europa.eu/esco/skill/82312096-4df8-49ce-9cdd-a6e08af56b45,IN_COLLECTION,Digital,high,True
http://data.europa.eu/esco/skill/82313e12-9d39-47d1-b7c9-78bbd6bb50e2,http://data.europa.eu/esco/skill/82313e12-9d39-47d1-b7c9-78bbd6bb50e2,IN_COLLECTION,Digital,high,True
http://data.europa.eu/esco/skill/82394321-7f35-4a29-b2fa-4a58f66258f5,http://data.europa.eu/esco/skill/82394321-7f35-4a29-b2fa-4a58f66258f5,IN_COLLECTION,Digital,high,True
http://data.europa.eu/esco/skill/82de2df7-0d6c-42b1-94ac-b3e9a029e917,http://data.europa.eu/esco/skill/82de2df7-0d6c-42b1-94ac-b3e9a029e917,IN_COLLECTION,Digital,high,True
http://data.europa.eu/esco/skill/8300443c-c793-4102-bff5-aa917a0cb39f,http://data.europa.eu/esco/skill/8300443c-c793-4102-bff5-aa917a0cb39f,IN_COLLECTION,Digital,high,True
http://data.europa.eu/esco/skill/83218cac-3599-417e-93d2-26013cdccd98,http://data.europa.eu/esco/skill/83218cac-3599-417e-93d2-26013cdccd98,IN_COLLECTION,Digital,high,True
http://data.europa.eu/esco/skill/8327754d-3990-4056-b07e-4faa49cfcd26,http://data.europa.eu/esco/skill/8327754d-3990-4056-b07e-4faa49cfcd26,IN_COLLECTION,Digital,high,True
http://data.europa.eu/esco/skill/8359bd04-d2cb-4757-af1f-39a921df9efe,http://data.europa.eu/esco/skill/8359bd04-d2cb-4757-af1f-39a921df9efe,IN_COLLECTION,Digital,high,True
http://data.europa.eu/esco/skill/8369c2d6-c100-4cf6-bd83-9668d8678433,http://data.europa.eu/esco/skill/8369c2d6-c100-4cf6-bd83-9668d8678433,IN_COLLECTION,Digital,high,True
http://data.europa.eu/esco/skill/8369ede5-4200-4a44-be2e-bc60ef959259,http://data.europa.eu/esco/skill/8369ede5-4200-4a44-be2e-bc60ef959259,IN_COLLECTION,Digital,high,True
http://data.europa.eu/esco/skill/83934f53-5ffa-478f-9f8f-b779e9b4fc7a,http://data.europa.eu/esco/skill/83934f53-5ffa-478f-9f8f-b779e9b4fc7a,IN_COLLECTION,Digital,high,True
http://data.europa.eu/esco/skill/83b33952-3872-46ec-9a2e-b28f91303a7e,http://data.europa.eu/esco/skill/83b33952-3872-46ec-9a2e-b28f91303a7e,IN_COLLECTION,Digital,high,True
http://data.europa.eu/esco/skill/83b493c8-4837-41e3-9800-cff1df06cf38,http://data.europa.eu/esco/skill/83b493c8-4837-41e3-9800-cff1df06cf38,IN_COLLECTION,Digital,high,True
http://data.europa.eu/esco/skill/84251cb1-babf-4d17-a3cd-baa642c24c8d,http://data.europa.eu/esco/skill/84251cb1-babf-4d17-a3cd-baa642c24c8d,IN_COLLECTION,Digital,high,True
http://data.europa.eu/esco/skill/84f583f4-f32a-4202-9b92-e25f0c978410,http://data.europa.eu/esco/skill/84f583f4-f32a-4202-9b92-e25f0c978410,IN_COLLECTION,Digital,high,True
http://data.europa.eu/esco/skill/84f58e3d-8669-4d83-8c1d-5dd1e73a654f,http://data.europa.eu/esco/skill/84f58e3d-8669-4d83-8c1d-5dd1e73a654f,IN_COLLECTION,Digital,high,True
http://data.europa.eu/esco/skill/84f73180-4a45-49f4-9140-cb49bbc29531,http://data.europa.eu/esco/skill/84f73180-4a45-49f4-9140-cb49bbc29531,IN_COLLECTION,Digital,high,True
http://data.europa.eu/esco/skill/85038d57-1fdd-40de-b908-2c005545a8c3,http://data.europa.eu/esco/skill/85038d57-1fdd-40de-b908-2c005545a8c3,IN_COLLECTION,Digital,high,True
http://data.europa.eu/esco/skill/8542b62b-18b1-4c7f-9d4e-e717c10fbd72,http://data.europa.eu/esco/skill/8542b62b-18b1-4c7f-9d4e-e717c10fbd72,IN_COLLECTION,Digital,high,True
http://data.europa.eu/esco/skill/85616cc4-98bf-4355-9cf1-72ff11752848,http://data.europa.eu/esco/skill/85616cc4-98bf-4355-9cf1-72ff11752848,IN_COLLECTION,Digital,high,True
http://data.europa.eu/esco/skill/85a67bc3-708c-4eab-86f6-4529d01d12a6,http://data.europa.eu/esco/skill/85a67bc3-708c-4eab-86f6-4529d01d12a6,IN_COLLECTION,Digital,high,True
http://data.europa.eu/esco/skill/85f46538-ae70-498a-bfbc-b8ddafe96c7d,http://data.europa.eu/esco/skill/85f46538-ae70-498a-bfbc-b8ddafe96c7d,IN_COLLECTION,Digital,high,True
http://data.europa.eu/esco/skill/861313ba-3a1a-4d33-842a-1b8e45e2415b,http://data.europa.eu/esco/skill/861313ba-3a1a-4d33-842a-1b8e45e2415b,IN_COLLECTION,Digital,high,True
http://data.europa.eu/esco/skill/861cc783-6d4c-442e-9081-3a6e389be454,http://data.europa.eu/esco/skill/861cc783-6d4c-442e-9081-3a6e389be454,IN_COLLECTION,Digital,high,True
http://data.europa.eu/esco/skill/8645704c-a896-4ac1-8189-9ac5586d5c3a,http://data.europa.eu/esco/skill/8645704c-a896-4ac1-8189-9ac5586d5c3a,IN_COLLECTION,Digital,high,True
http://data.europa.eu/esco/skill/867137fb-ff1b-4ca3-99f3-cb6969aa2c68,http://data.europa.eu/esco/skill/867137fb-ff1b-4ca3-99f3-cb6969aa2c68,IN_COLLECTION,Digital,high,True
http://data.europa.eu/esco/skill/8682024b-2c8b-4de4-8cd7-23ea6169da57,http://data.europa.eu/esco/skill/8682024b-2c8b-4de4-8cd7-23ea6169da57,IN_COLLECTION,Digital,high,True
http://data.europa.eu/esco/skill/8696aff0-18c0-4ba6-a4d0-9a21861b3e5e,http://data.europa.eu/esco/skill/8696aff0-18c0-4ba6-a4d0-9a21861b3e5e,IN_COLLECTION,Digital,high,True
http://data.europa.eu/esco/skill/86f7126d-97fd-4da5-be96-d1cf6ecd54e6,http://data.europa.eu/esco/skill/86f7126d-97fd-4da5-be96-d1cf6ecd54e6,IN_COLLECTION,Digital,high,True
http://data.europa.eu/esco/skill/8759c352-8b00-498f-985a-935f13e1b043,http://data.europa.eu/esco/skill/8759c352-8b00-498f-985a-935f13e1b043,IN_COLLECTION,Digital,high,True
http://data.europa.eu/esco/skill/8764d4b1-e069-44f2-8baa-fb1eee1850ec,http://data.europa.eu/esco/skill/8764d4b1-e069-44f2-8baa-fb1eee1850ec,IN_COLLECTION,Digital,high,True
http://data.europa.eu/esco/skill/8785ccda-6f9f-4cf3-9033-fda10653d0be,http://data.europa.eu/esco/skill/8785ccda-6f9f-4cf3-9033-fda10653d0be,IN_COLLECTION,Digital,high,True
http://data.europa.eu/esco/skill/87f31087-4c7c-4a71-b7b8-4039d94b4c12,http://data.europa.eu/esco/skill/87f31087-4c7c-4a71-b7b8-4039d94b4c12,IN_COLLECTION,Digital,high,True
http://data.europa.eu/esco/skill/88564d2d-2dc9-4789-864a-f9cb73f389ec,http://data.europa.eu/esco/skill/88564d2d-2dc9-4789-864a-f9cb73f389ec,IN_COLLECTION,Digital,high,True
http://data.europa.eu/esco/skill/88b9ac3d-1c1d-44d1-9584-c4f5dd2503b3,http://data.europa.eu/esco/skill/88b9ac3d-1c1d-44d1-9584-c4f5dd2503b3,IN_COLLECTION,Digital,high,True
http://data.europa.eu/esco/skill/89227433-950f-4d9d-b0b0-abc33356ab42,http://data.europa.eu/esco/skill/89227433-950f-4d9d-b0b0-abc33356ab42,IN_COLLECTION,Digital,high,True
http://data.europa.eu/esco/skill/8975edb1-d2cb-4c49-a3c0-3b21a9ab8797,http://data.europa.eu/esco/skill/8975edb1-d2cb-4c49-a3c0-3b21a9ab8797,IN_COLLECTION,Digital,high,True
http://data.europa.eu/esco/skill/897b393f-e7e0-4248-a40d-d77119694e83,http://data.europa.eu/esco/skill/897b393f-e7e0-4248-a40d-d77119694e83,IN_COLLECTION,Digital,high,True
http://data.europa.eu/esco/skill/89839842-a111-411f-b64a-94354d6118e0,http://data.europa.eu/esco/skill/89839842-a111-411f-b64a-94354d6118e0,IN_COLLECTION,Digital,high,True
http://data.europa.eu/esco/skill/89d574b8-f0ea-4ae8-9008-f575e37e9f11,http://data.europa.eu/esco/skill/89d574b8-f0ea-4ae8-9008-f575e37e9f11,IN_COLLECTION,Digital,high,True
http://data.europa.eu/esco/skill/89f6560b-2194-45c9-9ece-d33049a73eef,http://data.europa.eu/esco/skill/89f6560b-2194-45c9-9ece-d33049a73eef,IN_COLLECTION,Digital,high,True
http://data.europa.eu/esco/skill/8a16ada9-2794-4c81-bb48-5ec1cfbcf1db,http://data.europa.eu/esco/skill/8a16ada9-2794-4c81-bb48-5ec1cfbcf1db,IN_COLLECTION,Digital,high,True
http://data.europa.eu/esco/skill/8a211052-4bec-49c2-9b4e-7914c37d21b4,http://data.europa.eu/esco/skill/8a211052-4bec-49c2-9b4e-7914c37d21b4,IN_COLLECTION,Digital,high,True
http://data.europa.eu/esco/skill/8a30eb28-eca0-4ab6-8c05-32c47d3e0dd6,http://data.europa.eu/esco/skill/8a30eb28-eca0-4ab6-8c05-32c47d3e0dd6,IN_COLLECTION,Digital,high,True
http://data.europa.eu/esco/skill/8a6394d1-f44f-4b0d-81d5-7201fc025ba8,http://data.europa.eu/esco/skill/8a6394d1-f44f-4b0d-81d5-7201fc025ba8,IN_COLLECTION,Digital,high,True
http://data.europa.eu/esco/skill/8a7a0d46-d88a-4ab0-bfa4-d861a82bab3c,http://data.europa.eu/esco/skill/8a7a0d46-d88a-4ab0-bfa4-d861a82bab3c,IN_COLLECTION,Digital,high,True
http://data.europa.eu/esco/skill/8afe68ff-b261-4fa8-ab25-bb30b0e5c292,http://data.europa.eu/esco/skill/8afe68ff-b261-4fa8-ab25-bb30b0e5c292,IN_COLLECTION,Digital,high,True
http://data.europa.eu/esco/skill/8b94aa1e-89c9-459d-b3b4-1dfab8dec2df,http://data.europa.eu/esco/skill/8b94aa1e-89c9-459d-b3b4-1dfab8dec2df,IN_COLLECTION,Digital,high,True
http://data.europa.eu/esco/skill/8bbdb795-0deb-478f-91e4-5238867ed8ba,http://data.europa.eu/esco/skill/8bbdb795-0deb-478f-91e4-5238867ed8ba,IN_COLLECTION,Digital,high,True
http://data.europa.eu/esco/skill/8bc3c77c-30c3-45e6-bd61-069ba433ecfe,http://data.europa.eu/esco/skill/8bc3c77c-30c3-45e6-bd61-069ba433ecfe,IN_COLLECTION,Digital,high,True
http://data.europa.eu/esco/skill/8c88d336-c249-4537-b26e-d679a85c4b9b,http://data.europa.eu/esco/skill/8c88d336-c249-4537-b26e-d679a85c4b9b,IN_COLLECTION,Digital,high,True
http://data.europa.eu/esco/skill/8ca08a35-2d2e-46f5-b440-8fc8ce736287,http://data.europa.eu/esco/skill/8ca08a35-2d2e-46f5-b440-8fc8ce736287,IN_COLLECTION,Digital,high,True
http://data.europa.eu/esco/skill/8d17898e-cd9c-444d-b084-8708a5447747,http://data.europa.eu/esco/skill/8d17898e-cd9c-444d-b084-8708a5447747,IN_COLLECTION,Digital,high,True
http://data.europa.eu/esco/skill/8dcc1c68-1ebe-412b-b437-cab3c26da509,http://data.europa.eu/esco/skill/8dcc1c68-1ebe-412b-b437-cab3c26da509,IN_COLLECTION,Digital,high,True
http://data.europa.eu/esco/skill/8deb6cb7-15e3-4fd7-a9eb-644c23de95fa,http://data.europa.eu/esco/skill/8deb6cb7-15e3-4fd7-a9eb-644c23de95fa,IN_COLLECTION,Digital,high,True
http://data.europa.eu/esco/skill/8e46491b-7ae4-4add-bb6f-b8854e73c914,http://data.europa.eu/esco/skill/8e46491b-7ae4-4add-bb6f-b8854e73c914,IN_COLLECTION,Digital,high,True
http://data.europa.eu/esco/skill/8e91c9b3-45de-4db2-91df-138d10031cf0,http://data.europa.eu/esco/skill/8e91c9b3-45de-4db2-91df-138d10031cf0,IN_COLLECTION,Digital,high,True
http://data.europa.eu/esco/skill/8ee39fb7-8b46-490e-ae21-6e8b32854dd6,http://data.europa.eu/esco/skill/8ee39fb7-8b46-490e-ae21-6e8b32854dd6,IN_COLLECTION,Digital,high,True
http://data.europa.eu/esco/skill/8efa6a7a-6556-4cb8-908d-59d3b5c58d2f,http://data.europa.eu/esco/skill/8efa6a7a-6556-4cb8-908d-59d3b5c58d2f,IN_COLLECTION,Digital,high,True
http://data.europa.eu/esco/skill/8f113113-aa20-48f7-8da1-ac0051505d03,http://data.europa.eu/esco/skill/8f113113-aa20-48f7-8da1-ac0051505d03,IN_COLLECTION,Digital,high,True
http://data.europa.eu/esco/skill/8f32e02a-9290-47ab-ad28-6567bfc2f17a,http://data.europa.eu/esco/skill/8f32e02a-9290-47ab-ad28-6567bfc2f17a,IN_COLLECTION,Digital,high,True
http://data.europa.eu/esco/skill/8f6ed69b-29d0-4c01-81ba-f05920a185f3,http://data.europa.eu/esco/skill/8f6ed69b-29d0-4c01-81ba-f05920a185f3,IN_COLLECTION,Digital,high,True
http://data.europa.eu/esco/skill/8f849584-2326-4e7b-9a3e-d40d7cdb729f,http://data.europa.eu/esco/skill/8f849584-2326-4e7b-9a3e-d40d7cdb729f,IN_COLLECTION,Digital,high,True
http://data.europa.eu/esco/skill/8fa510d0-a8a6-4932-a361-00f8442cfe23,http://data.europa.eu/esco/skill/8fa510d0-a8a6-4932-a361-00f8442cfe23,IN_COLLECTION,Digital,high,True
http://data.europa.eu/esco/skill/8fa840f7-e66a-4370-8e6d-7d554260c31c,http://data.europa.eu/esco/skill/8fa840f7-e66a-4370-8e6d-7d554260c31c,IN_COLLECTION,Digital,high,True
http://data.europa.eu/esco/skill/8fb72af6-c2a9-4b12-aaf0-f5dbd4a9db9e,http://data.europa.eu/esco/skill/8fb72af6-c2a9-4b12-aaf0-f5dbd4a9db9e,IN_COLLECTION,Digital,high,True
http://data.europa.eu/esco/skill/8ff015a0-98ea-4d80-a23e-1f68110a919e,http://data.europa.eu/esco/skill/8ff015a0-98ea-4d80-a23e-1f68110a919e,IN_COLLECTION,Digital,high,True
http://data.europa.eu/esco/skill/8ff314a8-57d7-4b8c-bf41-79f9572fedd0,http://data.europa.eu/esco/skill/8ff314a8-57d7-4b8c-bf41-79f9572fedd0,IN_COLLECTION,Digital,high,True
http://data.europa.eu/esco/skill/90227e81-a1f1-47ae-8e8a-453fb5661f08,http://data.europa.eu/esco/skill/90227e81-a1f1-47ae-8e8a-453fb5661f08,IN_COLLECTION,Digital,high,True
http://data.europa.eu/esco/skill/902fb91c-3113-4004-9b4f-79aa86b638b7,http://data.europa.eu/esco/skill/902fb91c-3113-4004-9b4f-79aa86b638b7,IN_COLLECTION,Digital,high,True
http://data.europa.eu/esco/skill/9035afc4-5317-455d-ab60-f32e2ecc6bfc,http://data.europa.eu/esco/skill/9035afc4-5317-455d-ab60-f32e2ecc6bfc,IN_COLLECTION,Digital,high,True
http://data.europa.eu/esco/skill/906323f4-00c4-4c3b-ab5a-8af77be3456e,http://data.europa.eu/esco/skill/906323f4-00c4-4c3b-ab5a-8af77be3456e,IN_COLLECTION,Digital,high,True
http://data.europa.eu/esco/skill/906ef09c-959c-42de-8c65-6e11c73c3570,http://data.europa.eu/esco/skill/906ef09c-959c-42de-8c65-6e11c73c3570,IN_COLLECTION,Digital,high,True
http://data.europa.eu/esco/skill/90be83d9-56f1-46a4-a6bc-96c51f6c9025,http://data.europa.eu/esco/skill/90be83d9-56f1-46a4-a6bc-96c51f6c9025,IN_COLLECTION,Digital,high,True
http://data.europa.eu/esco/skill/90f9dc0c-f9c0-45a7-9fb4-20a7e4ca4632,http://data.europa.eu/esco/skill/90f9dc0c-f9c0-45a7-9fb4-20a7e4ca4632,IN_COLLECTION,Digital,high,True
http://data.europa.eu/esco/skill/9136cbf1-7916-4f1c-bc9a-0318ee1d6016,http://data.europa.eu/esco/skill/9136cbf1-7916-4f1c-bc9a-0318ee1d6016,IN_COLLECTION,Digital,high,True
http://data.europa.eu/esco/skill/913e4f09-6b22-4f36-9a32-b4508ec824fe,http://data.europa.eu/esco/skill/913e4f09-6b22-4f36-9a32-b4508ec824fe,IN_COLLECTION,Digital,high,True
http://data.europa.eu/esco/skill/913e7e83-b8f8-4574-b1ca-1b38f3fd974a,http://data.europa.eu/esco/skill/913e7e83-b8f8-4574-b1ca-1b38f3fd974a,IN_COLLECTION,Digital,high,True
http://data.europa.eu/esco/skill/9156104b-9bcb-4c22-aaa8-02e3e990ebc7,http://data.europa.eu/esco/skill/9156104b-9bcb-4c22-aaa8-02e3e990ebc7,IN_COLLECTION,Digital,high,True
http://data.europa.eu/esco/skill/9190d87f-9792-42e0-bb7f-64294a656bcd,http://data.europa.eu/esco/skill/9190d87f-9792-42e0-bb7f-64294a656bcd,IN_COLLECTION,Digital,high,True
http://data.europa.eu/esco/skill/91aade3a-9427-4e80-998b-29492dcb9ffd,http://data.europa.eu/esco/skill/91aade3a-9427-4e80-998b-29492dcb9ffd,IN_COLLECTION,Digital,high,True
http://data.europa.eu/esco/skill/91ba97f5-7518-4638-b2d2-308996db3cf8,http://data.europa.eu/esco/skill/91ba97f5-7518-4638-b2d2-308996db3cf8,IN_COLLECTION,Digital,high,True
http://data.europa.eu/esco/skill/925463a7-d51f-4d5b-9f79-4d28cf30acde,http://data.europa.eu/esco/skill/925463a7-d51f-4d5b-9f79-4d28cf30acde,IN_COLLECTION,Digital,high,True
http://data.europa.eu/esco/skill/9295d1c5-8d7d-423e-a6ce-dfbc1d991f88,http://data.europa.eu/esco/skill/9295d1c5-8d7d-423e-a6ce-dfbc1d991f88,IN_COLLECTION,Digital,high,True
http://data.europa.eu/esco/skill/930c5458-9b5d-4438-bef6-fc69c2c08548,http://data.europa.eu/esco/skill/930c5458-9b5d-4438-bef6-fc69c2c08548,IN_COLLECTION,Digital,high,True
http://data.europa.eu/esco/skill/933efc5f-a797-4581-8a8b-c08956ff7d58,http://data.europa.eu/esco/skill/933efc5f-a797-4581-8a8b-c08956ff7d58,IN_COLLECTION,Digital,high,True
http://data.europa.eu/esco/skill/93a2f730-d5f6-4604-a25e-a2ee206ea468,http://data.europa.eu/esco/skill/93a2f730-d5f6-4604-a25e-a2ee206ea468,IN_COLLECTION,Digital,high,True
http://data.europa.eu/esco/skill/93aaf65c-5aad-4e6f-a7ba-ce9bf7c0e6e6,http://data.europa.eu/esco/skill/93aaf65c-5aad-4e6f-a7ba-ce9bf7c0e6e6,IN_COLLECTION,Digital,high,True
http://data.europa.eu/esco/skill/93b22bbf-ece1-4e2d-8d47-0c9392c5a4fd,http://data.europa.eu/esco/skill/93b22bbf-ece1-4e2d-8d47-0c9392c5a4fd,IN_COLLECTION,Digital,high,True
http://data.europa.eu/esco/skill/93e65de1-923c-437e-aa5b-e6002967ce71,http://data.europa.eu/esco/skill/93e65de1-923c-437e-aa5b-e6002967ce71,IN_COLLECTION,Digital,high,True
http://data.europa.eu/esco/skill/945b8655-5577-4c3a-946a-842d4527afa8,http://data.europa.eu/esco/skill/945b8655-5577-4c3a-946a-842d4527afa8,IN_COLLECTION,Digital,high,True
http://data.europa.eu/esco/skill/94758266-bb0f-4e41-bedb-349ecacfaf5c,http://data.europa.eu/esco/skill/94758266-bb0f-4e41-bedb-349ecacfaf5c,IN_COLLECTION,Digital,high,True
http://data.europa.eu/esco/skill/94dd823c-148e-4614-a6e8-99249b16357d,http://data.europa.eu/esco/skill/94dd823c-148e-4614-a6e8-99249b16357d,IN_COLLECTION,Digital,high,True
http://data.europa.eu/esco/skill/95324ac5-69a5-419b-a877-720b1ee44236,http://data.europa.eu/esco/skill/95324ac5-69a5-419b-a877-720b1ee44236,IN_COLLECTION,Digital,high,True
http://data.europa.eu/esco/skill/95c35c3a-035f-47c2-90cf-7e934d20fc08,http://data.europa.eu/esco/skill/95c35c3a-035f-47c2-90cf-7e934d20fc08,IN_COLLECTION,Digital,high,True
http://data.europa.eu/esco/skill/95d84b77-ba94-492f-a1e6-18be13f16cf0,http://data.europa.eu/esco/skill/95d84b77-ba94-492f-a1e6-18be13f16cf0,IN_COLLECTION,Digital,high,True
http://data.europa.eu/esco/skill/966f2fd3-3de6-42da-b87c-da924c6d7960,http://data.europa.eu/esco/skill/966f2fd3-3de6-42da-b87c-da924c6d7960,IN_COLLECTION,Digital,high,True
http://data.europa.eu/esco/skill/96eb286a-58b7-45ff-a916-5578d0b79b8c,http://data.europa.eu/esco/skill/96eb286a-58b7-45ff-a916-5578d0b79b8c,IN_COLLECTION,Digital,high,True
http://data.europa.eu/esco/skill/9707091a-323b-4240-877a-5999a19286f0,http://data.europa.eu/esco/skill/9707091a-323b-4240-877a-5999a19286f0,IN_COLLECTION,Digital,high,True
http://data.europa.eu/esco/skill/9710092c-f174-4e84-95bf-2064d39ad7a0,http://data.europa.eu/esco/skill/9710092c-f174-4e84-95bf-2064d39ad7a0,IN_COLLECTION,Digital,high,True
http://data.europa.eu/esco/skill/97272b3e-d497-4420-893d-612b15d377d9,http://data.europa.eu/esco/skill/97272b3e-d497-4420-893d-612b15d377d9,IN_COLLECTION,Digital,high,True
http://data.europa.eu/esco/skill/976455eb-5bbe-4493-ae64-ed16c3b009ea,http://data.europa.eu/esco/skill/976455eb-5bbe-4493-ae64-ed16c3b009ea,IN_COLLECTION,Digital,high,True
http://data.europa.eu/esco/skill/978db6a1-7297-4c89-819a-47605f2c3ba8,http://data.europa.eu/esco/skill/978db6a1-7297-4c89-819a-47605f2c3ba8,IN_COLLECTION,Digital,high,True
http://data.europa.eu/esco/skill/97965983-0da4-4902-9daf-d5cd2693ef73,http://data.europa.eu/esco/skill/97965983-0da4-4902-9daf-d5cd2693ef73,IN_COLLECTION,Digital,high,True
http://data.europa.eu/esco/skill/97bd1c21-66b2-4b7e-ad0f-e3cda590e378,http://data.europa.eu/esco/skill/97bd1c21-66b2-4b7e-ad0f-e3cda590e378,IN_COLLECTION,Digital,high,True
http://data.europa.eu/esco/skill/97bdd757-29d4-4126-92a6-07608825aa3b,http://data.europa.eu/esco/skill/97bdd757-29d4-4126-92a6-07608825aa3b,IN_COLLECTION,Digital,high,True
http://data.europa.eu/esco/skill/97fb21db-a4e5-4b03-af21-03b9d510d872,http://data.europa.eu/esco/skill/97fb21db-a4e5-4b03-af21-03b9d510d872,IN_COLLECTION,Digital,high,True
http://data.europa.eu/esco/skill/9889b795-d755-41b2-8afd-2e3c87a65a38,http://data.europa.eu/esco/skill/9889b795-d755-41b2-8afd-2e3c87a65a38,IN_COLLECTION,Digital,high,True
http://data.europa.eu/esco/skill/98a1dec3-8138-4f46-a596-5e2a83b884b9,http://data.europa.eu/esco/skill/98a1dec3-8138-4f46-a596-5e2a83b884b9,IN_COLLECTION,Digital,high,True
http://data.europa.eu/esco/skill/98a57799-0146-4849-a1d2-41021c4b7b8f,http://data.europa.eu/esco/skill/98a57799-0146-4849-a1d2-41021c4b7b8f,IN_COLLECTION,Digital,high,True
http://data.europa.eu/esco/skill/99207709-d076-4cce-ba38-e90d3bb28806,http://data.europa.eu/esco/skill/99207709-d076-4cce-ba38-e90d3bb28806,IN_COLLECTION,Digital,high,True
http://data.europa.eu/esco/skill/993b1e23-f2de-4bd8-b33f-f86dde1c8e9d,http://data.europa.eu/esco/skill/993b1e23-f2de-4bd8-b33f-f86dde1c8e9d,IN_COLLECTION,Digital,high,True
http://data.europa.eu/esco/skill/9973a5a2-7822-4161-99e9-95c781eb63f8,http://data.europa.eu/esco/skill/9973a5a2-7822-4161-99e9-95c781eb63f8,IN_COLLECTION,Digital,high,True
http://data.europa.eu/esco/skill/99814cb0-5f6c-4663-99a4-af28b11d5d2f,http://data.europa.eu/esco/skill/99814cb0-5f6c-4663-99a4-af28b11d5d2f,IN_COLLECTION,Digital,high,True
http://data.europa.eu/esco/skill/9983816d-cc78-4d3f-9e3c-c7baa9ebc77a,http://data.europa.eu/esco/skill/9983816d-cc78-4d3f-9e3c-c7baa9ebc77a,IN_COLLECTION,Digital,high,True
http://data.europa.eu/esco/skill/9a35cb50-8106-45f9-8aba-2df99dd6f913,http://data.europa.eu/esco/skill/9a35cb50-8106-45f9-8aba-2df99dd6f913,IN_COLLECTION,Digital,high,True
http://data.europa.eu/esco/skill/9a8f5432-fb04-498d-9ba4-a4e1444ff056,http://data.europa.eu/esco/skill/9a8f5432-fb04-498d-9ba4-a4e1444ff056,IN_COLLECTION,Digital,high,True
http://data.europa.eu/esco/skill/9ab0a456-e4f6-4070-a360-46e1009b6c0d,http://data.europa.eu/esco/skill/9ab0a456-e4f6-4070-a360-46e1009b6c0d,IN_COLLECTION,Digital,high,True
http://data.europa.eu/esco/skill/9b30c8fd-6467-4d16-99e0-32899a9ceec0,http://data.europa.eu/esco/skill/9b30c8fd-6467-4d16-99e0-32899a9ceec0,IN_COLLECTION,Digital,high,True
http://data.europa.eu/esco/skill/9b9de2a4-d8af-4a7b-933a-a8334ae60067,http://data.europa.eu/esco/skill/9b9de2a4-d8af-4a7b-933a-a8334ae60067,IN_COLLECTION,Digital,high,True
http://data.europa.eu/esco/skill/9ba355be-f119-42b6-a7d6-52f6ce2e4a3f,http://data.europa.eu/esco/skill/9ba355be-f119-42b6-a7d6-52f6ce2e4a3f,IN_COLLECTION,Digital,high,True
http://data.europa.eu/esco/skill/9ba8fd27-275d-4bad-8c48-f668aa99a578,http://data.europa.eu/esco/skill/9ba8fd27-275d-4bad-8c48-f668aa99a578,IN_COLLECTION,Digital,high,True
http://data.europa.eu/esco/skill/9bb7a97a-1a16-431e-8ea6-ad0f9f59aa0a,http://data.europa.eu/esco/skill/9bb7a97a-1a16-431e-8ea6-ad0f9f59aa0a,IN_COLLECTION,Digital,high,True
http://data.europa.eu/esco/skill/9bc3b9ae-50d8-4a32-857e-8cf8d9b4ba8e,http://data.europa.eu/esco/skill/9bc3b9ae-50d8-4a32-857e-8cf8d9b4ba8e,IN_COLLECTION,Digital,high,True
http://data.europa.eu/esco/skill/9bfae677-2b7f-49bf-b7eb-2ade795df734,http://data.europa.eu/esco/skill/9bfae677-2b7f-49bf-b7eb-2ade795df734,IN_COLLECTION,Digital,high,True
http://data.europa.eu/esco/skill/9c48a5cc-d4a5-4cef-93f7-504902f35319,http://data.europa.eu/esco/skill/9c48a5cc-d4a5-4cef-93f7-504902f35319,IN_COLLECTION,Digital,high,True
http://data.europa.eu/esco/skill/9c6e951f-aa88-4890-983d-e7a6ee49f5bb,http://data.europa.eu/esco/skill/9c6e951f-aa88-4890-983d-e7a6ee49f5bb,IN_COLLECTION,Digital,high,True
http://data.europa.eu/esco/skill/9ce52938-fe28-4548-b38d-0c783933e19a,http://data.europa.eu/esco/skill/9ce52938-fe28-4548-b38d-0c783933e19a,IN_COLLECTION,Digital,high,True
http://data.europa.eu/esco/skill/9ce670ec-318c-4a91-9179-03437db728dc,http://data.europa.eu/esco/skill/9ce670ec-318c-4a91-9179-03437db728dc,IN_COLLECTION,Digital,high,True
http://data.europa.eu/esco/skill/9ce7c497-a019-435b-90ca-27b6889c2cb9,http://data.europa.eu/esco/skill/9ce7c497-a019-435b-90ca-27b6889c2cb9,IN_COLLECTION,Digital,high,True
http://data.europa.eu/esco/skill/9cf681c7-89ec-470c-b651-7fe03786f586,http://data.europa.eu/esco/skill/9cf681c7-89ec-470c-b651-7fe03786f586,IN_COLLECTION,Digital,high,True
http://data.europa.eu/esco/skill/9d0d89be-bffa-4393-b6f6-8d05bea49051,http://data.europa.eu/esco/skill/9d0d89be-bffa-4393-b6f6-8d05bea49051,IN_COLLECTION,Digital,high,True
http://data.europa.eu/esco/skill/9d1b08b3-ba1e-41f6-a466-1ac1e62eb5f0,http://data.europa.eu/esco/skill/9d1b08b3-ba1e-41f6-a466-1ac1e62eb5f0,IN_COLLECTION,Digital,high,True
http://data.europa.eu/esco/skill/9d2e926f-53d9-41f5-98f3-19dfaa687f3f,http://data.europa.eu/esco/skill/9d2e926f-53d9-41f5-98f3-19dfaa687f3f,IN_COLLECTION,Digital,high,True
http://data.europa.eu/esco/skill/9d2f77af-4307-4ac5-bc50-a9980cec7e83,http://data.europa.eu/esco/skill/9d2f77af-4307-4ac5-bc50-a9980cec7e83,IN_COLLECTION,Digital,high,True
http://data.europa.eu/esco/skill/9dfab993-ecab-4292-9cb2-528a93eb3161,http://data.europa.eu/esco/skill/9dfab993-ecab-4292-9cb2-528a93eb3161,IN_COLLECTION,Digital,high,True
http://data.europa.eu/esco/skill/9e06bac6-6b91-48ca-8b7d-c1f48cdecd7c,http://data.europa.eu/esco/skill/9e06bac6-6b91-48ca-8b7d-c1f48cdecd7c,IN_COLLECTION,Digital,high,True
http://data.europa.eu/esco/skill/9e14c1d8-72f2-45ba-815d-0d12e12d19fa,http://data.europa.eu/esco/skill/9e14c1d8-72f2-45ba-815d-0d12e12d19fa,IN_COLLECTION,Digital,high,True
http://data.europa.eu/esco/skill/9ecd4016-b9de-480d-8ec3-9881644f0eda,http://data.europa.eu/esco/skill/9ecd4016-b9de-480d-8ec3-9881644f0eda,IN_COLLECTION,Digital,high,True
http://data.europa.eu/esco/skill/9ef0f3a0-9ce2-4ef1-a987-0366b5cb2dbe,http://data.europa.eu/esco/skill/9ef0f3a0-9ce2-4ef1-a987-0366b5cb2dbe,IN_COLLECTION,Digital,high,True
http://data.europa.eu/esco/skill/9effa3d7-c0c4-4583-ad94-b496ba5e5f2c,http://data.europa.eu/esco/skill/9effa3d7-c0c4-4583-ad94-b496ba5e5f2c,IN_COLLECTION,Digital,high,True
http://data.europa.eu/esco/skill/9faa44df-0821-4f69-8f86-184c799cf44f,http://data.europa.eu/esco/skill/9faa44df-0821-4f69-8f86-184c799cf44f,IN_COLLECTION,Digital,high,True
http://data.europa.eu/esco/skill/9ff9db9d-d14b-426e-83f3-e7449af6c79f,http://data.europa.eu/esco/skill/9ff9db9d-d14b-426e-83f3-e7449af6c79f,IN_COLLECTION,Digital,high,True
http://data.europa.eu/esco/skill/a056851d-4a8b-4007-b0f6-8224ca1ec1c2,http://data.europa.eu/esco/skill/a056851d-4a8b-4007-b0f6-8224ca1ec1c2,IN_COLLECTION,Digital,high,True
http://data.europa.eu/esco/skill/a06a0d41-10fa-4ba7-a988-e8b5eba966fb,http://data.europa.eu/esco/skill/a06a0d41-10fa-4ba7-a988-e8b5eba966fb,IN_COLLECTION,Digital,high,True
http://data.europa.eu/esco/skill/a06aa85f-2879-4a02-a6bd-cd60cdfc3f12,http://data.europa.eu/esco/skill/a06aa85f-2879-4a02-a6bd-cd60cdfc3f12,IN_COLLECTION,Digital,high,True
http://data.europa.eu/esco/skill/a0b6f2b8-0f41-420d-9d7b-942026f83b50,http://data.europa.eu/esco/skill/a0b6f2b8-0f41-420d-9d7b-942026f83b50,IN_COLLECTION,Digital,high,True
http://data.europa.eu/esco/skill/a0bf9b9d-e53f-418c-a839-5d99eff718fe,http://data.europa.eu/esco/skill/a0bf9b9d-e53f-418c-a839-5d99eff718fe,IN_COLLECTION,Digital,high,True
http://data.europa.eu/esco/skill/a12057b4-6d11-4a12-ab8e-15a028ef0a6d,http://data.europa.eu/esco/skill/a12057b4-6d11-4a12-ab8e-15a028ef0a6d,IN_COLLECTION,Digital,high,True
http://data.europa.eu/esco/skill/a1388163-462a-4b76-8649-67470ea858a1,http://data.europa.eu/esco/skill/a1388163-462a-4b76-8649-67470ea858a1,IN_COLLECTION,Digital,high,True
http://data.europa.eu/esco/skill/a18b1d91-f0bd-495d-ba8e-d9532f117b89,http://data.europa.eu/esco/skill/a18b1d91-f0bd-495d-ba8e-d9532f117b89,IN_COLLECTION,Digital,high,True
http://data.europa.eu/esco/skill/a283db93-b160-4b6f-9855-4e79806c4674,http://data.europa.eu/esco/skill/a283db93-b160-4b6f-9855-4e79806c4674,IN_COLLECTION,Digital,high,True
http://data.europa.eu/esco/skill/a2842c30-be76-4327-9dce-ff56cf830533,http://data.europa.eu/esco/skill/a2842c30-be76-4327-9dce-ff56cf830533,IN_COLLECTION,Digital,high,True
http://data.europa.eu/esco/skill/a28df07f-976c-4eb4-b29a-06161af39756,http://data.europa.eu/esco/skill/a28df07f-976c-4eb4-b29a-06161af39756,IN_COLLECTION,Digital,high,True
http://data.europa.eu/esco/skill/a2b566b0-1070-47a4-adc8-88839942ce25,http://data.europa.eu/esco/skill/a2b566b0-1070-47a4-adc8-88839942ce25,IN_COLLECTION,Digital,high,True
http://data.europa.eu/esco/skill/a2b5dcf3-5b6a-453d-876c-cff540c0faf1,http://data.europa.eu/esco/skill/a2b5dcf3-5b6a-453d-876c-cff540c0faf1,IN_COLLECTION,Digital,high,True
http://data.europa.eu/esco/skill/a2fef437-6719-47c2-8552-73b9fe81df86,http://data.europa.eu/esco/skill/a2fef437-6719-47c2-8552-73b9fe81df86,IN_COLLECTION,Digital,high,True
http://data.europa.eu/esco/skill/a32c2a6d-02ea-42ec-b2b7-66659ce1811c,http://data.europa.eu/esco/skill/a32c2a6d-02ea-42ec-b2b7-66659ce1811c,IN_COLLECTION,Digital,high,True
http://data.europa.eu/esco/skill/a35b9b1c-ebfe-41ac-96be-2a7b2ea04670,http://data.europa.eu/esco/skill/a35b9b1c-ebfe-41ac-96be-2a7b2ea04670,IN_COLLECTION,Digital,high,True
http://data.europa.eu/esco/skill/a3882117-5ace-40b3-ad39-014d8b53c835,http://data.europa.eu/esco/skill/a3882117-5ace-40b3-ad39-014d8b53c835,IN_COLLECTION,Digital,high,True
http://data.europa.eu/esco/skill/a3bd38a7-06e4-4e9c-8bbc-75aa36871801,http://data.europa.eu/esco/skill/a3bd38a7-06e4-4e9c-8bbc-75aa36871801,IN_COLLECTION,Digital,high,True
http://data.europa.eu/esco/skill/a3ce2bf7-5562-4639-9b52-fdb4850a3904,http://data.europa.eu/esco/skill/a3ce2bf7-5562-4639-9b52-fdb4850a3904,IN_COLLECTION,Digital,high,True
http://data.europa.eu/esco/skill/a3e7ebba-5183-4df8-9203-35b9b9b8f4fa,http://data.europa.eu/esco/skill/a3e7ebba-5183-4df8-9203-35b9b9b8f4fa,IN_COLLECTION,Digital,high,True
http://data.europa.eu/esco/skill/a4346013-a967-4a58-a533-6b32ad1364c5,http://data.europa.eu/esco/skill/a4346013-a967-4a58-a533-6b32ad1364c5,IN_COLLECTION,Digital,high,True
http://data.europa.eu/esco/skill/a46743b7-ff8c-49b6-99f7-7fa5bc241771,http://data.europa.eu/esco/skill/a46743b7-ff8c-49b6-99f7-7fa5bc241771,IN_COLLECTION,Digital,high,True
http://data.europa.eu/esco/skill/a47d194d-0ffd-4aaa-b695-fbbe0255000e,http://data.europa.eu/esco/skill/a47d194d-0ffd-4aaa-b695-fbbe0255000e,IN_COLLECTION,Digital,high,True
http://data.europa.eu/esco/skill/a4881e54-6055-4e61-855a-0a56ced7cfa3,http://data.europa.eu/esco/skill/a4881e54-6055-4e61-855a-0a56ced7cfa3,IN_COLLECTION,Digital,high,True
http://data.europa.eu/esco/skill/a48e97cc-9240-46e3-b62d-a6935f132bea,http://data.europa.eu/esco/skill/a48e97cc-9240-46e3-b62d-a6935f132bea,IN_COLLECTION,Digital,high,True
http://data.europa.eu/esco/skill/a4a882a1-0263-4dd2-b29a-f0028cac2393,http://data.europa.eu/esco/skill/a4a882a1-0263-4dd2-b29a-f0028cac2393,IN_COLLECTION,Digital,high,True
http://data.europa.eu/esco/skill/a4bead49-86a0-4849-8b6a-77cdcc157808,http://data.europa.eu/esco/skill/a4bead49-86a0-4849-8b6a-77cdcc157808,IN_COLLECTION,Digital,high,True
http://data.europa.eu/esco/skill/a4c2aa71-086f-4a46-b481-2619673c9dfe,http://data.europa.eu/esco/skill/a4c2aa71-086f-4a46-b481-2619673c9dfe,IN_COLLECTION,Digital,high,True
http://data.europa.eu/esco/skill/a4d336a6-9ffd-402a-91cc-f359716ba4e0,http://data.europa.eu/esco/skill/a4d336a6-9ffd-402a-91cc-f359716ba4e0,IN_COLLECTION,Digital,high,True
http://data.europa.eu/esco/skill/a4e31589-3632-4926-91d0-15b889c90b9b,http://data.europa.eu/esco/skill/a4e31589-3632-4926-91d0-15b889c90b9b,IN_COLLECTION,Digital,high,True
http://data.europa.eu/esco/skill/a4ec696c-ac73-4bd5-8a3c-09a783cf3944,http://data.europa.eu/esco/skill/a4ec696c-ac73-4bd5-8a3c-09a783cf3944,IN_COLLECTION,Digital,high,True
http://data.europa.eu/esco/skill/a50c6a0a-5171-4be6-aa2b-50fe4d025d45,http://data.europa.eu/esco/skill/a50c6a0a-5171-4be6-aa2b-50fe4d025d45,IN_COLLECTION,Digital,high,True
http://data.europa.eu/esco/skill/a520b743-8f40-43ac-a2d5-755899120844,http://data.europa.eu/esco/skill/a520b743-8f40-43ac-a2d5-755899120844,IN_COLLECTION,Digital,high,True
http://data.europa.eu/esco/skill/a521903b-aa32-4954-9790-961b0df1261f,http://data.europa.eu/esco/skill/a521903b-aa32-4954-9790-961b0df1261f,IN_COLLECTION,Digital,high,True
http://data.europa.eu/esco/skill/a56dec32-05ef-45de-a256-ee6741f356db,http://data.europa.eu/esco/skill/a56dec32-05ef-45de-a256-ee6741f356db,IN_COLLECTION,Digital,high,True
http://data.europa.eu/esco/skill/a571ae14-3e16-4fd3-a615-5646e0b0b696,http://data.europa.eu/esco/skill/a571ae14-3e16-4fd3-a615-5646e0b0b696,IN_COLLECTION,Digital,high,True
http://data.europa.eu/esco/skill/a572fd00-6735-428b-9fb1-fd2bf6262b21,http://data.europa.eu/esco/skill/a572fd00-6735-428b-9fb1-fd2bf6262b21,IN_COLLECTION,Digital,high,True
http://data.europa.eu/esco/skill/a57a54b6-2f2e-43e4-9621-b52f4a63cb08,http://data.europa.eu/esco/skill/a57a54b6-2f2e-43e4-9621-b52f4a63cb08,IN_COLLECTION,Digital,high,True
http://data.europa.eu/esco/skill/a59708e3-e654-4e37-8b8a-741c3b756eee,http://data.europa.eu/esco/skill/a59708e3-e654-4e37-8b8a-741c3b756eee,IN_COLLECTION,Digital,high,True
http://data.europa.eu/esco/skill/a6532ae5-efc4-4ca4-b172-c11471940d09,http://data.europa.eu/esco/skill/a6532ae5-efc4-4ca4-b172-c11471940d09,IN_COLLECTION,Digital,high,True
http://data.europa.eu/esco/skill/a71577b2-7550-4222-88ee-dcbd2d881516,http://data.europa.eu/esco/skill/a71577b2-7550-4222-88ee-dcbd2d881516,IN_COLLECTION,Digital,high,True
http://data.europa.eu/esco/skill/a72408af-b488-4ad4-801b-bbf16f7a7b57,http://data.europa.eu/esco/skill/a72408af-b488-4ad4-801b-bbf16f7a7b57,IN_COLLECTION,Digital,high,True
http://data.europa.eu/esco/skill/a7242a8d-3762-42b7-b430-3369351bbd7d,http://data.europa.eu/esco/skill/a7242a8d-3762-42b7-b430-3369351bbd7d,IN_COLLECTION,Digital,high,True
http://data.europa.eu/esco/skill/a7723f06-53c3-4228-9fd0-1952ea1d7391,http://data.europa.eu/esco/skill/a7723f06-53c3-4228-9fd0-1952ea1d7391,IN_COLLECTION,Digital,high,True
http://data.europa.eu/esco/skill/a7a14be2-78b5-4b4a-ba77-2658285e2756,http://data.europa.eu/esco/skill/a7a14be2-78b5-4b4a-ba77-2658285e2756,IN_COLLECTION,Digital,high,True
http://data.europa.eu/esco/skill/a7f0fbe0-c546-4f30-8e41-34a58c64567e,http://data.europa.eu/esco/skill/a7f0fbe0-c546-4f30-8e41-34a58c64567e,IN_COLLECTION,Digital,high,True
http://data.europa.eu/esco/skill/a800a15c-2d1b-4151-8bf3-b21d47f709a1,http://data.europa.eu/esco/skill/a800a15c-2d1b-4151-8bf3-b21d47f709a1,IN_COLLECTION,Digital,high,True
http://data.europa.eu/esco/skill/a80fb090-63f4-4b05-83a5-2f090deb7757,http://data.europa.eu/esco/skill/a80fb090-63f4-4b05-83a5-2f090deb7757,IN_COLLECTION,Digital,high,True
http://data.europa.eu/esco/skill/a87c1c42-8927-4183-97c7-a17554c22b29,http://data.europa.eu/esco/skill/a87c1c42-8927-4183-97c7-a17554c22b29,IN_COLLECTION,Digital,high,True
http://data.europa.eu/esco/skill/a88da605-095f-4a4f-be1c-d1444df8228a,http://data.europa.eu/esco/skill/a88da605-095f-4a4f-be1c-d1444df8228a,IN_COLLECTION,Digital,high,True
http://data.europa.eu/esco/skill/a8d07b5a-c1a1-42c6-9d53-db9c7a2ca996,http://data.europa.eu/esco/skill/a8d07b5a-c1a1-42c6-9d53-db9c7a2ca996,IN_COLLECTION,Digital,high,True
http://data.europa.eu/esco/skill/a91732ce-988e-4105-9570-f425c6ffdc82,http://data.europa.eu/esco/skill/a91732ce-988e-4105-9570-f425c6ffdc82,IN_COLLECTION,Digital,high,True
http://data.europa.eu/esco/skill/a9622bbb-3a6f-4819-a3fe-cd6a447a78e9,http://data.europa.eu/esco/skill/a9622bbb-3a6f-4819-a3fe-cd6a447a78e9,IN_COLLECTION,Digital,high,True
http://data.europa.eu/esco/skill/a96dea4e-1c76-4808-8f18-3ce662ff82cb,http://data.europa.eu/esco/skill/a96dea4e-1c76-4808-8f18-3ce662ff82cb,IN_COLLECTION,Digital,high,True
http://data.europa.eu/esco/skill/a9b68e58-766a-403d-b5fe-955b57bdad1b,http://data.europa.eu/esco/skill/a9b68e58-766a-403d-b5fe-955b57bdad1b,IN_COLLECTION,Digital,high,True
http://data.europa.eu/esco/skill/a9d2af37-f208-4ce8-8cc2-24de0b02b555,http://data.europa.eu/esco/skill/a9d2af37-f208-4ce8-8cc2-24de0b02b555,IN_COLLECTION,Digital,high,True
http://data.europa.eu/esco/skill/a9dc215e-4e26-4ac0-b1e8-a721a88af813,http://data.europa.eu/esco/skill/a9dc215e-4e26-4ac0-b1e8-a721a88af813,IN_COLLECTION,Digital,high,True
http://data.europa.eu/esco/skill/aa0d8201-5a8e-417f-81f4-c04601139582,http://data.europa.eu/esco/skill/aa0d8201-5a8e-417f-81f4-c04601139582,IN_COLLECTION,Digital,high,True
http://data.europa.eu/esco/skill/ab1e97ed-2319-4293-a8b7-072d2648822f,http://data.europa.eu/esco/skill/ab1e97ed-2319-4293-a8b7-072d2648822f,IN_COLLECTION,Digital,high,True
http://data.europa.eu/esco/skill/ab20726a-14dd-4536-9aa1-6166bc1a5832,http://data.europa.eu/esco/skill/ab20726a-14dd-4536-9aa1-6166bc1a5832,IN_COLLECTION,Digital,high,True
http://data.europa.eu/esco/skill/ab49f767-296b-47d5-af56-0b4a69515b03,http://data.europa.eu/esco/skill/ab49f767-296b-47d5-af56-0b4a69515b03,IN_COLLECTION,Digital,high,True
http://data.europa.eu/esco/skill/ab67fbfb-0ca7-4345-8bf6-af8f59480212,http://data.europa.eu/esco/skill/ab67fbfb-0ca7-4345-8bf6-af8f59480212,IN_COLLECTION,Digital,high,True
http://data.europa.eu/esco/skill/aba363e7-07ec-4eb2-a89e-bcba397c25ab,http://data.europa.eu/esco/skill/aba363e7-07ec-4eb2-a89e-bcba397c25ab,IN_COLLECTION,Digital,high,True
http://data.europa.eu/esco/skill/abdc7ac8-151f-40c6-bc1a-1e9b4b073290,http://data.europa.eu/esco/skill/abdc7ac8-151f-40c6-bc1a-1e9b4b073290,IN_COLLECTION,Digital,high,True
http://data.europa.eu/esco/skill/ac516e9b-8bfa-4b72-8e3e-340b0a3a51d5,http://data.europa.eu/esco/skill/ac516e9b-8bfa-4b72-8e3e-340b0a3a51d5,IN_COLLECTION,Digital,high,True
http://data.europa.eu/esco/skill/acf0a78c-f4e3-4bd9-a5cc-9cf4791b3b95,http://data.europa.eu/esco/skill/acf0a78c-f4e3-4bd9-a5cc-9cf4791b3b95,IN_COLLECTION,Digital,high,True
http://data.europa.eu/esco/skill/ad008df3-dcaf-45ee-8892-2319a3b66c98,http://data.europa.eu/esco/skill/ad008df3-dcaf-45ee-8892-2319a3b66c98,IN_COLLECTION,Digital,high,True
http://data.europa.eu/esco/skill/ad59afe4-6f8a-4bc4-acfd-0f228277508a,http://data.europa.eu/esco/skill/ad59afe4-6f8a-4bc4-acfd-0f228277508a,IN_COLLECTION,Digital,high,True
http://data.europa.eu/esco/skill/adcca622-b933-4ba3-bc43-bf371879edc3,http://data.europa.eu/esco/skill/adcca622-b933-4ba3-bc43-bf371879edc3,IN_COLLECTION,Digital,high,True
http://data.europa.eu/esco/skill/ae4f0cc6-e0b9-47f5-bdca-2fc2e6316dce,http://data.europa.eu/esco/skill/ae4f0cc6-e0b9-47f5-bdca-2fc2e6316dce,IN_COLLECTION,Digital,high,True
http://data.europa.eu/esco/skill/ae57a9c3-f761-4b03-be2b-99a781704c73,http://data.europa.eu/esco/skill/ae57a9c3-f761-4b03-be2b-99a781704c73,IN_COLLECTION,Digital,high,True
http://data.europa.eu/esco/skill/ae6c1227-dd33-4df0-a64e-439cfdf948ea,http://data.europa.eu/esco/skill/ae6c1227-dd33-4df0-a64e-439cfdf948ea,IN_COLLECTION,Digital,high,True
http://data.europa.eu/esco/skill/aee24c19-7dfd-4011-ae95-7a2fe2f7e369,http://data.europa.eu/esco/skill/aee24c19-7dfd-4011-ae95-7a2fe2f7e369,IN_COLLECTION,Digital,high,True
http://data.europa.eu/esco/skill/af1d906a-c13d-4de1-a362-6980e6dc9937,http://data.europa.eu/esco/skill/af1d906a-c13d-4de1-a362-6980e6dc9937,IN_COLLECTION,Digital,high,True
http://data.europa.eu/esco/skill/af313ba1-a39e-49ac-99ec-94630fbe4f7f,http://data.europa.eu/esco/skill/af313ba1-a39e-49ac-99ec-94630fbe4f7f,IN_COLLECTION,Digital,high,True
http://data.europa.eu/esco/skill/af529b5d-a055-4dfa-a386-1b1c1c8670e3,http://data.europa.eu/esco/skill/af529b5d-a055-4dfa-a386-1b1c1c8670e3,IN_COLLECTION,Digital,high,True
http://data.europa.eu/esco/skill/af6ea157-8c10-4c5b-8015-0e184946127a,http://data.europa.eu/esco/skill/af6ea157-8c10-4c5b-8015-0e184946127a,IN_COLLECTION,Digital,high,True
http://data.europa.eu/esco/skill/af7ae54f-4649-4c16-87c7-59ba41d4d57f,http://data.europa.eu/esco/skill/af7ae54f-4649-4c16-87c7-59ba41d4d57f,IN_COLLECTION,Digital,high,True
http://data.europa.eu/esco/skill/af8ca5cf-7fd1-4275-a886-e951c335d497,http://data.europa.eu/esco/skill/af8ca5cf-7fd1-4275-a886-e951c335d497,IN_COLLECTION,Digital,high,True
http://data.europa.eu/esco/skill/afa14e38-5973-4cce-a077-f796c1ced2cc,http://data.europa.eu/esco/skill/afa14e38-5973-4cce-a077-f796c1ced2cc,IN_COLLECTION,Digital,high,True
http://data.europa.eu/esco/skill/afd63e8c-a4e7-42d3-86c9-3b2dd549a353,http://data.europa.eu/esco/skill/afd63e8c-a4e7-42d3-86c9-3b2dd549a353,IN_COLLECTION,Digital,high,True
http://data.europa.eu/esco/skill/afda6ca0-7aa8-41ef-ba5e-8dc607839daf,http://data.europa.eu/esco/skill/afda6ca0-7aa8-41ef-ba5e-8dc607839daf,IN_COLLECTION,Digital,high,True
http://data.europa.eu/esco/skill/aff205d0-b338-4020-9c19-45044b545835,http://data.europa.eu/esco/skill/aff205d0-b338-4020-9c19-45044b545835,IN_COLLECTION,Digital,high,True
http://data.europa.eu/esco/skill/b0096dc5-2e2d-4bc1-8172-05bf486c3968,http://data.europa.eu/esco/skill/b0096dc5-2e2d-4bc1-8172-05bf486c3968,IN_COLLECTION,Digital,high,True
http://data.europa.eu/esco/skill/b0288eea-74b3-460a-8ac5-edc4ba70b75c,http://data.europa.eu/esco/skill/b0288eea-74b3-460a-8ac5-edc4ba70b75c,IN_COLLECTION,Digital,high,True
http://data.europa.eu/esco/skill/b04c4965-4fd7-4dfa-a8d4-0cec5c5f5d0c,http://data.europa.eu/esco/skill/b04c4965-4fd7-4dfa-a8d4-0cec5c5f5d0c,IN_COLLECTION,Digital,high,True
http://data.europa.eu/esco/skill/b080a008-a35d-4bd0-92e9-edf3773bb2b7,http://data.europa.eu/esco/skill/b080a008-a35d-4bd0-92e9-edf3773bb2b7,IN_COLLECTION,Digital,high,True
http://data.europa.eu/esco/skill/b0a3bb25-a02f-43ed-ab1f-994fa66a424a,http://data.europa.eu/esco/skill/b0a3bb25-a02f-43ed-ab1f-994fa66a424a,IN_COLLECTION,Digital,high,True
http://data.europa.eu/esco/skill/b0ac313d-de44-4344-ada6-76d2177b6d92,http://data.europa.eu/esco/skill/b0ac313d-de44-4344-ada6-76d2177b6d92,IN_COLLECTION,Digital,high,True
http://data.europa.eu/esco/skill/b105ec9b-0857-41d6-8d07-a83e58b73d90,http://data.europa.eu/esco/skill/b105ec9b-0857-41d6-8d07-a83e58b73d90,IN_COLLECTION,Digital,high,True
http://data.europa.eu/esco/skill/b11fe9a5-4e80-4cb8-a902-7d53a6b28b47,http://data.europa.eu/esco/skill/b11fe9a5-4e80-4cb8-a902-7d53a6b28b47,IN_COLLECTION,Digital,high,True
http://data.europa.eu/esco/skill/b1272de4-1f5f-408b-8b26-061f2550fc72,http://data.europa.eu/esco/skill/b1272de4-1f5f-408b-8b26-061f2550fc72,IN_COLLECTION,Digital,high,True
http://data.europa.eu/esco/skill/b13e0689-636d-42d0-86c3-df9d6f85a882,http://data.europa.eu/esco/skill/b13e0689-636d-42d0-86c3-df9d6f85a882,IN_COLLECTION,Digital,high,True
http://data.europa.eu/esco/skill/b1604a2d-c26a-427d-bda9-b8073a319fe9,http://data.europa.eu/esco/skill/b1604a2d-c26a-427d-bda9-b8073a319fe9,IN_COLLECTION,Digital,high,True
http://data.europa.eu/esco/skill/b16200f4-4f39-4b8b-aa9d-3568054d6bdb,http://data.europa.eu/esco/skill/b16200f4-4f39-4b8b-aa9d-3568054d6bdb,IN_COLLECTION,Digital,high,True
http://data.europa.eu/esco/skill/b16bcbcb-1d3f-42b3-a6a5-b91348a72b70,http://data.europa.eu/esco/skill/b16bcbcb-1d3f-42b3-a6a5-b91348a72b70,IN_COLLECTION,Digital,high,True
http://data.europa.eu/esco/skill/b21e2984-c6b2-4352-bbe8-8f3b03bd50f6,http://data.europa.eu/esco/skill/b21e2984-c6b2-4352-bbe8-8f3b03bd50f6,IN_COLLECTION,Digital,high,True
http://data.europa.eu/esco/skill/b2bdd9ad-4ecb-4ced-80c3-623686ef5328,http://data.europa.eu/esco/skill/b2bdd9ad-4ecb-4ced-80c3-623686ef5328,IN_COLLECTION,Digital,high,True
http://data.europa.eu/esco/skill/b2f9eb81-eda4-49a9-8453-3ba345da2d98,http://data.europa.eu/esco/skill/b2f9eb81-eda4-49a9-8453-3ba345da2d98,IN_COLLECTION,Digital,high,True
http://data.europa.eu/esco/skill/b34e2ba1-9080-48c9-9b42-ee9192a4d3f1,http://data.europa.eu/esco/skill/b34e2ba1-9080-48c9-9b42-ee9192a4d3f1,IN_COLLECTION,Digital,high,True
http://data.europa.eu/esco/skill/b36176ec-3499-4235-a15c-cb485a386dc6,http://data.europa.eu/esco/skill/b36176ec-3499-4235-a15c-cb485a386dc6,IN_COLLECTION,Digital,high,True
http://data.europa.eu/esco/skill/b363bb5f-2c79-40af-94da-33e06f9dee9f,http://data.europa.eu/esco/skill/b363bb5f-2c79-40af-94da-33e06f9dee9f,IN_COLLECTION,Digital,high,True
http://data.europa.eu/esco/skill/b3a186be-5f1b-45d3-a468-41183e9780f3,http://data.europa.eu/esco/skill/b3a186be-5f1b-45d3-a468-41183e9780f3,IN_COLLECTION,Digital,high,True
http://data.europa.eu/esco/skill/b3a75400-103f-42c7-b742-be11d161d05b,http://data.europa.eu/esco/skill/b3a75400-103f-42c7-b742-be11d161d05b,IN_COLLECTION,Digital,high,True
http://data.europa.eu/esco/skill/b3c8eada-b0a8-4b61-968b-b354fbfb6874,http://data.europa.eu/esco/skill/b3c8eada-b0a8-4b61-968b-b354fbfb6874,IN_COLLECTION,Digital,high,True
http://data.europa.eu/esco/skill/b3f971b2-6c11-43d3-b5ce-8ba7f5a223c7,http://data.europa.eu/esco/skill/b3f971b2-6c11-43d3-b5ce-8ba7f5a223c7,IN_COLLECTION,Digital,high,True
http://data.europa.eu/esco/skill/b3fc5018-ff7b-46fd-be18-dd4148e9b241,http://data.europa.eu/esco/skill/b3fc5018-ff7b-46fd-be18-dd4148e9b241,IN_COLLECTION,Digital,high,True
http://data.europa.eu/esco/skill/b4057ecb-06d6-45db-a352-ce73e3fd991d,http://data.europa.eu/esco/skill/b4057ecb-06d6-45db-a352-ce73e3fd991d,IN_COLLECTION,Digital,high,True
http://data.europa.eu/esco/skill/b4877620-c375-45f3-a678-2ddb4dae6a29,http://data.europa.eu/esco/skill/b4877620-c375-45f3-a678-2ddb4dae6a29,IN_COLLECTION,Digital,high,True
http://data.europa.eu/esco/skill/b4dc6e4f-dc7d-445f-8ce2-d7b9d225e282,http://data.europa.eu/esco/skill/b4dc6e4f-dc7d-445f-8ce2-d7b9d225e282,IN_COLLECTION,Digital,high,True
http://data.europa.eu/esco/skill/b5b09dac-5b28-40a5-b671-5f9aa31f65d8,http://data.europa.eu/esco/skill/b5b09dac-5b28-40a5-b671-5f9aa31f65d8,IN_COLLECTION,Digital,high,True
http://data.europa.eu/esco/skill/b5c7e0dc-dda3-4790-a7d1-d6d8023b3089,http://data.europa.eu/esco/skill/b5c7e0dc-dda3-4790-a7d1-d6d8023b3089,IN_COLLECTION,Digital,high,True
http://data.europa.eu/esco/skill/b633eb55-8f1f-4ae6-ab4c-2022ffe2cb7f,http://data.europa.eu/esco/skill/b633eb55-8f1f-4ae6-ab4c-2022ffe2cb7f,IN_COLLECTION,Digital,high,True
http://data.europa.eu/esco/skill/b63ba4e4-ebf4-4e17-b0d6-662244022a4f,http://data.europa.eu/esco/skill/b63ba4e4-ebf4-4e17-b0d6-662244022a4f,IN_COLLECTION,Digital,high,True
http://data.europa.eu/esco/skill/b6d14ab8-3441-4cbe-8a0e-5b4f7f994730,http://data.europa.eu/esco/skill/b6d14ab8-3441-4cbe-8a0e-5b4f7f994730,IN_COLLECTION,Digital,high,True
http://data.europa.eu/esco/skill/b769f524-0f25-44d7-8538-5c46710a040e,http://data.europa.eu/esco/skill/b769f524-0f25-44d7-8538-5c46710a040e,IN_COLLECTION,Digital,high,True
http://data.europa.eu/esco/skill/b78f324d-e16c-43f8-97d2-50d3a7cd1fb3,http://data.europa.eu/esco/skill/b78f324d-e16c-43f8-97d2-50d3a7cd1fb3,IN_COLLECTION,Digital,high,True
http://data.europa.eu/esco/skill/b7b381f5-7de2-4f91-9a8f-524041cb47d9,http://data.europa.eu/esco/skill/b7b381f5-7de2-4f91-9a8f-524041cb47d9,IN_COLLECTION,Digital,high,True
http://data.europa.eu/esco/skill/b820c9de-4d00-4e79-9af9-33f26044ff42,http://data.europa.eu/esco/skill/b820c9de-4d00-4e79-9af9-33f26044ff42,IN_COLLECTION,Digital,high,True
http://data.europa.eu/esco/skill/b8271c8a-cba6-4baa-80f5-6361af3f07e3,http://data.europa.eu/esco/skill/b8271c8a-cba6-4baa-80f5-6361af3f07e3,IN_COLLECTION,Digital,high,True
http://data.europa.eu/esco/skill/b8b2a035-38f0-4c0e-94ee-edefc266c643,http://data.europa.eu/esco/skill/b8b2a035-38f0-4c0e-94ee-edefc266c643,IN_COLLECTION,Digital,high,True
http://data.europa.eu/esco/skill/b8c01891-e3df-4a4b-948d-95b45e1788f5,http://data.europa.eu/esco/skill/b8c01891-e3df-4a4b-948d-95b45e1788f5,IN_COLLECTION,Digital,high,True
http://data.europa.eu/esco/skill/b8df1689-6763-437d-bfca-fe03d43f36c3,http://data.europa.eu/esco/skill/b8df1689-6763-437d-bfca-fe03d43f36c3,IN_COLLECTION,Digital,high,True
http://data.europa.eu/esco/skill/b8eb2517-37d8-43e6-9856-9c29d5c51fde,http://data.europa.eu/esco/skill/b8eb2517-37d8-43e6-9856-9c29d5c51fde,IN_COLLECTION,Digital,high,True
http://data.europa.eu/esco/skill/b916d60e-38e9-4241-914a-4e2144bda711,http://data.europa.eu/esco/skill/b916d60e-38e9-4241-914a-4e2144bda711,IN_COLLECTION,Digital,high,True
http://data.europa.eu/esco/skill/b928ae44-b19f-49c7-a823-b09094de1063,http://data.europa.eu/esco/skill/b928ae44-b19f-49c7-a823-b09094de1063,IN_COLLECTION,Digital,high,True
http://data.europa.eu/esco/skill/b997afc1-19a7-4208-8010-fa0ffef15799,http://data.europa.eu/esco/skill/b997afc1-19a7-4208-8010-fa0ffef15799,IN_COLLECTION,Digital,high,True
http://data.europa.eu/esco/skill/b99c9b86-b16f-4592-8505-de3d9c99e25b,http://data.europa.eu/esco/skill/b99c9b86-b16f-4592-8505-de3d9c99e25b,IN_COLLECTION,Digital,high,True
http://data.europa.eu/esco/skill/b9a57803-7f3d-42a7-a652-03c96de1d42f,http://data.europa.eu/esco/skill/b9a57803-7f3d-42a7-a652-03c96de1d42f,IN_COLLECTION,Digital,high,True
http://data.europa.eu/esco/skill/b9aad733-959a-4178-984f-53e4bd05b420,http://data.europa.eu/esco/skill/b9aad733-959a-4178-984f-53e4bd05b420,IN_COLLECTION,Digital,high,True
http://data.europa.eu/esco/skill/b9e451f5-a62f-4a16-a229-255fa5c222a5,http://data.europa.eu/esco/skill/b9e451f5-a62f-4a16-a229-255fa5c222a5,IN_COLLECTION,Digital,high,True
http://data.europa.eu/esco/skill/ba04b19b-0b18-4d5c-b799-4db31a98e58d,http://data.europa.eu/esco/skill/ba04b19b-0b18-4d5c-b799-4db31a98e58d,IN_COLLECTION,Digital,high,True
http://data.europa.eu/esco/skill/ba1b0441-a6b8-4e57-8ccc-871012f63e42,http://data.europa.eu/esco/skill/ba1b0441-a6b8-4e57-8ccc-871012f63e42,IN_COLLECTION,Digital,high,True
http://data.europa.eu/esco/skill/ba93b71b-c433-4a01-8246-ed2daa85a9a2,http://data.europa.eu/esco/skill/ba93b71b-c433-4a01-8246-ed2daa85a9a2,IN_COLLECTION,Digital,high,True
http://data.europa.eu/esco/skill/bac209e9-d337-4312-9041-17c2e75fa4df,http://data.europa.eu/esco/skill/bac209e9-d337-4312-9041-17c2e75fa4df,IN_COLLECTION,Digital,high,True
http://data.europa.eu/esco/skill/bad66a63-4e3f-41f9-9e5d-a4d5f12f8d36,http://data.europa.eu/esco/skill/bad66a63-4e3f-41f9-9e5d-a4d5f12f8d36,IN_COLLECTION,Digital,high,True
http://data.europa.eu/esco/skill/baf1fadb-975a-42be-9744-d8ba02304d09,http://data.europa.eu/esco/skill/baf1fadb-975a-42be-9744-d8ba02304d09,IN_COLLECTION,Digital,high,True
http://data.europa.eu/esco/skill/bb165899-d95f-4433-95f2-173fefd716d2,http://data.europa.eu/esco/skill/bb165899-d95f-4433-95f2-173fefd716d2,IN_COLLECTION,Digital,high,True
http://data.europa.eu/esco/skill/bb2a71c4-ff2e-47cf-ab44-684797a1ee5d,http://data.europa.eu/esco/skill/bb2a71c4-ff2e-47cf-ab44-684797a1ee5d,IN_COLLECTION,Digital,high,True
http://data.europa.eu/esco/skill/bb2b4485-2bad-402f-8517-44bf7d9afff4,http://data.europa.eu/esco/skill/bb2b4485-2bad-402f-8517-44bf7d9afff4,IN_COLLECTION,Digital,high,True
http://data.europa.eu/esco/skill/bb562019-5222-45db-a16c-730edbb1d27c,http://data.europa.eu/esco/skill/bb562019-5222-45db-a16c-730edbb1d27c,IN_COLLECTION,Digital,high,True
http://data.europa.eu/esco/skill/bb979b3b-8292-409f-8c27-b17e13bab8bb,http://data.europa.eu/esco/skill/bb979b3b-8292-409f-8c27-b17e13bab8bb,IN_COLLECTION,Digital,high,True
http://data.europa.eu/esco/skill/bb99af26-71ff-4dca-bde7-1eb1f6194426,http://data.europa.eu/esco/skill/bb99af26-71ff-4dca-bde7-1eb1f6194426,IN_COLLECTION,Digital,high,True
http://data.europa.eu/esco/skill/bbbd263e-affb-4ec8-84fb-3e5d9e62306b,http://data.europa.eu/esco/skill/bbbd263e-affb-4ec8-84fb-3e5d9e62306b,IN_COLLECTION,Digital,high,True
http://data.europa.eu/esco/skill/bc067d2e-e151-408f-8e34-24effd2b7fd6,http://data.europa.eu/esco/skill/bc067d2e-e151-408f-8e34-24effd2b7fd6,IN_COLLECTION,Digital,high,True
http://data.europa.eu/esco/skill/bc0b0b5d-f6be-405a-b224-b6902a4dbe97,http://data.europa.eu/esco/skill/bc0b0b5d-f6be-405a-b224-b6902a4dbe97,IN_COLLECTION,Digital,high,True
http://data.europa.eu/esco/skill/bcc0db5f-c1e8-4f08-b68b-020396ef07b9,http://data.europa.eu/esco/skill/bcc0db5f-c1e8-4f08-b68b-020396ef07b9,IN_COLLECTION,Digital,high,True
http://data.europa.eu/esco/skill/bd08f332-a295-4a59-a13a-05b08ca3761b,http://data.europa.eu/esco/skill/bd08f332-a295-4a59-a13a-05b08ca3761b,IN_COLLECTION,Digital,high,True
http://data.europa.eu/esco/skill/bd14968e-e409-45af-b362-3495ed7b10e0,http://data.europa.eu/esco/skill/bd14968e-e409-45af-b362-3495ed7b10e0,IN_COLLECTION,Digital,high,True
http://data.europa.eu/esco/skill/bdb4f02e-72d5-41ca-a662-0498dc3fb070,http://data.europa.eu/esco/skill/bdb4f02e-72d5-41ca-a662-0498dc3fb070,IN_COLLECTION,Digital,high,True
http://data.europa.eu/esco/skill/be0ff6d8-5e61-4021-9c89-e40cf0b75cc6,http://data.europa.eu/esco/skill/be0ff6d8-5e61-4021-9c89-e40cf0b75cc6,IN_COLLECTION,Digital,high,True
http://data.europa.eu/esco/skill/be149bed-a789-48ee-832b-620ccf776af9,http://data.europa.eu/esco/skill/be149bed-a789-48ee-832b-620ccf776af9,IN_COLLECTION,Digital,high,True
http://data.europa.eu/esco/skill/be457a1c-5973-4781-9bb8-809703931f43,http://data.europa.eu/esco/skill/be457a1c-5973-4781-9bb8-809703931f43,IN_COLLECTION,Digital,high,True
http://data.europa.eu/esco/skill/be59c6bd-0e88-4ffe-bc81-50b86be815e6,http://data.europa.eu/esco/skill/be59c6bd-0e88-4ffe-bc81-50b86be815e6,IN_COLLECTION,Digital,high,True
http://data.europa.eu/esco/skill/be64bb4c-84ac-4c83-8cc7-fc8593e15136,http://data.europa.eu/esco/skill/be64bb4c-84ac-4c83-8cc7-fc8593e15136,IN_COLLECTION,Digital,high,True
http://data.europa.eu/esco/skill/be80acfc-b6f2-4411-9b8d-b19d9cd2556a,http://data.europa.eu/esco/skill/be80acfc-b6f2-4411-9b8d-b19d9cd2556a,IN_COLLECTION,Digital,high,True
http://data.europa.eu/esco/skill/bec4359e-cb92-468f-a997-8fb28e32fba9,http://data.europa.eu/esco/skill/bec4359e-cb92-468f-a997-8fb28e32fba9,IN_COLLECTION,Digital,high,True
http://data.europa.eu/esco/skill/bedd8fa7-5a64-4134-9095-58f5709e25e4,http://data.europa.eu/esco/skill/bedd8fa7-5a64-4134-9095-58f5709e25e4,IN_COLLECTION,Digital,high,True
http://data.europa.eu/esco/skill/bee296bc-48f7-4df6-bd2c-8616c8a6c8de,http://data.europa.eu/esco/skill/bee296bc-48f7-4df6-bd2c-8616c8a6c8de,IN_COLLECTION,Digital,high,True
http://data.europa.eu/esco/skill/bf1f763e-c505-46e7-8af3-e48f13ec5f44,http://data.europa.eu/esco/skill/bf1f763e-c505-46e7-8af3-e48f13ec5f44,IN_COLLECTION,Digital,high,True
http://data.europa.eu/esco/skill/bf298db2-b90e-4739-85ca-9c3003103fab,http://data.europa.eu/esco/skill/bf298db2-b90e-4739-85ca-9c3003103fab,IN_COLLECTION,Digital,high,True
http://data.europa.eu/esco/skill/bf4d884f-c848-402a-b130-69c266b04164,http://data.europa.eu/esco/skill/bf4d884f-c848-402a-b130-69c266b04164,IN_COLLECTION,Digital,high,True
http://data.europa.eu/esco/skill/bf675dff-ce7b-4f88-8a93-683a06e6617e,http://data.europa.eu/esco/skill/bf675dff-ce7b-4f88-8a93-683a06e6617e,IN_COLLECTION,Digital,high,True
http://data.europa.eu/esco/skill/bf6c5ed4-84af-440f-abcc-7fa5ba19c738,http://data.europa.eu/esco/skill/bf6c5ed4-84af-440f-abcc-7fa5ba19c738,IN_COLLECTION,Digital,high,True
http://data.europa.eu/esco/skill/bf7ea00f-db77-4a95-9b9f-2d12b6d9fcb4,http://data.europa.eu/esco/skill/bf7ea00f-db77-4a95-9b9f-2d12b6d9fcb4,IN_COLLECTION,Digital,high,True
http://data.europa.eu/esco/skill/bf942c60-8539-4951-83ee-63f770da1cb8,http://data.europa.eu/esco/skill/bf942c60-8539-4951-83ee-63f770da1cb8,IN_COLLECTION,Digital,high,True
http://data.europa.eu/esco/skill/c022ff1b-7783-4e64-89ef-0422c81ff51f,http://data.europa.eu/esco/skill/c022ff1b-7783-4e64-89ef-0422c81ff51f,IN_COLLECTION,Digital,high,True
http://data.europa.eu/esco/skill/c0326e27-5fa8-4dca-aecb-ed89ab491513,http://data.europa.eu/esco/skill/c0326e27-5fa8-4dca-aecb-ed89ab491513,IN_COLLECTION,Digital,high,True
http://data.europa.eu/esco/skill/c0502e2a-1e12-422e-994e-cf9bf814e3b2,http://data.europa.eu/esco/skill/c0502e2a-1e12-422e-994e-cf9bf814e3b2,IN_COLLECTION,Digital,high,True
http://data.europa.eu/esco/skill/c062bab3-3ea0-4291-9220-a2d8fef4bead,http://data.europa.eu/esco/skill/c062bab3-3ea0-4291-9220-a2d8fef4bead,IN_COLLECTION,Digital,high,True
http://data.europa.eu/esco/skill/c0e2f74c-51f0-4020-9756-d190848cf181,http://data.europa.eu/esco/skill/c0e2f74c-51f0-4020-9756-d190848cf181,IN_COLLECTION,Digital,high,True
http://data.europa.eu/esco/skill/c13fb093-5ffb-491a-b8b7-fa2d42a57e2e,http://data.europa.eu/esco/skill/c13fb093-5ffb-491a-b8b7-fa2d42a57e2e,IN_COLLECTION,Digital,high,True
http://data.europa.eu/esco/skill/c1b4aa1e-bc42-49e4-952a-0cbd45f1d57b,http://data.europa.eu/esco/skill/c1b4aa1e-bc42-49e4-952a-0cbd45f1d57b,IN_COLLECTION,Digital,high,True
http://data.europa.eu/esco/skill/c1f29568-f2bb-49d2-b6c2-28748bd1629b,http://data.europa.eu/esco/skill/c1f29568-f2bb-49d2-b6c2-28748bd1629b,IN_COLLECTION,Digital,high,True
http://data.europa.eu/esco/skill/c216b67a-7462-4f6a-ba14-db02f6e91b68,http://data.europa.eu/esco/skill/c216b67a-7462-4f6a-ba14-db02f6e91b68,IN_COLLECTION,Digital,high,True
http://data.europa.eu/esco/skill/c2218533-3e2a-4f50-b4fd-afde71dcf442,http://data.europa.eu/esco/skill/c2218533-3e2a-4f50-b4fd-afde71dcf442,IN_COLLECTION,Digital,high,True
http://data.europa.eu/esco/skill/c2296e2e-5fef-4f24-a24f-e5b3792268be,http://data.europa.eu/esco/skill/c2296e2e-5fef-4f24-a24f-e5b3792268be,IN_COLLECTION,Digital,high,True
http://data.europa.eu/esco/skill/c2999f0c-eb37-4cdf-b9b0-82107b628794,http://data.europa.eu/esco/skill/c2999f0c-eb37-4cdf-b9b0-82107b628794,IN_COLLECTION,Digital,high,True
http://data.europa.eu/esco/skill/c2c1b595-20f5-4a13-885a-bcc1b7760e3e,http://data.europa.eu/esco/skill/c2c1b595-20f5-4a13-885a-bcc1b7760e3e,IN_COLLECTION,Digital,high,True
http://data.europa.eu/esco/skill/c2cbbccf-4ffd-4626-86e7-505b39c872a0,http://data.europa.eu/esco/skill/c2cbbccf-4ffd-4626-86e7-505b39c872a0,IN_COLLECTION,Digital,high,True
http://data.europa.eu/esco/skill/c2ce7fe9-203b-492a-961e-9698dce7de19,http://data.europa.eu/esco/skill/c2ce7fe9-203b-492a-961e-9698dce7de19,IN_COLLECTION,Digital,high,True
http://data.europa.eu/esco/skill/c31a222b-de0b-490c-82b8-472167cb0ba5,http://data.europa.eu/esco/skill/c31a222b-de0b-490c-82b8-472167cb0ba5,IN_COLLECTION,Digital,high,True
http://data.europa.eu/esco/skill/c330db31-7fa9-4a8c-8ad6-baa957bcfed1,http://data.europa.eu/esco/skill/c330db31-7fa9-4a8c-8ad6-baa957bcfed1,IN_COLLECTION,Digital,high,True
http://data.europa.eu/esco/skill/c3a03c5a-c260-4c26-9b9a-873abb396f4d,http://data.europa.eu/esco/skill/c3a03c5a-c260-4c26-9b9a-873abb396f4d,IN_COLLECTION,Digital,high,True
http://data.europa.eu/esco/skill/c3e36d05-8ae8-447f-bb2b-6f9409f85389,http://data.europa.eu/esco/skill/c3e36d05-8ae8-447f-bb2b-6f9409f85389,IN_COLLECTION,Digital,high,True
http://data.europa.eu/esco/skill/c415ce6e-24f5-4130-add4-645b9d455c71,http://data.europa.eu/esco/skill/c415ce6e-24f5-4130-add4-645b9d455c71,IN_COLLECTION,Digital,high,True
http://data.europa.eu/esco/skill/c453cf81-6197-428e-84c6-70c773b63f27,http://data.europa.eu/esco/skill/c453cf81-6197-428e-84c6-70c773b63f27,IN_COLLECTION,Digital,high,True
http://data.europa.eu/esco/skill/c46cf6f9-8b1e-44b9-a529-f5774c9167dd,http://data.europa.eu/esco/skill/c46cf6f9-8b1e-44b9-a529-f5774c9167dd,IN_COLLECTION,Digital,high,True
http://data.europa.eu/esco/skill/c46f9312-e414-42f0-9c8b-1c1886af7b8d,http://data.europa.eu/esco/skill/c46f9312-e414-42f0-9c8b-1c1886af7b8d,IN_COLLECTION,Digital,high,True
http://data.europa.eu/esco/skill/c4949dcf-bbcc-40f2-8584-6c6299beb7fb,http://data.europa.eu/esco/skill/c4949dcf-bbcc-40f2-8584-6c6299beb7fb,IN_COLLECTION,Digital,high,True
http://data.europa.eu/esco/skill/c4b1f326-224a-420a-b8b3-814a8f13b6cb,http://data.europa.eu/esco/skill/c4b1f326-224a-420a-b8b3-814a8f13b6cb,IN_COLLECTION,Digital,high,True
http://data.europa.eu/esco/skill/c4b626c1-e71c-44ec-9f88-042766f37fcc,http://data.europa.eu/esco/skill/c4b626c1-e71c-44ec-9f88-042766f37fcc,IN_COLLECTION,Digital,high,True
http://data.europa.eu/esco/skill/c4ba12d1-4698-42fa-8abb-789462ea2586,http://data.europa.eu/esco/skill/c4ba12d1-4698-42fa-8abb-789462ea2586,IN_COLLECTION,Digital,high,True
http://data.europa.eu/esco/skill/c4ba511c-dc24-44bc-8bc5-10b2d4a191fb,http://data.europa.eu/esco/skill/c4ba511c-dc24-44bc-8bc5-10b2d4a191fb,IN_COLLECTION,Digital,high,True
http://data.europa.eu/esco/skill/c5422318-3218-4ce9-9bdd-f38b93ff63a3,http://data.europa.eu/esco/skill/c5422318-3218-4ce9-9bdd-f38b93ff63a3,IN_COLLECTION,Digital,high,True
http://data.europa.eu/esco/skill/c5e8abde-d2ba-4e8e-a65e-720b71180666,http://data.europa.eu/esco/skill/c5e8abde-d2ba-4e8e-a65e-720b71180666,IN_COLLECTION,Digital,high,True
http://data.europa.eu/esco/skill/c5ed451b-ef39-47a3-aee7-8f5be0aa8431,http://data.europa.eu/esco/skill/c5ed451b-ef39-47a3-aee7-8f5be0aa8431,IN_COLLECTION,Digital,high,True
http://data.europa.eu/esco/skill/c6c23b4b-c9c9-42c8-86d2-3646631bdbd4,http://data.europa.eu/esco/skill/c6c23b4b-c9c9-42c8-86d2-3646631bdbd4,IN_COLLECTION,Digital,high,True
http://data.europa.eu/esco/skill/c6c37f68-190e-4482-905c-93007a64ed61,http://data.europa.eu/esco/skill/c6c37f68-190e-4482-905c-93007a64ed61,IN_COLLECTION,Digital,high,True
http://data.europa.eu/esco/skill/c7282ec3-9153-4b4b-b7de-777e3207b04e,http://data.europa.eu/esco/skill/c7282ec3-9153-4b4b-b7de-777e3207b04e,IN_COLLECTION,Digital,high,True
http://data.europa.eu/esco/skill/c741be10-1d34-42ed-94fc-3e78791e4bd5,http://data.europa.eu/esco/skill/c741be10-1d34-42ed-94fc-3e78791e4bd5,IN_COLLECTION,Digital,high,True
http://data.europa.eu/esco/skill/c7451027-8249-405a-bb1b-342ff0f3fb3b,http://data.europa.eu/esco/skill/c7451027-8249-405a-bb1b-342ff0f3fb3b,IN_COLLECTION,Digital,high,True
http://data.europa.eu/esco/skill/c779cf40-506b-44b6-a366-b3bff0a5e11a,http://data.europa.eu/esco/skill/c779cf40-506b-44b6-a366-b3bff0a5e11a,IN_COLLECTION,Digital,high,True
http://data.europa.eu/esco/skill/c77db25e-bb51-4a10-b2ad-99b48b1b4a37,http://data.europa.eu/esco/skill/c77db25e-bb51-4a10-b2ad-99b48b1b4a37,IN_COLLECTION,Digital,high,True
http://data.europa.eu/esco/skill/c7d24594-0c11-4b27-9039-fe0bb903da8e,http://data.europa.eu/esco/skill/c7d24594-0c11-4b27-9039-fe0bb903da8e,IN_COLLECTION,Digital,high,True
http://data.europa.eu/esco/skill/c8ca84c8-7eb7-493f-9178-729f46b7591a,http://data.europa.eu/esco/skill/c8ca84c8-7eb7-493f-9178-729f46b7591a,IN_COLLECTION,Digital,high,True
http://data.europa.eu/esco/skill/c8d53d69-d900-4092-af80-c5d0422bcdb3,http://data.europa.eu/esco/skill/c8d53d69-d900-4092-af80-c5d0422bcdb3,IN_COLLECTION,Digital,high,True
http://data.europa.eu/esco/skill/c8de8023-ab8a-402b-a828-b2b57cd3b2f7,http://data.europa.eu/esco/skill/c8de8023-ab8a-402b-a828-b2b57cd3b2f7,IN_COLLECTION,Digital,high,True
http://data.europa.eu/esco/skill/c8fa4313-80b0-4f37-8b1b-1739707bc362,http://data.europa.eu/esco/skill/c8fa4313-80b0-4f37-8b1b-1739707bc362,IN_COLLECTION,Digital,high,True
http://data.europa.eu/esco/skill/c900bdb8-0ed1-4d39-80f8-6e0a05a575f4,http://data.europa.eu/esco/skill/c900bdb8-0ed1-4d39-80f8-6e0a05a575f4,IN_COLLECTION,Digital,high,True
http://data.europa.eu/esco/skill/c95c29fe-3971-46b7-80e9-1f7e75ba99b3,http://data.europa.eu/esco/skill/c95c29fe-3971-46b7-80e9-1f7e75ba99b3,IN_COLLECTION,Digital,high,True
http://data.europa.eu/esco/skill/c9b6aa32-6c42-4903-8e5a-23e43edf03fc,http://data.europa.eu/esco/skill/c9b6aa32-6c42-4903-8e5a-23e43edf03fc,IN_COLLECTION,Digital,high,True
http://data.europa.eu/esco/skill/c9e96450-421d-48af-9ee6-d9c50e29afc2,http://data.europa.eu/esco/skill/c9e96450-421d-48af-9ee6-d9c50e29afc2,IN_COLLECTION,Digital,high,True
http://data.europa.eu/esco/skill/ca71c597-51c2-4ead-a7b0-b108bce89caf,http://data.europa.eu/esco/skill/ca71c597-51c2-4ead-a7b0-b108bce89caf,IN_COLLECTION,Digital,high,True
http://data.europa.eu/esco/skill/ca73ac82-867a-4afa-9732-834aebe896ff,http://data.europa.eu/esco/skill/ca73ac82-867a-4afa-9732-834aebe896ff,IN_COLLECTION,Digital,high,True
http://data.europa.eu/esco/skill/ca8fae74-46ff-4e1b-94ef-ce22393e02e7,http://data.europa.eu/esco/skill/ca8fae74-46ff-4e1b-94ef-ce22393e02e7,IN_COLLECTION,Digital,high,True
http://data.europa.eu/esco/skill/cae4c053-05d1-413d-8499-f37793aad56e,http://data.europa.eu/esco/skill/cae4c053-05d1-413d-8499-f37793aad56e,IN_COLLECTION,Digital,high,True
http://data.europa.eu/esco/skill/cb5cccc9-abe4-4b11-abe6-d27e5cd85fb1,http://data.europa.eu/esco/skill/cb5cccc9-abe4-4b11-abe6-d27e5cd85fb1,IN_COLLECTION,Digital,high,True
http://data.europa.eu/esco/skill/cb886ee9-c4e4-4d3b-9961-228e9f283a69,http://data.europa.eu/esco/skill/cb886ee9-c4e4-4d3b-9961-228e9f283a69,IN_COLLECTION,Digital,high,True
http://data.europa.eu/esco/skill/cbe2c304-1e7d-489a-97d9-a7d3e37a9db6,http://data.europa.eu/esco/skill/cbe2c304-1e7d-489a-97d9-a7d3e37a9db6,IN_COLLECTION,Digital,high,True
http://data.europa.eu/esco/skill/cbeb1221-10ed-4676-a2a1-576718977001,http://data.europa.eu/esco/skill/cbeb1221-10ed-4676-a2a1-576718977001,IN_COLLECTION,Digital,high,True
http://data.europa.eu/esco/skill/cc608319-716f-4940-b80d-79e76d8a2cad,http://data.europa.eu/esco/skill/cc608319-716f-4940-b80d-79e76d8a2cad,IN_COLLECTION,Digital,high,True
http://data.europa.eu/esco/skill/cc716f65-a0d0-4fba-95d9-64c358f697c0,http://data.europa.eu/esco/skill/cc716f65-a0d0-4fba-95d9-64c358f697c0,IN_COLLECTION,Digital,high,True
http://data.europa.eu/esco/skill/cc7370dd-69fa-4c67-a96f-d4d135d38700,http://data.europa.eu/esco/skill/cc7370dd-69fa-4c67-a96f-d4d135d38700,IN_COLLECTION,Digital,high,True
http://data.europa.eu/esco/skill/ccd0a1d9-afda-43d9-b901-96344886e14d,http://data.europa.eu/esco/skill/ccd0a1d9-afda-43d9-b901-96344886e14d,IN_COLLECTION,Digital,high,True
http://data.europa.eu/esco/skill/ccdbd9bb-4faf-403c-a968-e8bf487f8a53,http://data.europa.eu/esco/skill/ccdbd9bb-4faf-403c-a968-e8bf487f8a53,IN_COLLECTION,Digital,high,True
http://data.europa.eu/esco/skill/cd56a093-3400-4635-80bd-b9611dcf1542,http://data.europa.eu/esco/skill/cd56a093-3400-4635-80bd-b9611dcf1542,IN_COLLECTION,Digital,high,True
http://data.europa.eu/esco/skill/cd733651-f332-422e-a9a1-1b19b5e98449,http://data.europa.eu/esco/skill/cd733651-f332-422e-a9a1-1b19b5e98449,IN_COLLECTION,Digital,high,True
http://data.europa.eu/esco/skill/cdaf66a1-eaf3-4fef-af6e-2e9bbe2c326c,http://data.europa.eu/esco/skill/cdaf66a1-eaf3-4fef-af6e-2e9bbe2c326c,IN_COLLECTION,Digital,high,True
http://data.europa.eu/esco/skill/cdd8b6b2-2fd9-453c-8d62-8a1dc6efcd49,http://data.europa.eu/esco/skill/cdd8b6b2-2fd9-453c-8d62-8a1dc6efcd49,IN_COLLECTION,Digital,high,True
http://data.europa.eu/esco/skill/cdfb75ab-adc3-4143-a453-b91949dcfa1f,http://data.europa.eu/esco/skill/cdfb75ab-adc3-4143-a453-b91949dcfa1f,IN_COLLECTION,Digital,high,True
http://data.europa.eu/esco/skill/ce26e71f-2d47-474e-89b6-7920931ac4fc,http://data.europa.eu/esco/skill/ce26e71f-2d47-474e-89b6-7920931ac4fc,IN_COLLECTION,Digital,high,True
http://data.europa.eu/esco/skill/ce2dcc4b-d0a4-4aa4-b84a-a08da3c31d7d,http://data.europa.eu/esco/skill/ce2dcc4b-d0a4-4aa4-b84a-a08da3c31d7d,IN_COLLECTION,Digital,high,True
http://data.europa.eu/esco/skill/ce354460-500e-4eaa-8e95-8f243fcea3db,http://data.europa.eu/esco/skill/ce354460-500e-4eaa-8e95-8f243fcea3db,IN_COLLECTION,Digital,high,True
http://data.europa.eu/esco/skill/ce6242a1-a2d9-43e6-a481-ae89b9ec0460,http://data.europa.eu/esco/skill/ce6242a1-a2d9-43e6-a481-ae89b9ec0460,IN_COLLECTION,Digital,high,True
http://data.europa.eu/esco/skill/ce8ae6ca-61d8-4174-b457-641de96cbff4,http://data.europa.eu/esco/skill/ce8ae6ca-61d8-4174-b457-641de96cbff4,IN_COLLECTION,Digital,high,True
http://data.europa.eu/esco/skill/cf200547-25b5-47c8-9eda-bca4aedc13fb,http://data.europa.eu/esco/skill/cf200547-25b5-47c8-9eda-bca4aedc13fb,IN_COLLECTION,Digital,high,True
http://data.europa.eu/esco/skill/cf310cff-0d28-4dbc-9dbb-cc500a3196c2,http://data.europa.eu/esco/skill/cf310cff-0d28-4dbc-9dbb-cc500a3196c2,IN_COLLECTION,Digital,high,True
http://data.europa.eu/esco/skill/cf3e976d-2c3e-495c-a874-f9e8a66d3b48,http://data.europa.eu/esco/skill/cf3e976d-2c3e-495c-a874-f9e8a66d3b48,IN_COLLECTION,Digital,high,True
http://data.europa.eu/esco/skill/cf532795-a1fd-43bd-8407-6e43f877e6e3,http://data.europa.eu/esco/skill/cf532795-a1fd-43bd-8407-6e43f877e6e3,IN_COLLECTION,Digital,high,True
http://data.europa.eu/esco/skill/cfa2be0d-96d5-4017-a866-962efb9c5070,http://data.europa.eu/esco/skill/cfa2be0d-96d5-4017-a866-962efb9c5070,IN_COLLECTION,Digital,high,True
http://data.europa.eu/esco/skill/cfb8d64c-f8d7-4894-a02e-2551ab33f1d0,http://data.europa.eu/esco/skill/cfb8d64c-f8d7-4894-a02e-2551ab33f1d0,IN_COLLECTION,Digital,high,True
http://data.europa.eu/esco/skill/d04ee340-5378-4601-8181-19da6d5cbfe0,http://data.europa.eu/esco/skill/d04ee340-5378-4601-8181-19da6d5cbfe0,IN_COLLECTION,Digital,high,True
http://data.europa.eu/esco/skill/d0a7144b-ba91-4489-acb8-a055c6b7e968,http://data.europa.eu/esco/skill/d0a7144b-ba91-4489-acb8-a055c6b7e968,IN_COLLECTION,Digital,high,True
http://data.europa.eu/esco/skill/d0c6d77e-cb25-4770-bf77-2073fc5f7523,http://data.europa.eu/esco/skill/d0c6d77e-cb25-4770-bf77-2073fc5f7523,IN_COLLECTION,Digital,high,True
http://data.europa.eu/esco/skill/d0e438df-18fb-4d70-b661-09a4e879e0db,http://data.europa.eu/esco/skill/d0e438df-18fb-4d70-b661-09a4e879e0db,IN_COLLECTION,Digital,high,True
http://data.europa.eu/esco/skill/d12e9d68-84c5-444e-aa98-d36533bf03f6,http://data.europa.eu/esco/skill/d12e9d68-84c5-444e-aa98-d36533bf03f6,IN_COLLECTION,Digital,high,True
http://data.europa.eu/esco/skill/d1455e46-2d0d-4661-86ab-3cb7a0c46d02,http://data.europa.eu/esco/skill/d1455e46-2d0d-4661-86ab-3cb7a0c46d02,IN_COLLECTION,Digital,high,True
http://data.europa.eu/esco/skill/d15ce60f-ddab-41ce-ba56-398451b77b60,http://data.europa.eu/esco/skill/d15ce60f-ddab-41ce-ba56-398451b77b60,IN_COLLECTION,Digital,high,True
http://data.europa.eu/esco/skill/d181042e-c531-4461-af7c-4071c53418fe,http://data.europa.eu/esco/skill/d181042e-c531-4461-af7c-4071c53418fe,IN_COLLECTION,Digital,high,True
http://data.europa.eu/esco/skill/d1a86399-24d8-415f-98b9-e8cbb6b04a26,http://data.europa.eu/esco/skill/d1a86399-24d8-415f-98b9-e8cbb6b04a26,IN_COLLECTION,Digital,high,True
http://data.europa.eu/esco/skill/d1e954cd-d290-4d80-97c0-7969960d2928,http://data.europa.eu/esco/skill/d1e954cd-d290-4d80-97c0-7969960d2928,IN_COLLECTION,Digital,high,True
http://data.europa.eu/esco/skill/d1ed5b3a-cab5-4c5d-baf8-0214998b58fb,http://data.europa.eu/esco/skill/d1ed5b3a-cab5-4c5d-baf8-0214998b58fb,IN_COLLECTION,Digital,high,True
http://data.europa.eu/esco/skill/d1fa702c-9ea8-4a60-bb76-5ca07c32b68c,http://data.europa.eu/esco/skill/d1fa702c-9ea8-4a60-bb76-5ca07c32b68c,IN_COLLECTION,Digital,high,True
http://data.europa.eu/esco/skill/d2309723-3472-46d2-865a-db81db2269b6,http://data.europa.eu/esco/skill/d2309723-3472-46d2-865a-db81db2269b6,IN_COLLECTION,Digital,high,True
http://data.europa.eu/esco/skill/d2adb565-a865-424d-aeb5-9fbcbf2afe2a,http://data.europa.eu/esco/skill/d2adb565-a865-424d-aeb5-9fbcbf2afe2a,IN_COLLECTION,Digital,high,True
http://data.europa.eu/esco/skill/d31fab87-2a7d-485c-b699-2901ca294b15,http://data.europa.eu/esco/skill/d31fab87-2a7d-485c-b699-2901ca294b15,IN_COLLECTION,Digital,high,True
http://data.europa.eu/esco/skill/d3286405-49f8-4e8a-8046-a4376b4e7963,http://data.europa.eu/esco/skill/d3286405-49f8-4e8a-8046-a4376b4e7963,IN_COLLECTION,Digital,high,True
http://data.europa.eu/esco/skill/d32db06e-bd06-4415-a7ab-1b0ee68caa9a,http://data.europa.eu/esco/skill/d32db06e-bd06-4415-a7ab-1b0ee68caa9a,IN_COLLECTION,Digital,high,True
http://data.europa.eu/esco/skill/d38055cc-7c76-4e5e-90e7-5bb5d5851a92,http://data.europa.eu/esco/skill/d38055cc-7c76-4e5e-90e7-5bb5d5851a92,IN_COLLECTION,Digital,high,True
http://data.europa.eu/esco/skill/d3e36164-79aa-4f14-9a8c-d88d38f84ea0,http://data.europa.eu/esco/skill/d3e36164-79aa-4f14-9a8c-d88d38f84ea0,IN_COLLECTION,Digital,high,True
http://data.europa.eu/esco/skill/d3e9b00a-0891-4fa8-836d-8240ec3d2758,http://data.europa.eu/esco/skill/d3e9b00a-0891-4fa8-836d-8240ec3d2758,IN_COLLECTION,Digital,high,True
http://data.europa.eu/esco/skill/d4789070-2ff7-4bbb-94ca-8bb1739826a9,http://data.europa.eu/esco/skill/d4789070-2ff7-4bbb-94ca-8bb1739826a9,IN_COLLECTION,Digital,high,True
http://data.europa.eu/esco/skill/d4ae4774-a81d-4255-8491-cade3580685a,http://data.europa.eu/esco/skill/d4ae4774-a81d-4255-8491-cade3580685a,IN_COLLECTION,Digital,high,True
http://data.europa.eu/esco/skill/d503a629-9ac7-475f-8fd9-4cdcc14711cd,http://data.europa.eu/esco/skill/d503a629-9ac7-475f-8fd9-4cdcc14711cd,IN_COLLECTION,Digital,high,True
http://data.europa.eu/esco/skill/d52426a8-e84f-4652-a655-7a6195381fcd,http://data.europa.eu/esco/skill/d52426a8-e84f-4652-a655-7a6195381fcd,IN_COLLECTION,Digital,high,True
http://data.europa.eu/esco/skill/d5464c09-f8b7-44b1-b216-db2bdc80dc17,http://data.europa.eu/esco/skill/d5464c09-f8b7-44b1-b216-db2bdc80dc17,IN_COLLECTION,Digital,high,True
http://data.europa.eu/esco/skill/d560df46-dda4-4407-bab2-b87353a96814,http://data.europa.eu/esco/skill/d560df46-dda4-4407-bab2-b87353a96814,IN_COLLECTION,Digital,high,True
http://data.europa.eu/esco/skill/d56358e4-3bcc-4b5d-981d-ea15b2743e9e,http://data.europa.eu/esco/skill/d56358e4-3bcc-4b5d-981d-ea15b2743e9e,IN_COLLECTION,Digital,high,True
http://data.europa.eu/esco/skill/d56fc2b5-4b0a-4e7e-9bde-a33736f6ff18,http://data.europa.eu/esco/skill/d56fc2b5-4b0a-4e7e-9bde-a33736f6ff18,IN_COLLECTION,Digital,high,True
http://data.europa.eu/esco/skill/d5a59ca8-2e91-472e-8571-d12ce4478679,http://data.europa.eu/esco/skill/d5a59ca8-2e91-472e-8571-d12ce4478679,IN_COLLECTION,Digital,high,True
http://data.europa.eu/esco/skill/d5bcc417-a004-4165-b7f1-ab739eadd2f4,http://data.europa.eu/esco/skill/d5bcc417-a004-4165-b7f1-ab739eadd2f4,IN_COLLECTION,Digital,high,True
http://data.europa.eu/esco/skill/d663e407-33c6-4397-b40e-dced5ebe20b5,http://data.europa.eu/esco/skill/d663e407-33c6-4397-b40e-dced5ebe20b5,IN_COLLECTION,Digital,high,True
http://data.europa.eu/esco/skill/d686f015-5568-4288-9135-74936cd7b655,http://data.europa.eu/esco/skill/d686f015-5568-4288-9135-74936cd7b655,IN_COLLECTION,Digital,high,True
http://data.europa.eu/esco/skill/d68e8a54-7456-4f13-98d3-7aa0787fc6e2,http://data.europa.eu/esco/skill/d68e8a54-7456-4f13-98d3-7aa0787fc6e2,IN_COLLECTION,Digital,high,True
http://data.europa.eu/esco/skill/d6b31d8d-2f47-425a-a2b2-a6dddb3d2b19,http://data.europa.eu/esco/skill/d6b31d8d-2f47-425a-a2b2-a6dddb3d2b19,IN_COLLECTION,Digital,high,True
http://data.europa.eu/esco/skill/d6c29154-9cc1-48a4-a2de-3d1d0d7f0831,http://data.europa.eu/esco/skill/d6c29154-9cc1-48a4-a2de-3d1d0d7f0831,IN_COLLECTION,Digital,high,True
http://data.europa.eu/esco/skill/d6cdef49-b669-4507-91d1-3f959cf98e47,http://data.europa.eu/esco/skill/d6cdef49-b669-4507-91d1-3f959cf98e47,IN_COLLECTION,Digital,high,True
http://data.europa.eu/esco/skill/d6e3395b-5ab6-4fba-969a-3df634e904c5,http://data.europa.eu/esco/skill/d6e3395b-5ab6-4fba-969a-3df634e904c5,IN_COLLECTION,Digital,high,True
http://data.europa.eu/esco/skill/d70701ca-d3be-44cb-963e-8e7142555144,http://data.europa.eu/esco/skill/d70701ca-d3be-44cb-963e-8e7142555144,IN_COLLECTION,Digital,high,True
http://data.europa.eu/esco/skill/d70cab7b-ad8c-4be8-84f0-c5f3f9501818,http://data.europa.eu/esco/skill/d70cab7b-ad8c-4be8-84f0-c5f3f9501818,IN_COLLECTION,Digital,high,True
http://data.europa.eu/esco/skill/d78dedfc-21d2-45fd-ba05-e56b7a8865e6,http://data.europa.eu/esco/skill/d78dedfc-21d2-45fd-ba05-e56b7a8865e6,IN_COLLECTION,Digital,high,True
http://data.europa.eu/esco/skill/d7e4a9fa-cfc2-45f9-96eb-13dc6e48c86c,http://data.europa.eu/esco/skill/d7e4a9fa-cfc2-45f9-96eb-13dc6e48c86c,IN_COLLECTION,Digital,high,True
http://data.europa.eu/esco/skill/d81b58ba-52e4-45fa-9f7c-f59b87fa6041,http://data.europa.eu/esco/skill/d81b58ba-52e4-45fa-9f7c-f59b87fa6041,IN_COLLECTION,Digital,high,True
http://data.europa.eu/esco/skill/d822b4b2-26c7-4bd9-970d-229c6504f615,http://data.europa.eu/esco/skill/d822b4b2-26c7-4bd9-970d-229c6504f615,IN_COLLECTION,Digital,high,True
http://data.europa.eu/esco/skill/d83e8dbd-257b-4aa9-abb5-e65924eb1797,http://data.europa.eu/esco/skill/d83e8dbd-257b-4aa9-abb5-e65924eb1797,IN_COLLECTION,Digital,high,True
http://data.europa.eu/esco/skill/d86595cb-0c68-4d98-aea8-32269da7eef5,http://data.europa.eu/esco/skill/d86595cb-0c68-4d98-aea8-32269da7eef5,IN_COLLECTION,Digital,high,True
http://data.europa.eu/esco/skill/d8726a5a-0614-4dc6-ad03-cf5e3b3caaa5,http://data.europa.eu/esco/skill/d8726a5a-0614-4dc6-ad03-cf5e3b3caaa5,IN_COLLECTION,Digital,high,True
http://data.europa.eu/esco/skill/d87fe0be-9055-4a76-a444-e98b5bfad9d8,http://data.europa.eu/esco/skill/d87fe0be-9055-4a76-a444-e98b5bfad9d8,IN_COLLECTION,Digital,high,True
http://data.europa.eu/esco/skill/d8829a1d-dbde-435b-b921-29d6462f35c9,http://data.europa.eu/esco/skill/d8829a1d-dbde-435b-b921-29d6462f35c9,IN_COLLECTION,Digital,high,True
http://data.europa.eu/esco/skill/d89b9a3f-19bf-4b9b-9664-ed35924eb399,http://data.europa.eu/esco/skill/d89b9a3f-19bf-4b9b-9664-ed35924eb399,IN_COLLECTION,Digital,high,True
http://data.europa.eu/esco/skill/d8ee0b01-3d33-4a32-a07c-6a107400cac0,http://data.europa.eu/esco/skill/d8ee0b01-3d33-4a32-a07c-6a107400cac0,IN_COLLECTION,Digital,high,True
http://data.europa.eu/esco/skill/d90bad2f-7fcc-4e85-a02f-ba4837732892,http://data.europa.eu/esco/skill/d90bad2f-7fcc-4e85-a02f-ba4837732892,IN_COLLECTION,Digital,high,True
http://data.europa.eu/esco/skill/d96078b0-12f4-47d3-a260-61d22050a840,http://data.europa.eu/esco/skill/d96078b0-12f4-47d3-a260-61d22050a840,IN_COLLECTION,Digital,high,True
http://data.europa.eu/esco/skill/d9818afc-1dec-4944-8c9c-e3ae8fad176d,http://data.europa.eu/esco/skill/d9818afc-1dec-4944-8c9c-e3ae8fad176d,IN_COLLECTION,Digital,high,True
http://data.europa.eu/esco/skill/d9eaf831-9348-4330-a83e-b7c099cdc8f6,http://data.europa.eu/esco/skill/d9eaf831-9348-4330-a83e-b7c099cdc8f6,IN_COLLECTION,Digital,high,True
http://data.europa.eu/esco/skill/da042121-959d-451b-b4d0-3bbf07c1bc67,http://data.europa.eu/esco/skill/da042121-959d-451b-b4d0-3bbf07c1bc67,IN_COLLECTION,Digital,high,True
http://data.europa.eu/esco/skill/da6393d5-a53c-4863-abc7-51f36281d74e,http://data.europa.eu/esco/skill/da6393d5-a53c-4863-abc7-51f36281d74e,IN_COLLECTION,Digital,high,True
http://data.europa.eu/esco/skill/da930e2f-6047-4616-a598-bba8ecef3039,http://data.europa.eu/esco/skill/da930e2f-6047-4616-a598-bba8ecef3039,IN_COLLECTION,Digital,high,True
http://data.europa.eu/esco/skill/dad18fbb-7053-46ed-8a7e-817a10b26ab8,http://data.europa.eu/esco/skill/dad18fbb-7053-46ed-8a7e-817a10b26ab8,IN_COLLECTION,Digital,high,True
http://data.europa.eu/esco/skill/dad7e408-162f-46a4-8567-db560e19e2fc,http://data.europa.eu/esco/skill/dad7e408-162f-46a4-8567-db560e19e2fc,IN_COLLECTION,Digital,high,True
http://data.europa.eu/esco/skill/db36f7f1-5900-45bd-9ffb-f2b19c4362ac,http://data.europa.eu/esco/skill/db36f7f1-5900-45bd-9ffb-f2b19c4362ac,IN_COLLECTION,Digital,high,True
http://data.europa.eu/esco/skill/db77825e-0f3e-47d0-abdb-356794484272,http://data.europa.eu/esco/skill/db77825e-0f3e-47d0-abdb-356794484272,IN_COLLECTION,Digital,high,True
http://data.europa.eu/esco/skill/dba46f87-0831-49cd-a1c7-340a653c0221,http://data.europa.eu/esco/skill/dba46f87-0831-49cd-a1c7-340a653c0221,IN_COLLECTION,Digital,high,True
http://data.europa.eu/esco/skill/dbab7fdd-b99b-4233-bc81-75563eee51a4,http://data.europa.eu/esco/skill/dbab7fdd-b99b-4233-bc81-75563eee51a4,IN_COLLECTION,Digital,high,True
http://data.europa.eu/esco/skill/dc298fac-7ab4-4feb-9b43-33d947d7703e,http://data.europa.eu/esco/skill/dc298fac-7ab4-4feb-9b43-33d947d7703e,IN_COLLECTION,Digital,high,True
http://data.europa.eu/esco/skill/dcdd5ddf-82a6-4ac3-8edc-d4b23cae9a88,http://data.europa.eu/esco/skill/dcdd5ddf-82a6-4ac3-8edc-d4b23cae9a88,IN_COLLECTION,Digital,high,True
http://data.europa.eu/esco/skill/dd0e44b9-b285-4563-8ffc-1d4d96bf548c,http://data.europa.eu/esco/skill/dd0e44b9-b285-4563-8ffc-1d4d96bf548c,IN_COLLECTION,Digital,high,True
http://data.europa.eu/esco/skill/dd1e0bc8-d54a-435a-bc43-586bac0b8c02,http://data.europa.eu/esco/skill/dd1e0bc8-d54a-435a-bc43-586bac0b8c02,IN_COLLECTION,Digital,high,True
http://data.europa.eu/esco/skill/dd276faa-ef0a-4ad0-8744-37b883a79b64,http://data.europa.eu/esco/skill/dd276faa-ef0a-4ad0-8744-37b883a79b64,IN_COLLECTION,Digital,high,True
http://data.europa.eu/esco/skill/dda69c90-2355-4ab5-b0ef-6ada47f74cc1,http://data.europa.eu/esco/skill/dda69c90-2355-4ab5-b0ef-6ada47f74cc1,IN_COLLECTION,Digital,high,True
http://data.europa.eu/esco/skill/ddb65832-91a7-4157-9488-719a0e2ad87b,http://data.europa.eu/esco/skill/ddb65832-91a7-4157-9488-719a0e2ad87b,IN_COLLECTION,Digital,high,True
http://data.europa.eu/esco/skill/ddc3119d-1d6e-4324-9125-a3380d299ac5,http://data.europa.eu/esco/skill/ddc3119d-1d6e-4324-9125-a3380d299ac5,IN_COLLECTION,Digital,high,True
http://data.europa.eu/esco/skill/ddfd922f-a4f7-47a7-bf1c-cf9124e5bf40,http://data.europa.eu/esco/skill/ddfd922f-a4f7-47a7-bf1c-cf9124e5bf40,IN_COLLECTION,Digital,high,True
http://data.europa.eu/esco/skill/ddfe79e2-c2e3-4ba7-9bdf-3820b4f75b54,http://data.europa.eu/esco/skill/ddfe79e2-c2e3-4ba7-9bdf-3820b4f75b54,IN_COLLECTION,Digital,high,True
http://data.europa.eu/esco/skill/de0be6e8-644c-4cc9-9c8d-925dd98dda56,http://data.europa.eu/esco/skill/de0be6e8-644c-4cc9-9c8d-925dd98dda56,IN_COLLECTION,Digital,high,True
http://data.europa.eu/esco/skill/de586dcf-d7e5-4340-bf5b-d59026f1b436,http://data.europa.eu/esco/skill/de586dcf-d7e5-4340-bf5b-d59026f1b436,IN_COLLECTION,Digital,high,True
http://data.europa.eu/esco/skill/de804504-bd5c-465d-b54f-9da299d8ee90,http://data.europa.eu/esco/skill/de804504-bd5c-465d-b54f-9da299d8ee90,IN_COLLECTION,Digital,high,True
http://data.europa.eu/esco/skill/de9f85ba-e77f-48fd-8c66-f5ebaf32d655,http://data.europa.eu/esco/skill/de9f85ba-e77f-48fd-8c66-f5ebaf32d655,IN_COLLECTION,Digital,high,True
http://data.europa.eu/esco/skill/debef2fc-7af4-4bff-ac92-4d0317915a84,http://data.europa.eu/esco/skill/debef2fc-7af4-4bff-ac92-4d0317915a84,IN_COLLECTION,Digital,high,True
http://data.europa.eu/esco/skill/def007fa-5fed-4a5f-91a2-b0d7e3db1be1,http://data.europa.eu/esco/skill/def007fa-5fed-4a5f-91a2-b0d7e3db1be1,IN_COLLECTION,Digital,high,True
http://data.europa.eu/esco/skill/df0612db-366c-4ff5-b106-40b9e385195c,http://data.europa.eu/esco/skill/df0612db-366c-4ff5-b106-40b9e385195c,IN_COLLECTION,Digital,high,True
http://data.europa.eu/esco/skill/df11ab22-3c40-4dc8-ab0c-e9f41e62449e,http://data.europa.eu/esco/skill/df11ab22-3c40-4dc8-ab0c-e9f41e62449e,IN_COLLECTION,Digital,high,True
http://data.europa.eu/esco/skill/df12fd50-55dc-4cfd-a021-818880668789,http://data.europa.eu/esco/skill/df12fd50-55dc-4cfd-a021-818880668789,IN_COLLECTION,Digital,high,True
http://data.europa.eu/esco/skill/df329d70-87b0-466b-a214-3431f36e2a5e,http://data.europa.eu/esco/skill/df329d70-87b0-466b-a214-3431f36e2a5e,IN_COLLECTION,Digital,high,True
http://data.europa.eu/esco/skill/df538078-0ccb-4125-a61d-ebaa648b39f2,http://data.europa.eu/esco/skill/df538078-0ccb-4125-a61d-ebaa648b39f2,IN_COLLECTION,Digital,high,True
http://data.europa.eu/esco/skill/dfb9cec6-3ae3-408a-9d57-c44361bf7aaf,http://data.europa.eu/esco/skill/dfb9cec6-3ae3-408a-9d57-c44361bf7aaf,IN_COLLECTION,Digital,high,True
http://data.europa.eu/esco/skill/dfff95c6-9758-4c04-a228-7eaa88dec6cd,http://data.europa.eu/esco/skill/dfff95c6-9758-4c04-a228-7eaa88dec6cd,IN_COLLECTION,Digital,high,True
http://data.europa.eu/esco/skill/e043aeeb-78f5-4049-afbf-12bba52225bc,http://data.europa.eu/esco/skill/e043aeeb-78f5-4049-afbf-12bba52225bc,IN_COLLECTION,Digital,high,True
http://data.europa.eu/esco/skill/e06ec50c-68f9-470f-8dc2-7488109c2dfd,http://data.europa.eu/esco/skill/e06ec50c-68f9-470f-8dc2-7488109c2dfd,IN_COLLECTION,Digital,high,True
http://data.europa.eu/esco/skill/e08821b5-d6dd-4db9-a0f1-43185653c244,http://data.europa.eu/esco/skill/e08821b5-d6dd-4db9-a0f1-43185653c244,IN_COLLECTION,Digital,high,True
http://data.europa.eu/esco/skill/e0ae0101-ab8f-47a2-938b-ab0cc367b3b5,http://data.europa.eu/esco/skill/e0ae0101-ab8f-47a2-938b-ab0cc367b3b5,IN_COLLECTION,Digital,high,True
http://data.europa.eu/esco/skill/e13b734a-218c-434a-a7cc-febac6d24ef3,http://data.europa.eu/esco/skill/e13b734a-218c-434a-a7cc-febac6d24ef3,IN_COLLECTION,Digital,high,True
http://data.europa.eu/esco/skill/e1e99428-b91b-45e1-8ede-ed0cbf161930,http://data.europa.eu/esco/skill/e1e99428-b91b-45e1-8ede-ed0cbf161930,IN_COLLECTION,Digital,high,True
http://data.europa.eu/esco/skill/e23e81f5-18db-49aa-ad9b-b3d0fdcad1d2,http://data.europa.eu/esco/skill/e23e81f5-18db-49aa-ad9b-b3d0fdcad1d2,IN_COLLECTION,Digital,high,True
http://data.europa.eu/esco/skill/e2b05bcb-b60e-45b5-baa6-3a67ebe77538,http://data.europa.eu/esco/skill/e2b05bcb-b60e-45b5-baa6-3a67ebe77538,IN_COLLECTION,Digital,high,True
http://data.europa.eu/esco/skill/e2b82b00-f07f-4fc8-a7bb-c8febf65efe5,http://data.europa.eu/esco/skill/e2b82b00-f07f-4fc8-a7bb-c8febf65efe5,IN_COLLECTION,Digital,high,True
http://data.europa.eu/esco/skill/e2d0daae-2aa1-40cc-99e2-b340b02f97d3,http://data.europa.eu/esco/skill/e2d0daae-2aa1-40cc-99e2-b340b02f97d3,IN_COLLECTION,Digital,high,True
http://data.europa.eu/esco/skill/e2fb1ee4-fbf9-4690-b677-3e6ff7cfdc48,http://data.europa.eu/esco/skill/e2fb1ee4-fbf9-4690-b677-3e6ff7cfdc48,IN_COLLECTION,Digital,high,True
http://data.europa.eu/esco/skill/e3201e73-ef4d-447d-ac9b-b18e45f35eea,http://data.europa.eu/esco/skill/e3201e73-ef4d-447d-ac9b-b18e45f35eea,IN_COLLECTION,Digital,high,True
http://data.europa.eu/esco/skill/e36c1f47-3913-4d35-a6ae-fd9a7243483f,http://data.europa.eu/esco/skill/e36c1f47-3913-4d35-a6ae-fd9a7243483f,IN_COLLECTION,Digital,high,True
http://data.europa.eu/esco/skill/e3840f20-1928-4d07-944c-d2dd2ae5cbba,http://data.europa.eu/esco/skill/e3840f20-1928-4d07-944c-d2dd2ae5cbba,IN_COLLECTION,Digital,high,True
http://data.europa.eu/esco/skill/e3eb64db-bc0b-4cc0-bd31-5feb94b2ef50,http://data.europa.eu/esco/skill/e3eb64db-bc0b-4cc0-bd31-5feb94b2ef50,IN_COLLECTION,Digital,high,True
http://data.europa.eu/esco/skill/e43084e8-6e3d-4649-93e9-2455ff53bc84,http://data.europa.eu/esco/skill/e43084e8-6e3d-4649-93e9-2455ff53bc84,IN_COLLECTION,Digital,high,True
http://data.europa.eu/esco/skill/e439742d-558d-4f52-885e-afdc740b48cf,http://data.europa.eu/esco/skill/e439742d-558d-4f52-885e-afdc740b48cf,IN_COLLECTION,Digital,high,True
http://data.europa.eu/esco/skill/e46291c7-52b9-4174-bd59-178884861038,http://data.europa.eu/esco/skill/e46291c7-52b9-4174-bd59-178884861038,IN_COLLECTION,Digital,high,True
http://data.europa.eu/esco/skill/e464363b-8346-421d-9035-52118b76d8c8,http://data.europa.eu/esco/skill/e464363b-8346-421d-9035-52118b76d8c8,IN_COLLECTION,Digital,high,True
http://data.europa.eu/esco/skill/e465a154-93f7-4973-9ce1-31659fe16dd2,http://data.europa.eu/esco/skill/e465a154-93f7-4973-9ce1-31659fe16dd2,IN_COLLECTION,Digital,high,True
http://data.europa.eu/esco/skill/e4d34eaf-742e-4bba-801d-e8d617f1f419,http://data.europa.eu/esco/skill/e4d34eaf-742e-4bba-801d-e8d617f1f419,IN_COLLECTION,Digital,high,True
http://data.europa.eu/esco/skill/e4d90d50-bd28-4a0c-a3a7-d4963e2a307a,http://data.europa.eu/esco/skill/e4d90d50-bd28-4a0c-a3a7-d4963e2a307a,IN_COLLECTION,Digital,high,True
http://data.europa.eu/esco/skill/e5609f89-0daf-40bb-bd6b-94f5d7498131,http://data.europa.eu/esco/skill/e5609f89-0daf-40bb-bd6b-94f5d7498131,IN_COLLECTION,Digital,high,True
http://data.europa.eu/esco/skill/e5a6e1e0-1b07-4432-83ba-77d593b2cb47,http://data.europa.eu/esco/skill/e5a6e1e0-1b07-4432-83ba-77d593b2cb47,IN_COLLECTION,Digital,high,True
http://data.europa.eu/esco/skill/e5b5053e-0ef6-4c4e-a3f2-42f955f4322c,http://data.europa.eu/esco/skill/e5b5053e-0ef6-4c4e-a3f2-42f955f4322c,IN_COLLECTION,Digital,high,True
http://data.europa.eu/esco/skill/e5beeff8-7c98-490a-ae2c-16fbb6a87305,http://data.europa.eu/esco/skill/e5beeff8-7c98-490a-ae2c-16fbb6a87305,IN_COLLECTION,Digital,high,True
http://data.europa.eu/esco/skill/e5d1f825-60ed-4bdd-872a-e748c387f777,http://data.europa.eu/esco/skill/e5d1f825-60ed-4bdd-872a-e748c387f777,IN_COLLECTION,Digital,high,True
http://data.europa.eu/esco/skill/e6262391-ffda-4b8e-9f5c-89cf1a0e7384,http://data.europa.eu/esco/skill/e6262391-ffda-4b8e-9f5c-89cf1a0e7384,IN_COLLECTION,Digital,high,True
http://data.europa.eu/esco/skill/e63da991-d405-4463-9874-3555c80082d9,http://data.europa.eu/esco/skill/e63da991-d405-4463-9874-3555c80082d9,IN_COLLECTION,Digital,high,True
http://data.europa.eu/esco/skill/e665d919-f28d-4ac4-adf0-8903ac66540e,http://data.europa.eu/esco/skill/e665d919-f28d-4ac4-adf0-8903ac66540e,IN_COLLECTION,Digital,high,True
http://data.europa.eu/esco/skill/e6b8f934-7f35-4dc6-9a64-f6c43acdc00b,http://data.europa.eu/esco/skill/e6b8f934-7f35-4dc6-9a64-f6c43acdc00b,IN_COLLECTION,Digital,high,True
http://data.europa.eu/esco/skill/e743a3f3-ba4a-4dab-99a6-6321dba6b502,http://data.europa.eu/esco/skill/e743a3f3-ba4a-4dab-99a6-6321dba6b502,IN_COLLECTION,Digital,high,True
http://data.europa.eu/esco/skill/e74f4f21-8d45-412c-b5c3-652e6167ee32,http://data.europa.eu/esco/skill/e74f4f21-8d45-412c-b5c3-652e6167ee32,IN_COLLECTION,Digital,high,True
http://data.europa.eu/esco/skill/e79dab00-fe87-48f2-b8cc-f48b68bc7f35,http://data.europa.eu/esco/skill/e79dab00-fe87-48f2-b8cc-f48b68bc7f35,IN_COLLECTION,Digital,high,True
http://data.europa.eu/esco/skill/e8171178-9a60-40a6-ad3b-510e10cfebad,http://data.europa.eu/esco/skill/e8171178-9a60-40a6-ad3b-510e10cfebad,IN_COLLECTION,Digital,high,True
http://data.europa.eu/esco/skill/e819cc1e-09d9-47f2-b418-93972852daef,http://data.europa.eu/esco/skill/e819cc1e-09d9-47f2-b418-93972852daef,IN_COLLECTION,Digital,high,True
http://data.europa.eu/esco/skill/e81d7bed-b7c7-41bf-a30a-e3201e8f09b3,http://data.europa.eu/esco/skill/e81d7bed-b7c7-41bf-a30a-e3201e8f09b3,IN_COLLECTION,Digital,high,True
http://data.europa.eu/esco/skill/e842ed4c-23c1-4c29-b1b1-b490889db735,http://data.europa.eu/esco/skill/e842ed4c-23c1-4c29-b1b1-b490889db735,IN_COLLECTION,Digital,high,True
http://data.europa.eu/esco/skill/e87ec79a-c9ff-46f5-84fa-7a0f394cdf40,http://data.europa.eu/esco/skill/e87ec79a-c9ff-46f5-84fa-7a0f394cdf40,IN_COLLECTION,Digital,high,True
http://data.europa.eu/esco/skill/e8b89eb6-51e8-4c3a-babb-88b2e110376b,http://data.europa.eu/esco/skill/e8b89eb6-51e8-4c3a-babb-88b2e110376b,IN_COLLECTION,Digital,high,True
http://data.europa.eu/esco/skill/e8bae3fe-6d8d-457e-a20b-6f8eea4d5402,http://data.europa.eu/esco/skill/e8bae3fe-6d8d-457e-a20b-6f8eea4d5402,IN_COLLECTION,Digital,high,True
http://data.europa.eu/esco/skill/e8dd9cc1-c83d-45ec-a7b0-e3727ab90336,http://data.europa.eu/esco/skill/e8dd9cc1-c83d-45ec-a7b0-e3727ab90336,IN_COLLECTION,Digital,high,True
http://data.europa.eu/esco/skill/e975b791-b488-4935-be44-06f2f9a443bb,http://data.europa.eu/esco/skill/e975b791-b488-4935-be44-06f2f9a443bb,IN_COLLECTION,Digital,high,True
http://data.europa.eu/esco/skill/e9ac6d35-0219-44c3-b488-bfd14923d09f,http://data.europa.eu/esco/skill/e9ac6d35-0219-44c3-b488-bfd14923d09f,IN_COLLECTION,Digital,high,True
http://data.europa.eu/esco/skill/ea412de3-9d7a-4943-8d8c-c6d3c7495d0e,http://data.europa.eu/esco/skill/ea412de3-9d7a-4943-8d8c-c6d3c7495d0e,IN_COLLECTION,Digital,high,True
http://data.europa.eu/esco/skill/ea99e1f2-ad03-4bb3-8960-1227fc76bb2a,http://data.europa.eu/esco/skill/ea99e1f2-ad03-4bb3-8960-1227fc76bb2a,IN_COLLECTION,Digital,high,True
http://data.europa.eu/esco/skill/eabc06f6-2daf-45bb-b525-7fc078e2eadf,http://data.europa.eu/esco/skill/eabc06f6-2daf-45bb-b525-7fc078e2eadf,IN_COLLECTION,Digital,high,True
http://data.europa.eu/esco/skill/eb0e5615-1575-4a86-a1a2-7d39595033c5,http://data.europa.eu/esco/skill/eb0e5615-1575-4a86-a1a2-7d39595033c5,IN_COLLECTION,Digital,high,True
http://data.europa.eu/esco/skill/eb275d0d-64bb-49cb-a501-72aff776088f,http://data.europa.eu/esco/skill/eb275d0d-64bb-49cb-a501-72aff776088f,IN_COLLECTION,Digital,high,True
http://data.europa.eu/esco/skill/eb2ae1c7-ba57-4695-8f29-9dd41c26e01e,http://data.europa.eu/esco/skill/eb2ae1c7-ba57-4695-8f29-9dd41c26e01e,IN_COLLECTION,Digital,high,True
http://data.europa.eu/esco/skill/eb3aa8c1-fb14-47b4-a352-b7975abd2480,http://data.europa.eu/esco/skill/eb3aa8c1-fb14-47b4-a352-b7975abd2480,IN_COLLECTION,Digital,high,True
http://data.europa.eu/esco/skill/ec0bbf39-0edd-4015-a2c3-82ad563ce3a8,http://data.europa.eu/esco/skill/ec0bbf39-0edd-4015-a2c3-82ad563ce3a8,IN_COLLECTION,Digital,high,True
http://data.europa.eu/esco/skill/ec0d2580-ee2f-45e6-a423-c69dd3f03868,http://data.europa.eu/esco/skill/ec0d2580-ee2f-45e6-a423-c69dd3f03868,IN_COLLECTION,Digital,high,True
http://data.europa.eu/esco/skill/ec25e825-8c5b-4b46-950b-dcb87dd410e7,http://data.europa.eu/esco/skill/ec25e825-8c5b-4b46-950b-dcb87dd410e7,IN_COLLECTION,Digital,high,True
http://data.europa.eu/esco/skill/ec85cc63-4e24-4631-bf92-8789db2605c0,http://data.europa.eu/esco/skill/ec85cc63-4e24-4631-bf92-8789db2605c0,IN_COLLECTION,Digital,high,True
http://data.europa.eu/esco/skill/ec95d0a4-886e-4eb1-aa4c-2d5f2549df7d,http://data.europa.eu/esco/skill/ec95d0a4-886e-4eb1-aa4c-2d5f2549df7d,IN_COLLECTION,Digital,high,True
http://data.europa.eu/esco/skill/ed1d8bd4-cd2a-4c64-b665-56d70651026c,http://data.europa.eu/esco/skill/ed1d8bd4-cd2a-4c64-b665-56d70651026c,IN_COLLECTION,Digital,high,True
http://data.europa.eu/esco/skill/ed392b45-1087-44a7-89a9-d514224639ff,http://data.europa.eu/esco/skill/ed392b45-1087-44a7-89a9-d514224639ff,IN_COLLECTION,Digital,high,True
http://data.europa.eu/esco/skill/ed39edd3-44d0-4a16-9796-bfb99f92baf3,http://data.europa.eu/esco/skill/ed39edd3-44d0-4a16-9796-bfb99f92baf3,IN_COLLECTION,Digital,high,True
http://data.europa.eu/esco/skill/ed5bbc64-7017-4e2e-b44e-65df88013a84,http://data.europa.eu/esco/skill/ed5bbc64-7017-4e2e-b44e-65df88013a84,IN_COLLECTION,Digital,high,True
http://data.europa.eu/esco/skill/ed8de897-adbe-4f0e-b4d2-534953e64c72,http://data.europa.eu/esco/skill/ed8de897-adbe-4f0e-b4d2-534953e64c72,IN_COLLECTION,Digital,high,True
http://data.europa.eu/esco/skill/eda4d727-4374-49af-ace4-118c7c906835,http://data.europa.eu/esco/skill/eda4d727-4374-49af-ace4-118c7c906835,IN_COLLECTION,Digital,high,True
http://data.europa.eu/esco/skill/edebd83d-35f6-4ed5-a940-6c203d178c01,http://data.europa.eu/esco/skill/edebd83d-35f6-4ed5-a940-6c203d178c01,IN_COLLECTION,Digital,high,True
http://data.europa.eu/esco/skill/edf081e4-d2dc-4a60-8c49-7b7e45b5ebe3,http://data.europa.eu/esco/skill/edf081e4-d2dc-4a60-8c49-7b7e45b5ebe3,IN_COLLECTION,Digital,high,True
http://data.europa.eu/esco/skill/ee02393d-27dd-438a-8879-b8088ce45e79,http://data.europa.eu/esco/skill/ee02393d-27dd-438a-8879-b8088ce45e79,IN_COLLECTION,Digital,high,True
http://data.europa.eu/esco/skill/ee3b1553-2dc5-434b-8dcf-4ae3a40b3a48,http://data.europa.eu/esco/skill/ee3b1553-2dc5-434b-8dcf-4ae3a40b3a48,IN_COLLECTION,Digital,high,True
http://data.europa.eu/esco/skill/ee46e1d3-a52c-4113-aab9-38dbc907085d,http://data.europa.eu/esco/skill/ee46e1d3-a52c-4113-aab9-38dbc907085d,IN_COLLECTION,Digital,high,True
http://data.europa.eu/esco/skill/ee6c325b-223e-432f-89c3-a0f135adac9e,http://data.europa.eu/esco/skill/ee6c325b-223e-432f-89c3-a0f135adac9e,IN_COLLECTION,Digital,high,True
http://data.europa.eu/esco/skill/ee8fee1a-75c1-43fb-b08d-779929f99249,http://data.europa.eu/esco/skill/ee8fee1a-75c1-43fb-b08d-779929f99249,IN_COLLECTION,Digital,high,True
http://data.europa.eu/esco/skill/eee58e6d-4587-42f0-b9a0-fe055cfe2044,http://data.europa.eu/esco/skill/eee58e6d-4587-42f0-b9a0-fe055cfe2044,IN_COLLECTION,Digital,high,True
http://data.europa.eu/esco/skill/eeef9d73-f215-40fb-92cc-6498f13fc3f2,http://data.europa.eu/esco/skill/eeef9d73-f215-40fb-92cc-6498f13fc3f2,IN_COLLECTION,Digital,high,True
http://data.europa.eu/esco/skill/ef0527db-0442-4f05-a150-533b410e1cc1,http://data.europa.eu/esco/skill/ef0527db-0442-4f05-a150-533b410e1cc1,IN_COLLECTION,Digital,high,True
http://data.europa.eu/esco/skill/ef069fe6-305b-4452-8f7d-0c572e98effc,http://data.europa.eu/esco/skill/ef069fe6-305b-4452-8f7d-0c572e98effc,IN_COLLECTION,Digital,high,True
http://data.europa.eu/esco/skill/ef64005d-75bc-4597-8ed6-717edec5e55e,http://data.europa.eu/esco/skill/ef64005d-75bc-4597-8ed6-717edec5e55e,IN_COLLECTION,Digital,high,True
http://data.europa.eu/esco/skill/f0010b93-5552-45cb-ad26-168c8168f319,http://data.europa.eu/esco/skill/f0010b93-5552-45cb-ad26-168c8168f319,IN_COLLECTION,Digital,high,True
http://data.europa.eu/esco/skill/f0163b63-6794-4eb7-b17b-f91d11b2602d,http://data.europa.eu/esco/skill/f0163b63-6794-4eb7-b17b-f91d11b2602d,IN_COLLECTION,Digital,high,True
http://data.europa.eu/esco/skill/f0393af3-bcd9-41af-a36e-0cfb83b60081,http://data.europa.eu/esco/skill/f0393af3-bcd9-41af-a36e-0cfb83b60081,IN_COLLECTION,Digital,high,True
http://data.europa.eu/esco/skill/f049d050-12da-4e40-813a-2b5eb6df6b51,http://data.europa.eu/esco/skill/f049d050-12da-4e40-813a-2b5eb6df6b51,IN_COLLECTION,Digital,high,True
http://data.europa.eu/esco/skill/f0de4973-0a70-4644-8fd4-3a97080476f4,http://data.europa.eu/esco/skill/f0de4973-0a70-4644-8fd4-3a97080476f4,IN_COLLECTION,Digital,high,True
http://data.europa.eu/esco/skill/f0f2da78-ef60-4653-b2c8-ff0a7a9ea2f8,http://data.europa.eu/esco/skill/f0f2da78-ef60-4653-b2c8-ff0a7a9ea2f8,IN_COLLECTION,Digital,high,True
http://data.europa.eu/esco/skill/f0f5bb34-71df-4715-9c9e-03567b76ec8f,http://data.europa.eu/esco/skill/f0f5bb34-71df-4715-9c9e-03567b76ec8f,IN_COLLECTION,Digital,high,True
http://data.europa.eu/esco/skill/f0ff6f10-cbb4-44c0-acd5-ed17046b1396,http://data.europa.eu/esco/skill/f0ff6f10-cbb4-44c0-acd5-ed17046b1396,IN_COLLECTION,Digital,high,True
http://data.europa.eu/esco/skill/f1a56786-e6d7-4b2e-a39c-23e09024d473,http://data.europa.eu/esco/skill/f1a56786-e6d7-4b2e-a39c-23e09024d473,IN_COLLECTION,Digital,high,True
http://data.europa.eu/esco/skill/f22dd07b-cb0f-4b18-ba54-d922dfaa8c14,http://data.europa.eu/esco/skill/f22dd07b-cb0f-4b18-ba54-d922dfaa8c14,IN_COLLECTION,Digital,high,True
http://data.europa.eu/esco/skill/f2741507-c5f7-45b6-8bcd-8d0d27650d68,http://data.europa.eu/esco/skill/f2741507-c5f7-45b6-8bcd-8d0d27650d68,IN_COLLECTION,Digital,high,True
http://data.europa.eu/esco/skill/f28617ad-afdd-4041-814c-216153a38998,http://data.europa.eu/esco/skill/f28617ad-afdd-4041-814c-216153a38998,IN_COLLECTION,Digital,high,True
http://data.europa.eu/esco/skill/f2c26cd0-f823-4549-a418-f84d23131308,http://data.europa.eu/esco/skill/f2c26cd0-f823-4549-a418-f84d23131308,IN_COLLECTION,Digital,high,True
http://data.europa.eu/esco/skill/f2d57f41-43b4-4f5b-8100-3df5c21eda50,http://data.europa.eu/esco/skill/f2d57f41-43b4-4f5b-8100-3df5c21eda50,IN_COLLECTION,Digital,high,True
http://data.europa.eu/esco/skill/f36fb0bd-21d5-4347-b484-69c735f4e700,http://data.europa.eu/esco/skill/f36fb0bd-21d5-4347-b484-69c735f4e700,IN_COLLECTION,Digital,high,True
http://data.europa.eu/esco/skill/f39336a8-8bf3-4a36-ac40-2f88836f5112,http://data.europa.eu/esco/skill/f39336a8-8bf3-4a36-ac40-2f88836f5112,IN_COLLECTION,Digital,high,True
http://data.europa.eu/esco/skill/f399a9c1-be41-4117-bf86-a64b503c4cfd,http://data.europa.eu/esco/skill/f399a9c1-be41-4117-bf86-a64b503c4cfd,IN_COLLECTION,Digital,high,True
http://data.europa.eu/esco/skill/f39ea734-faef-48a7-9544-14e691aed6ab,http://data.europa.eu/esco/skill/f39ea734-faef-48a7-9544-14e691aed6ab,IN_COLLECTION,Digital,high,True
http://data.europa.eu/esco/skill/f3d8547b-e7c4-4024-8f2d-0ccf3f522779,http://data.europa.eu/esco/skill/f3d8547b-e7c4-4024-8f2d-0ccf3f522779,IN_COLLECTION,Digital,high,True
http://data.europa.eu/esco/skill/f40da95c-febe-406c-96aa-2d6d9c09a0a3,http://data.europa.eu/esco/skill/f40da95c-febe-406c-96aa-2d6d9c09a0a3,IN_COLLECTION,Digital,high,True
http://data.europa.eu/esco/skill/f4229545-9cd3-4abf-ac7b-744040a7a61b,http://data.europa.eu/esco/skill/f4229545-9cd3-4abf-ac7b-744040a7a61b,IN_COLLECTION,Digital,high,True
http://data.europa.eu/esco/skill/f4346299-e22a-4686-8e61-2c9b0cd51c7d,http://data.europa.eu/esco/skill/f4346299-e22a-4686-8e61-2c9b0cd51c7d,IN_COLLECTION,Digital,high,True
http://data.europa.eu/esco/skill/f47a1998-0beb-43be-9f46-380aa4d183da,http://data.europa.eu/esco/skill/f47a1998-0beb-43be-9f46-380aa4d183da,IN_COLLECTION,Digital,high,True
http://data.europa.eu/esco/skill/f4a6e9f7-5cff-46c0-894c-59c20bb78694,http://data.europa.eu/esco/skill/f4a6e9f7-5cff-46c0-894c-59c20bb78694,IN_COLLECTION,Digital,high,True
http://data.europa.eu/esco/skill/f4a85869-1855-45d5-a43c-7ee8cd451996,http://data.europa.eu/esco/skill/f4a85869-1855-45d5-a43c-7ee8cd451996,IN_COLLECTION,Digital,high,True
http://data.europa.eu/esco/skill/f5750c05-7b15-4e0b-8591-f9a1bb95aaac,http://data.europa.eu/esco/skill/f5750c05-7b15-4e0b-8591-f9a1bb95aaac,IN_COLLECTION,Digital,high,True
http://data.europa.eu/esco/skill/f597f772-24d3-4cec-813c-cf5a7027c794,http://data.europa.eu/esco/skill/f597f772-24d3-4cec-813c-cf5a7027c794,IN_COLLECTION,Digital,high,True
http://data.europa.eu/esco/skill/f5ac9226-0ace-4d34-a1c3-7b3845834a98,http://data.europa.eu/esco/skill/f5ac9226-0ace-4d34-a1c3-7b3845834a98,IN_COLLECTION,Digital,high,True
http://data.europa.eu/esco/skill/f5b33464-4df9-4cf3-b468-b0a2d6b3ee85,http://data.europa.eu/esco/skill/f5b33464-4df9-4cf3-b468-b0a2d6b3ee85,IN_COLLECTION,Digital,high,True
http://data.europa.eu/esco/skill/f5f9b6fe-0ff2-4c0b-887a-12702d8612ba,http://data.europa.eu/esco/skill/f5f9b6fe-0ff2-4c0b-887a-12702d8612ba,IN_COLLECTION,Digital,high,True
http://data.europa.eu/esco/skill/f632251a-4078-4546-b19f-7ef528d08325,http://data.europa.eu/esco/skill/f632251a-4078-4546-b19f-7ef528d08325,IN_COLLECTION,Digital,high,True
http://data.europa.eu/esco/skill/f6424ebb-8401-446b-9f7e-10d7c854da02,http://data.europa.eu/esco/skill/f6424ebb-8401-446b-9f7e-10d7c854da02,IN_COLLECTION,Digital,high,True
http://data.europa.eu/esco/skill/f683ae1d-cb7c-4aa1-b9fe-205e1bd23535,http://data.europa.eu/esco/skill/f683ae1d-cb7c-4aa1-b9fe-205e1bd23535,IN_COLLECTION,Digital,high,True
http://data.europa.eu/esco/skill/f6868852-9bf6-4899-a5d6-5f9532fb877d,http://data.europa.eu/esco/skill/f6868852-9bf6-4899-a5d6-5f9532fb877d,IN_COLLECTION,Digital,high,True
http://data.europa.eu/esco/skill/f68cd42c-1d67-4ca7-9b37-8f024763823d,http://data.europa.eu/esco/skill/f68cd42c-1d67-4ca7-9b37-8f024763823d,IN_COLLECTION,Digital,high,True
http://data.europa.eu/esco/skill/f6d294f4-db62-4fc5-a7b8-778e5071c112,http://data.europa.eu/esco/skill/f6d294f4-db62-4fc5-a7b8-778e5071c112,IN_COLLECTION,Digital,high,True
http://data.europa.eu/esco/skill/f6e32a5b-bd38-4dd2-87e5-24d56152bcc6,http://data.europa.eu/esco/skill/f6e32a5b-bd38-4dd2-87e5-24d56152bcc6,IN_COLLECTION,Digital,high,True
http://data.europa.eu/esco/skill/f771d20c-815b-43e1-9355-b7f3f63a0b23,http://data.europa.eu/esco/skill/f771d20c-815b-43e1-9355-b7f3f63a0b23,IN_COLLECTION,Digital,high,True
http://data.europa.eu/esco/skill/f7e051fc-8f7b-45b3-8911-8ffb9b951f4a,http://data.europa.eu/esco/skill/f7e051fc-8f7b-45b3-8911-8ffb9b951f4a,IN_COLLECTION,Digital,high,True
http://data.europa.eu/esco/skill/f7e2eb04-3e50-4561-bce1-7e51a1fec308,http://data.europa.eu/esco/skill/f7e2eb04-3e50-4561-bce1-7e51a1fec308,IN_COLLECTION,Digital,high,True
http://data.europa.eu/esco/skill/f84a433f-34f1-4083-b0a3-24802623509c,http://data.europa.eu/esco/skill/f84a433f-34f1-4083-b0a3-24802623509c,IN_COLLECTION,Digital,high,True
http://data.europa.eu/esco/skill/f88002a8-6355-4d33-9496-285c166ff375,http://data.europa.eu/esco/skill/f88002a8-6355-4d33-9496-285c166ff375,IN_COLLECTION,Digital,high,True
http://data.europa.eu/esco/skill/f8e3425c-fe44-4ffb-bafe-0e20d91dadf4,http://data.europa.eu/esco/skill/f8e3425c-fe44-4ffb-bafe-0e20d91dadf4,IN_COLLECTION,Digital,high,True
http://data.europa.eu/esco/skill/f8e7c608-a92d-4b61-b84f-e2453b0aa4a4,http://data.europa.eu/esco/skill/f8e7c608-a92d-4b61-b84f-e2453b0aa4a4,IN_COLLECTION,Digital,high,True
http://data.europa.eu/esco/skill/f8f1f725-0105-41fa-9887-4df9e7a7af1e,http://data.europa.eu/esco/skill/f8f1f725-0105-41fa-9887-4df9e7a7af1e,IN_COLLECTION,Digital,high,True
http://data.europa.eu/esco/skill/f9670490-8aa4-4540-b121-d440a8294aab,http://data.europa.eu/esco/skill/f9670490-8aa4-4540-b121-d440a8294aab,IN_COLLECTION,Digital,high,True
http://data.europa.eu/esco/skill/f96f5aa5-6ed7-40dc-a431-68b0a09d6d4b,http://data.europa.eu/esco/skill/f96f5aa5-6ed7-40dc-a431-68b0a09d6d4b,IN_COLLECTION,Digital,high,True
http://data.europa.eu/esco/skill/f9a6f35b-01a7-40c9-8b61-b6ee46f97272,http://data.europa.eu/esco/skill/f9a6f35b-01a7-40c9-8b61-b6ee46f97272,IN_COLLECTION,Digital,high,True
http://data.europa.eu/esco/skill/f9da1ca4-40f4-483a-92e6-0a0c6d078638,http://data.europa.eu/esco/skill/f9da1ca4-40f4-483a-92e6-0a0c6d078638,IN_COLLECTION,Digital,high,True
http://data.europa.eu/esco/skill/f9e788df-d68a-4f92-92c7-80e135fc35ff,http://data.europa.eu/esco/skill/f9e788df-d68a-4f92-92c7-80e135fc35ff,IN_COLLECTION,Digital,high,True
http://data.europa.eu/esco/skill/fa3e5cec-703e-4d46-b3bb-e8a89540ab54,http://data.europa.eu/esco/skill/fa3e5cec-703e-4d46-b3bb-e8a89540ab54,IN_COLLECTION,Digital,high,True
http://data.europa.eu/esco/skill/fae27053-8924-4bfd-b565-c9fe502044c9,http://data.europa.eu/esco/skill/fae27053-8924-4bfd-b565-c9fe502044c9,IN_COLLECTION,Digital,high,True
http://data.europa.eu/esco/skill/fae7e545-5114-43cc-8e83-178e2549ecb9,http://data.europa.eu/esco/skill/fae7e545-5114-43cc-8e83-178e2549ecb9,IN_COLLECTION,Digital,high,True
http://data.europa.eu/esco/skill/fafe0b9d-dbd9-46bd-b770-26299539ce66,http://data.europa.eu/esco/skill/fafe0b9d-dbd9-46bd-b770-26299539ce66,IN_COLLECTION,Digital,high,True
http://data.europa.eu/esco/skill/fb601189-afa9-4a7b-8430-21a906483072,http://data.europa.eu/esco/skill/fb601189-afa9-4a7b-8430-21a906483072,IN_COLLECTION,Digital,high,True
http://data.europa.eu/esco/skill/fb7aee4d-f6c6-4a87-8e9d-8e542b3771f8,http://data.europa.eu/esco/skill/fb7aee4d-f6c6-4a87-8e9d-8e542b3771f8,IN_COLLECTION,Digital,high,True
http://data.europa.eu/esco/skill/fb82ae25-b59f-43fd-aacf-a8308afbe85e,http://data.europa.eu/esco/skill/fb82ae25-b59f-43fd-aacf-a8308afbe85e,IN_COLLECTION,Digital,high,True
http://data.europa.eu/esco/skill/fbafa41f-cd05-4109-a649-8b44d306d779,http://data.europa.eu/esco/skill/fbafa41f-cd05-4109-a649-8b44d306d779,IN_COLLECTION,Digital,high,True
http://data.europa.eu/esco/skill/fbbcb9ab-4b95-4e57-a756-30d08b7da7a5,http://data.europa.eu/esco/skill/fbbcb9ab-4b95-4e57-a756-30d08b7da7a5,IN_COLLECTION,Digital,high,True
http://data.europa.eu/esco/skill/fc1fa8eb-a7fd-481c-b3b3-5fc45b3d1e97,http://data.europa.eu/esco/skill/fc1fa8eb-a7fd-481c-b3b3-5fc45b3d1e97,IN_COLLECTION,Digital,high,True
http://data.europa.eu/esco/skill/fc2f1d4f-a46f-471e-a618-cbd4d0496a53,http://data.europa.eu/esco/skill/fc2f1d4f-a46f-471e-a618-cbd4d0496a53,IN_COLLECTION,Digital,high,True
http://data.europa.eu/esco/skill/fc461d64-ef74-43d5-8fc1-e1d1943e5bc5,http://data.europa.eu/esco/skill/fc461d64-ef74-43d5-8fc1-e1d1943e5bc5,IN_COLLECTION,Digital,high,True
http://data.europa.eu/esco/skill/fc5818b4-66f9-498b-a1bc-ff651db2af68,http://data.europa.eu/esco/skill/fc5818b4-66f9-498b-a1bc-ff651db2af68,IN_COLLECTION,Digital,high,True
http://data.europa.eu/esco/skill/fc6cddab-c9ce-4ce6-83ac-32b6854dd6da,http://data.europa.eu/esco/skill/fc6cddab-c9ce-4ce6-83ac-32b6854dd6da,IN_COLLECTION,Digital,high,True
http://data.europa.eu/esco/skill/fc72d86f-7e69-4bf8-b407-23303a798a0b,http://data.europa.eu/esco/skill/fc72d86f-7e69-4bf8-b407-23303a798a0b,IN_COLLECTION,Digital,high,True
http://data.europa.eu/esco/skill/fc94266b-322d-4f1d-87a0-03f999e72344,http://data.europa.eu/esco/skill/fc94266b-322d-4f1d-87a0-03f999e72344,IN_COLLECTION,Digital,high,True
http://data.europa.eu/esco/skill/fcb5e5c1-69b4-46d7-b9e6-328a5381dd89,http://data.europa.eu/esco/skill/fcb5e5c1-69b4-46d7-b9e6-328a5381dd89,IN_COLLECTION,Digital,high,True
http://data.europa.eu/esco/skill/fcbb3a90-cdde-49ff-9ecc-8e2c0a6dfca2,http://data.europa.eu/esco/skill/fcbb3a90-cdde-49ff-9ecc-8e2c0a6dfca2,IN_COLLECTION,Digital,high,True
http://data.europa.eu/esco/skill/fd33c66c-70c4-40e6-b87c-5495bd3bf26e,http://data.europa.eu/esco/skill/fd33c66c-70c4-40e6-b87c-5495bd3bf26e,IN_COLLECTION,Digital,high,True
http://data.europa.eu/esco/skill/fd6d2981-3d4a-4ce2-9741-cfc98c5b74bd,http://data.europa.eu/esco/skill/fd6d2981-3d4a-4ce2-9741-cfc98c5b74bd,IN_COLLECTION,Digital,high,True
http://data.europa.eu/esco/skill/fda917eb-0d6a-4371-8c93-2a10bf950966,http://data.europa.eu/esco/skill/fda917eb-0d6a-4371-8c93-2a10bf950966,IN_COLLECTION,Digital,high,True
http://data.europa.eu/esco/skill/fdc388ba-c8f4-4455-a55f-ffdf29b05f5f,http://data.europa.eu/esco/skill/fdc388ba-c8f4-4455-a55f-ffdf29b05f5f,IN_COLLECTION,Digital,high,True
http://data.europa.eu/esco/skill/fdf15b35-9028-4acb-bfd2-43f00a015cd9,http://data.europa.eu/esco/skill/fdf15b35-9028-4acb-bfd2-43f00a015cd9,IN_COLLECTION,Digital,high,True
http://data.europa.eu/esco/skill/fdfa3dcb-b8f0-454f-a659-64c66dc6b6a2,http://data.europa.eu/esco/skill/fdfa3dcb-b8f0-454f-a659-64c66dc6b6a2,IN_COLLECTION,Digital,high,True
http://data.europa.eu/esco/skill/fe1c2b32-7fe9-4668-affa-07ff658a68cf,http://data.europa.eu/esco/skill/fe1c2b32-7fe9-4668-affa-07ff658a68cf,IN_COLLECTION,Digital,high,True
http://data.europa.eu/esco/skill/fe4a9fb8-2963-4b23-8a18-e033197304f2,http://data.europa.eu/esco/skill/fe4a9fb8-2963-4b23-8a18-e033197304f2,IN_COLLECTION,Digital,high,True
http://data.europa.eu/esco/skill/feb717ff-fba6-4a91-aa10-ee11cf2da6b4,http://data.europa.eu/esco/skill/feb717ff-fba6-4a91-aa10-ee11cf2da6b4,IN_COLLECTION,Digital,high,True
http://data.europa.eu/esco/skill/febcc41e-bf0c-4733-a498-c2881c86ce88,http://data.europa.eu/esco/skill/febcc41e-bf0c-4733-a498-c2881c86ce88,IN_COLLECTION,Digital,high,True
http://data.europa.eu/esco/skill/fecf8a0d-62c4-4e71-9b03-0f4fc2ad7bf5,http://data.europa.eu/esco/skill/fecf8a0d-62c4-4e71-9b03-0f4fc2ad7bf5,IN_COLLECTION,Digital,high,True
http://data.europa.eu/esco/skill/fef18610-c8ca-431b-9ca8-d3d0cdffde72,http://data.europa.eu/esco/skill/fef18610-c8ca-431b-9ca8-d3d0cdffde72,IN_COLLECTION,Digital,high,True
http://data.europa.eu/esco/skill/ff25cbf0-6978-4c4c-887e-d4b185410d74,http://data.europa.eu/esco/skill/ff25cbf0-6978-4c4c-887e-d4b185410d74,IN_COLLECTION,Digital,high,True
http://data.europa.eu/esco/skill/ff6904ef-36e7-4890-8fb1-8353b299f047,http://data.europa.eu/esco/skill/ff6904ef-36e7-4890-8fb1-8353b299f047,IN_COLLECTION,Digital,high,True
http://data.europa.eu/esco/skill/ffa1d58b-ba09-49bd-a982-e743b2237006,http://data.europa.eu/esco/skill/ffa1d58b-ba09-49bd-a982-e743b2237006,IN_COLLECTION,Digital,high,True
http://data.europa.eu/esco/skill/ffc1e455-ced2-4e67-bdb3-1c50f9683859,http://data.europa.eu/esco/skill/ffc1e455-ced2-4e67-bdb3-1c50f9683859,IN_COLLECTION,Digital,high,True
http://data.europa.eu/esco/skill/ffdd5e53-7191-4043-ae0e-eea1bb077080,http://data.europa.eu/esco/skill/ffdd5e53-7191-4043-ae0e-eea1bb077080,IN_COLLECTION,Digital,high,True
http://data.europa.eu/esco/skill/ffddfc7c-a9dd-449f-9e96-882dc447c8b6,http://data.europa.eu/esco/skill/ffddfc7c-a9dd-449f-9e96-882dc447c8b6,IN_COLLECTION,Digital,high,True
http://data.europa.eu/esco/skill/fff0e2cd-d0bd-4b02-9daf-158b79d9688a,http://data.europa.eu/esco/skill/fff0e2cd-d0bd-4b02-9daf-158b79d9688a,IN_COLLECTION,Digital,high,True
http://data.europa.eu/esco/skill/001d46db-035e-4b92-83a3-ed8771e0c123,http://data.europa.eu/esco/skill/001d46db-035e-4b92-83a3-ed8771e0c123,IN_COLLECTION,Green,high,True
http://data.europa.eu/esco/skill/0037c821-2898-4919-b96e-7ed1cd89554c,http://data.europa.eu/esco/skill/0037c821-2898-4919-b96e-7ed1cd89554c,IN_COLLECTION,Green,high,True
http://data.europa.eu/esco/skill/0058526a-11e9-40a1-ab33-7c5ffdf5da05,http://data.europa.eu/esco/skill/0058526a-11e9-40a1-ab33-7c5ffdf5da05,IN_COLLECTION,Green,high,True
http://data.europa.eu/esco/skill/00735755-adc6-4ea0-b034-b8caff339c9f,http://data.europa.eu/esco/skill/00735755-adc6-4ea0-b034-b8caff339c9f,IN_COLLECTION,Green,high,True
http://data.europa.eu/esco/skill/0082c13b-5866-4542-bc4f-722a4ae9530e,http://data.europa.eu/esco/skill/0082c13b-5866-4542-bc4f-722a4ae9530e,IN_COLLECTION,Green,high,True
http://data.europa.eu/esco/skill/013a64b9-5e74-4f7f-af5b-9ec76715238b,http://data.europa.eu/esco/skill/013a64b9-5e74-4f7f-af5b-9ec76715238b,IN_COLLECTION,Green,high,True
http://data.europa.eu/esco/skill/0171653e-c8e9-4c24-bb86-a4b6fe038f25,http://data.europa.eu/esco/skill/0171653e-c8e9-4c24-bb86-a4b6fe038f25,IN_COLLECTION,Green,high,True
http://data.europa.eu/esco/skill/01895f13-1989-4756-80d6-9b9ee19ddb32,http://data.europa.eu/esco/skill/01895f13-1989-4756-80d6-9b9ee19ddb32,IN_COLLECTION,Green,high,True
http://data.europa.eu/esco/skill/02619401-8e21-46e5-8f19-204747fd755d,http://data.europa.eu/esco/skill/02619401-8e21-46e5-8f19-204747fd755d,IN_COLLECTION,Green,high,True
http://data.europa.eu/esco/skill/02e235f4-a30a-412a-a06e-1c471ad28678,http://data.europa.eu/esco/skill/02e235f4-a30a-412a-a06e-1c471ad28678,IN_COLLECTION,Green,high,True
http://data.europa.eu/esco/skill/032867c3-3c53-42ad-aabe-030eeb6292ab,http://data.europa.eu/esco/skill/032867c3-3c53-42ad-aabe-030eeb6292ab,IN_COLLECTION,Green,high,True
http://data.europa.eu/esco/skill/03d93bf5-3c09-489c-a0d7-a895b068041a,http://data.europa.eu/esco/skill/03d93bf5-3c09-489c-a0d7-a895b068041a,IN_COLLECTION,Green,high,True
http://data.europa.eu/esco/skill/04012dd1-478d-4eec-9951-dd623bfe86ca,http://data.europa.eu/esco/skill/04012dd1-478d-4eec-9951-dd623bfe86ca,IN_COLLECTION,Green,high,True
http://data.europa.eu/esco/skill/052b829c-67c5-466f-9300-0e0b001a68ef,http://data.europa.eu/esco/skill/052b829c-67c5-466f-9300-0e0b001a68ef,IN_COLLECTION,Green,high,True
http://data.europa.eu/esco/skill/0562cd60-cd92-47c3-bc63-30a55c5ca4fe,http://data.europa.eu/esco/skill/0562cd60-cd92-47c3-bc63-30a55c5ca4fe,IN_COLLECTION,Green,high,True
http://data.europa.eu/esco/skill/05e5e14f-ffa6-4106-b311-c6335ccc2bd2,http://data.europa.eu/esco/skill/05e5e14f-ffa6-4106-b311-c6335ccc2bd2,IN_COLLECTION,Green,high,True
http://data.europa.eu/esco/skill/0625e737-2b29-4835-ac28-aeec4a8dc0f2,http://data.europa.eu/esco/skill/0625e737-2b29-4835-ac28-aeec4a8dc0f2,IN_COLLECTION,Green,high,True
http://data.europa.eu/esco/skill/062ec888-7fd2-4b1e-860e-4cdcc9503ab3,http://data.europa.eu/esco/skill/062ec888-7fd2-4b1e-860e-4cdcc9503ab3,IN_COLLECTION,Green,high,True
http://data.europa.eu/esco/skill/06a4004d-ee47-44ff-ae2f-a038ba0c0256,http://data.europa.eu/esco/skill/06a4004d-ee47-44ff-ae2f-a038ba0c0256,IN_COLLECTION,Green,high,True
http://data.europa.eu/esco/skill/072f35a1-98e7-4a6c-9a19-474ace5644da,http://data.europa.eu/esco/skill/072f35a1-98e7-4a6c-9a19-474ace5644da,IN_COLLECTION,Green,high,True
http://data.europa.eu/esco/skill/078e6210-224d-4331-9c8e-f881259b6bb0,http://data.europa.eu/esco/skill/078e6210-224d-4331-9c8e-f881259b6bb0,IN_COLLECTION,Green,high,True
http://data.europa.eu/esco/skill/07c29939-d5fe-4f7f-8546-f1d02fd352db,http://data.europa.eu/esco/skill/07c29939-d5fe-4f7f-8546-f1d02fd352db,IN_COLLECTION,Green,high,True
http://data.europa.eu/esco/skill/07ec6866-d283-46a6-991c-e8ce0c6fc159,http://data.europa.eu/esco/skill/07ec6866-d283-46a6-991c-e8ce0c6fc159,IN_COLLECTION,Green,high,True
http://data.europa.eu/esco/skill/081d7679-5070-4777-bece-a28c49f15636,http://data.europa.eu/esco/skill/081d7679-5070-4777-bece-a28c49f15636,IN_COLLECTION,Green,high,True
http://data.europa.eu/esco/skill/089ee650-297e-4716-87d1-440743b70a0d,http://data.europa.eu/esco/skill/089ee650-297e-4716-87d1-440743b70a0d,IN_COLLECTION,Green,high,True
http://data.europa.eu/esco/skill/08a5f6dd-d3dd-4371-9919-6d730f34499c,http://data.europa.eu/esco/skill/08a5f6dd-d3dd-4371-9919-6d730f34499c,IN_COLLECTION,Green,high,True
http://data.europa.eu/esco/skill/09c28e46-712a-4c11-a4ae-67ae554ea940,http://data.europa.eu/esco/skill/09c28e46-712a-4c11-a4ae-67ae554ea940,IN_COLLECTION,Green,high,True
http://data.europa.eu/esco/skill/0aabb61b-5382-490a-bf44-375858f9cd3e,http://data.europa.eu/esco/skill/0aabb61b-5382-490a-bf44-375858f9cd3e,IN_COLLECTION,Green,high,True
http://data.europa.eu/esco/skill/0ad6d5e8-593f-4191-843c-439b23a468ca,http://data.europa.eu/esco/skill/0ad6d5e8-593f-4191-843c-439b23a468ca,IN_COLLECTION,Green,high,True
http://data.europa.eu/esco/skill/0b4f100c-813d-4eec-8aa5-4227bb98c635,http://data.europa.eu/esco/skill/0b4f100c-813d-4eec-8aa5-4227bb98c635,IN_COLLECTION,Green,high,True
http://data.europa.eu/esco/skill/0bca9840-478a-40fd-a6c3-c8cc923add98,http://data.europa.eu/esco/skill/0bca9840-478a-40fd-a6c3-c8cc923add98,IN_COLLECTION,Green,high,True
http://data.europa.eu/esco/skill/0cf3117a-c627-48e0-8d55-65b0f4557ae5,http://data.europa.eu/esco/skill/0cf3117a-c627-48e0-8d55-65b0f4557ae5,IN_COLLECTION,Green,high,True
http://data.europa.eu/esco/skill/0d0fe364-462d-48dd-b54b-e972e2bdecb1,http://data.europa.eu/esco/skill/0d0fe364-462d-48dd-b54b-e972e2bdecb1,IN_COLLECTION,Green,high,True
http://data.europa.eu/esco/skill/0d75a128-bd88-4c1b-b70d-8e963aeb490c,http://data.europa.eu/esco/skill/0d75a128-bd88-4c1b-b70d-8e963aeb490c,IN_COLLECTION,Green,high,True
http://data.europa.eu/esco/skill/0d7f5ea2-dee7-4d6f-9f1d-93772148e6f8,http://data.europa.eu/esco/skill/0d7f5ea2-dee7-4d6f-9f1d-93772148e6f8,IN_COLLECTION,Green,high,True
http://data.europa.eu/esco/skill/0e0b8991-4b24-4bb8-9113-df3ce43c1ff9,http://data.europa.eu/esco/skill/0e0b8991-4b24-4bb8-9113-df3ce43c1ff9,IN_COLLECTION,Green,high,True
http://data.europa.eu/esco/skill/0e628dde-8d1b-4a1d-b973-a349fe1725c8,http://data.europa.eu/esco/skill/0e628dde-8d1b-4a1d-b973-a349fe1725c8,IN_COLLECTION,Green,high,True
http://data.europa.eu/esco/skill/0e78d9c9-7c3c-4c5c-82cb-205c16edbcb8,http://data.europa.eu/esco/skill/0e78d9c9-7c3c-4c5c-82cb-205c16edbcb8,IN_COLLECTION,Green,high,True
http://data.europa.eu/esco/skill/0e81fcff-2fb5-4c87-afc2-49b5e5d9db50,http://data.europa.eu/esco/skill/0e81fcff-2fb5-4c87-afc2-49b5e5d9db50,IN_COLLECTION,Green,high,True
http://data.europa.eu/esco/skill/0f4cc60e-820e-439d-8810-31a2cc27ada6,http://data.europa.eu/esco/skill/0f4cc60e-820e-439d-8810-31a2cc27ada6,IN_COLLECTION,Green,high,True
http://data.europa.eu/esco/skill/101e6f4c-c892-4812-9e2c-f2b888771bb3,http://data.europa.eu/esco/skill/101e6f4c-c892-4812-9e2c-f2b888771bb3,IN_COLLECTION,Green,high,True
http://data.europa.eu/esco/skill/103f7814-d262-4df6-a1b6-759bc51f76cb,http://data.europa.eu/esco/skill/103f7814-d262-4df6-a1b6-759bc51f76cb,IN_COLLECTION,Green,high,True
http://data.europa.eu/esco/skill/108320f7-c8a1-4386-aed9-91054ab05619,http://data.europa.eu/esco/skill/108320f7-c8a1-4386-aed9-91054ab05619,IN_COLLECTION,Green,high,True
http://data.europa.eu/esco/skill/10ff3d22-1f29-48bc-98e4-63fc61c78034,http://data.europa.eu/esco/skill/10ff3d22-1f29-48bc-98e4-63fc61c78034,IN_COLLECTION,Green,high,True
http://data.europa.eu/esco/skill/111b9dad-b2e0-4b55-8d0f-2e41cb435f64,http://data.europa.eu/esco/skill/111b9dad-b2e0-4b55-8d0f-2e41cb435f64,IN_COLLECTION,Green,high,True
http://data.europa.eu/esco/skill/114a79ef-1e62-475b-a862-954f5b4cca20,http://data.europa.eu/esco/skill/114a79ef-1e62-475b-a862-954f5b4cca20,IN_COLLECTION,Green,high,True
http://data.europa.eu/esco/skill/118796d8-28a3-4865-bcd0-d037f4abcc0f,http://data.europa.eu/esco/skill/118796d8-28a3-4865-bcd0-d037f4abcc0f,IN_COLLECTION,Green,high,True
http://data.europa.eu/esco/skill/128f318e-1bc8-4921-821f-b0aad1d98922,http://data.europa.eu/esco/skill/128f318e-1bc8-4921-821f-b0aad1d98922,IN_COLLECTION,Green,high,True
http://data.europa.eu/esco/skill/12d7ea6f-ec1f-4f9a-a50b-8e2e9693f068,http://data.europa.eu/esco/skill/12d7ea6f-ec1f-4f9a-a50b-8e2e9693f068,IN_COLLECTION,Green,high,True
http://data.europa.eu/esco/skill/1565b401-1754-4b07-8f1a-eb5869e64d95,http://data.europa.eu/esco/skill/1565b401-1754-4b07-8f1a-eb5869e64d95,IN_COLLECTION,Green,high,True
http://data.europa.eu/esco/skill/15c522eb-cd6d-4b00-9d95-db20c0f8df88,http://data.europa.eu/esco/skill/15c522eb-cd6d-4b00-9d95-db20c0f8df88,IN_COLLECTION,Green,high,True
http://data.europa.eu/esco/skill/17446f6d-d8b0-4945-a37b-9ad0dfc9f3e8,http://data.europa.eu/esco/skill/17446f6d-d8b0-4945-a37b-9ad0dfc9f3e8,IN_COLLECTION,Green,high,True
http://data.europa.eu/esco/skill/17447ce4-4c4a-4158-b1ea-03ed5364b4e8,http://data.europa.eu/esco/skill/17447ce4-4c4a-4158-b1ea-03ed5364b4e8,IN_COLLECTION,Green,high,True
http://data.europa.eu/esco/skill/186da517-9a3e-41cd-9158-4001e3694459,http://data.europa.eu/esco/skill/186da517-9a3e-41cd-9158-4001e3694459,IN_COLLECTION,Green,high,True
http://data.europa.eu/esco/skill/189777b9-6e95-4f76-b8db-f8e0f0477bc6,http://data.europa.eu/esco/skill/189777b9-6e95-4f76-b8db-f8e0f0477bc6,IN_COLLECTION,Green,high,True
http://data.europa.eu/esco/skill/18d3f89a-6ac5-4ca6-bf93-0baec4e13bcd,http://data.europa.eu/esco/skill/18d3f89a-6ac5-4ca6-bf93-0baec4e13bcd,IN_COLLECTION,Green,high,True
http://data.europa.eu/esco/skill/192f3ca9-2232-40d0-b241-387966ce2de8,http://data.europa.eu/esco/skill/192f3ca9-2232-40d0-b241-387966ce2de8,IN_COLLECTION,Green,high,True
http://data.europa.eu/esco/skill/1a09db78-cbcf-428a-a23c-5c3f3951cc4c,http://data.europa.eu/esco/skill/1a09db78-cbcf-428a-a23c-5c3f3951cc4c,IN_COLLECTION,Green,high,True
http://data.europa.eu/esco/skill/1a6c7e0d-fc13-41d7-a5c0-8ca00606de89,http://data.europa.eu/esco/skill/1a6c7e0d-fc13-41d7-a5c0-8ca00606de89,IN_COLLECTION,Green,high,True
http://data.europa.eu/esco/skill/1aae38c8-f75a-4009-8aa0-c5fa94b06e6b,http://data.europa.eu/esco/skill/1aae38c8-f75a-4009-8aa0-c5fa94b06e6b,IN_COLLECTION,Green,high,True
http://data.europa.eu/esco/skill/1ab1449d-5b65-458b-b115-f5283a52da8e,http://data.europa.eu/esco/skill/1ab1449d-5b65-458b-b115-f5283a52da8e,IN_COLLECTION,Green,high,True
http://data.europa.eu/esco/skill/1b270383-b30c-4092-a9ed-b1637ecf2b79,http://data.europa.eu/esco/skill/1b270383-b30c-4092-a9ed-b1637ecf2b79,IN_COLLECTION,Green,high,True
http://data.europa.eu/esco/skill/1b644187-7c16-4685-bc80-fe1279492dea,http://data.europa.eu/esco/skill/1b644187-7c16-4685-bc80-fe1279492dea,IN_COLLECTION,Green,high,True
http://data.europa.eu/esco/skill/1b718a43-4295-44cc-9530-78323bbeb663,http://data.europa.eu/esco/skill/1b718a43-4295-44cc-9530-78323bbeb663,IN_COLLECTION,Green,high,True
http://data.europa.eu/esco/skill/1b73b2a7-aefc-49ef-8b30-b90ca7429984,http://data.europa.eu/esco/skill/1b73b2a7-aefc-49ef-8b30-b90ca7429984,IN_COLLECTION,Green,high,True
http://data.europa.eu/esco/skill/1b94ad6c-c54d-4bdd-858d-81ebef51c5a4,http://data.europa.eu/esco/skill/1b94ad6c-c54d-4bdd-858d-81ebef51c5a4,IN_COLLECTION,Green,high,True
http://data.europa.eu/esco/skill/1c4fa8a3-7f7e-4c63-a36c-89e4321774d6,http://data.europa.eu/esco/skill/1c4fa8a3-7f7e-4c63-a36c-89e4321774d6,IN_COLLECTION,Green,high,True
http://data.europa.eu/esco/skill/1c8a92d4-18b9-4279-898c-ad89233bb511,http://data.europa.eu/esco/skill/1c8a92d4-18b9-4279-898c-ad89233bb511,IN_COLLECTION,Green,high,True
http://data.europa.eu/esco/skill/1c9bb265-6ff7-428e-9a72-9c8df75178b8,http://data.europa.eu/esco/skill/1c9bb265-6ff7-428e-9a72-9c8df75178b8,IN_COLLECTION,Green,high,True
http://data.europa.eu/esco/skill/1cf20c3c-027e-45f4-bad1-c91b98726d28,http://data.europa.eu/esco/skill/1cf20c3c-027e-45f4-bad1-c91b98726d28,IN_COLLECTION,Green,high,True
http://data.europa.eu/esco/skill/1d4ddf05-510a-424a-85d3-2305558665c5,http://data.europa.eu/esco/skill/1d4ddf05-510a-424a-85d3-2305558665c5,IN_COLLECTION,Green,high,True
http://data.europa.eu/esco/skill/1de91358-6ad3-4513-b975-396c61cf8858,http://data.europa.eu/esco/skill/1de91358-6ad3-4513-b975-396c61cf8858,IN_COLLECTION,Green,high,True
http://data.europa.eu/esco/skill/1e2e8415-0a45-466b-ba7b-25c0e72538c1,http://data.europa.eu/esco/skill/1e2e8415-0a45-466b-ba7b-25c0e72538c1,IN_COLLECTION,Green,high,True
http://data.europa.eu/esco/skill/1e3222fa-724d-41f0-9b0a-e88d1003cd35,http://data.europa.eu/esco/skill/1e3222fa-724d-41f0-9b0a-e88d1003cd35,IN_COLLECTION,Green,high,True
http://data.europa.eu/esco/skill/1ead478f-4e9d-4aa7-a728-823fc1e894f5,http://data.europa.eu/esco/skill/1ead478f-4e9d-4aa7-a728-823fc1e894f5,IN_COLLECTION,Green,high,True
http://data.europa.eu/esco/skill/1ee7d019-9226-4844-925f-a8a8c4db3444,http://data.europa.eu/esco/skill/1ee7d019-9226-4844-925f-a8a8c4db3444,IN_COLLECTION,Green,high,True
http://data.europa.eu/esco/skill/1f632076-fd9b-4b18-a9a2-b59a59181d3e,http://data.europa.eu/esco/skill/1f632076-fd9b-4b18-a9a2-b59a59181d3e,IN_COLLECTION,Green,high,True
http://data.europa.eu/esco/skill/1fe682ad-b8a2-44bb-a557-7eccf79b2014,http://data.europa.eu/esco/skill/1fe682ad-b8a2-44bb-a557-7eccf79b2014,IN_COLLECTION,Green,high,True
http://data.europa.eu/esco/skill/203083ca-b051-4c28-8986-fc8731bacee5,http://data.europa.eu/esco/skill/203083ca-b051-4c28-8986-fc8731bacee5,IN_COLLECTION,Green,high,True
http://data.europa.eu/esco/skill/21331900-9d2a-4806-9a0c-a1885e16dc3d,http://data.europa.eu/esco/skill/21331900-9d2a-4806-9a0c-a1885e16dc3d,IN_COLLECTION,Green,high,True
http://data.europa.eu/esco/skill/214c892e-e236-4e5f-9824-47316528cb42,http://data.europa.eu/esco/skill/214c892e-e236-4e5f-9824-47316528cb42,IN_COLLECTION,Green,high,True
http://data.europa.eu/esco/skill/215d64d0-a698-4508-b1b4-3d8a56b3ce9e,http://data.europa.eu/esco/skill/215d64d0-a698-4508-b1b4-3d8a56b3ce9e,IN_COLLECTION,Green,high,True
http://data.europa.eu/esco/skill/21934d08-3535-4dc2-ae67-fde9fd21dc60,http://data.europa.eu/esco/skill/21934d08-3535-4dc2-ae67-fde9fd21dc60,IN_COLLECTION,Green,high,True
http://data.europa.eu/esco/skill/21c27eba-bd1f-42f5-a1d5-c250227030f7,http://data.europa.eu/esco/skill/21c27eba-bd1f-42f5-a1d5-c250227030f7,IN_COLLECTION,Green,high,True
http://data.europa.eu/esco/skill/22c45bf7-e52b-475f-847b-c32a87f65a5d,http://data.europa.eu/esco/skill/22c45bf7-e52b-475f-847b-c32a87f65a5d,IN_COLLECTION,Green,high,True
http://data.europa.eu/esco/skill/23072dbb-e93b-48ab-8756-c64f74aaab26,http://data.europa.eu/esco/skill/23072dbb-e93b-48ab-8756-c64f74aaab26,IN_COLLECTION,Green,high,True
http://data.europa.eu/esco/skill/23759dba-1abd-4865-b0f9-608012348870,http://data.europa.eu/esco/skill/23759dba-1abd-4865-b0f9-608012348870,IN_COLLECTION,Green,high,True
http://data.europa.eu/esco/skill/23845010-4c1e-41d3-94a3-940bcab65bce,http://data.europa.eu/esco/skill/23845010-4c1e-41d3-94a3-940bcab65bce,IN_COLLECTION,Green,high,True
http://data.europa.eu/esco/skill/23872ce8-ea42-44ac-9b00-ccc0dc407209,http://data.europa.eu/esco/skill/23872ce8-ea42-44ac-9b00-ccc0dc407209,IN_COLLECTION,Green,high,True
http://data.europa.eu/esco/skill/23cb29ec-5738-4966-8453-09952ed8c1fc,http://data.europa.eu/esco/skill/23cb29ec-5738-4966-8453-09952ed8c1fc,IN_COLLECTION,Green,high,True
http://data.europa.eu/esco/skill/23d254ea-dfea-4e2e-b032-8f0ac7baa220,http://data.europa.eu/esco/skill/23d254ea-dfea-4e2e-b032-8f0ac7baa220,IN_COLLECTION,Green,high,True
http://data.europa.eu/esco/skill/23dc8bb2-1091-461e-9095-a048b7ffa009,http://data.europa.eu/esco/skill/23dc8bb2-1091-461e-9095-a048b7ffa009,IN_COLLECTION,Green,high,True
http://data.europa.eu/esco/skill/2474e095-309f-4283-b880-6a3a9aec4d34,http://data.europa.eu/esco/skill/2474e095-309f-4283-b880-6a3a9aec4d34,IN_COLLECTION,Green,high,True
http://data.europa.eu/esco/skill/2479ac51-f43f-42d1-a912-ff000b351439,http://data.europa.eu/esco/skill/2479ac51-f43f-42d1-a912-ff000b351439,IN_COLLECTION,Green,high,True
http://data.europa.eu/esco/skill/2492becf-6769-4431-8e95-bee41b36232a,http://data.europa.eu/esco/skill/2492becf-6769-4431-8e95-bee41b36232a,IN_COLLECTION,Green,high,True
http://data.europa.eu/esco/skill/24ae68dc-59c5-4156-b25b-3070bfdaa79e,http://data.europa.eu/esco/skill/24ae68dc-59c5-4156-b25b-3070bfdaa79e,IN_COLLECTION,Green,high,True
http://data.europa.eu/esco/skill/25fb676a-cf69-487d-a9c1-273c6f291b6a,http://data.europa.eu/esco/skill/25fb676a-cf69-487d-a9c1-273c6f291b6a,IN_COLLECTION,Green,high,True
http://data.europa.eu/esco/skill/270c4de9-97f9-4a7a-95d1-63670f1ec3bc,http://data.europa.eu/esco/skill/270c4de9-97f9-4a7a-95d1-63670f1ec3bc,IN_COLLECTION,Green,high,True
http://data.europa.eu/esco/skill/27ad6528-0914-4049-87c0-2f05791d0e2e,http://data.europa.eu/esco/skill/27ad6528-0914-4049-87c0-2f05791d0e2e,IN_COLLECTION,Green,high,True
http://data.europa.eu/esco/skill/27b6623b-e09c-4112-9672-8ddb9e354b9e,http://data.europa.eu/esco/skill/27b6623b-e09c-4112-9672-8ddb9e354b9e,IN_COLLECTION,Green,high,True
http://data.europa.eu/esco/skill/2879e8f6-037a-49ed-ba73-6f7d7766223e,http://data.europa.eu/esco/skill/2879e8f6-037a-49ed-ba73-6f7d7766223e,IN_COLLECTION,Green,high,True
http://data.europa.eu/esco/skill/28ad7c97-9fb3-4b1d-846a-654e529ab8ac,http://data.europa.eu/esco/skill/28ad7c97-9fb3-4b1d-846a-654e529ab8ac,IN_COLLECTION,Green,high,True
http://data.europa.eu/esco/skill/28bc5334-5372-4bd6-8458-c2b516dd6104,http://data.europa.eu/esco/skill/28bc5334-5372-4bd6-8458-c2b516dd6104,IN_COLLECTION,Green,high,True
http://data.europa.eu/esco/skill/29bfe2cd-f011-4f94-a3aa-f77768e60460,http://data.europa.eu/esco/skill/29bfe2cd-f011-4f94-a3aa-f77768e60460,IN_COLLECTION,Green,high,True
http://data.europa.eu/esco/skill/29c60c96-d71c-4a6e-ad81-fca0a4e48925,http://data.europa.eu/esco/skill/29c60c96-d71c-4a6e-ad81-fca0a4e48925,IN_COLLECTION,Green,high,True
http://data.europa.eu/esco/skill/29f57ff2-2f7f-41e2-a1ed-30b3175c91a3,http://data.europa.eu/esco/skill/29f57ff2-2f7f-41e2-a1ed-30b3175c91a3,IN_COLLECTION,Green,high,True
http://data.europa.eu/esco/skill/2a2e85d7-75cc-40b4-8a34-82277d72eb84,http://data.europa.eu/esco/skill/2a2e85d7-75cc-40b4-8a34-82277d72eb84,IN_COLLECTION,Green,high,True
http://data.europa.eu/esco/skill/2a45f2d1-8f1a-4c62-9332-cfd3535d9d35,http://data.europa.eu/esco/skill/2a45f2d1-8f1a-4c62-9332-cfd3535d9d35,IN_COLLECTION,Green,high,True
http://data.europa.eu/esco/skill/2a58e994-74b9-4211-85ac-cfb409a9b667,http://data.europa.eu/esco/skill/2a58e994-74b9-4211-85ac-cfb409a9b667,IN_COLLECTION,Green,high,True
http://data.europa.eu/esco/skill/2a74063a-d4b1-42fb-bc90-cb8c06ff53ec,http://data.europa.eu/esco/skill/2a74063a-d4b1-42fb-bc90-cb8c06ff53ec,IN_COLLECTION,Green,high,True
http://data.europa.eu/esco/skill/2a910a87-2253-404c-b75d-05af9b3363e3,http://data.europa.eu/esco/skill/2a910a87-2253-404c-b75d-05af9b3363e3,IN_COLLECTION,Green,high,True
http://data.europa.eu/esco/skill/2a95d8f8-dcd8-4052-9805-2dd9c507d372,http://data.europa.eu/esco/skill/2a95d8f8-dcd8-4052-9805-2dd9c507d372,IN_COLLECTION,Green,high,True
http://data.europa.eu/esco/skill/2aaad52d-599e-4e77-a681-bbc236825821,http://data.europa.eu/esco/skill/2aaad52d-599e-4e77-a681-bbc236825821,IN_COLLECTION,Green,high,True
http://data.europa.eu/esco/skill/2afefe51-4dcf-4314-a014-7c0477ee7372,http://data.europa.eu/esco/skill/2afefe51-4dcf-4314-a014-7c0477ee7372,IN_COLLECTION,Green,high,True
http://data.europa.eu/esco/skill/2b281511-176e-4f7c-a581-0875d3c4cb51,http://data.europa.eu/esco/skill/2b281511-176e-4f7c-a581-0875d3c4cb51,IN_COLLECTION,Green,high,True
http://data.europa.eu/esco/skill/2b8d193d-4e87-41d0-8221-979c274b935c,http://data.europa.eu/esco/skill/2b8d193d-4e87-41d0-8221-979c274b935c,IN_COLLECTION,Green,high,True
http://data.europa.eu/esco/skill/2bc626f8-32ce-4131-9f65-c52929d55a95,http://data.europa.eu/esco/skill/2bc626f8-32ce-4131-9f65-c52929d55a95,IN_COLLECTION,Green,high,True
http://data.europa.eu/esco/skill/2bdc2f65-b42f-4963-abff-d7214ca4caae,http://data.europa.eu/esco/skill/2bdc2f65-b42f-4963-abff-d7214ca4caae,IN_COLLECTION,Green,high,True
http://data.europa.eu/esco/skill/2be2d20e-1191-4f85-8f8c-d49a60ca428a,http://data.europa.eu/esco/skill/2be2d20e-1191-4f85-8f8c-d49a60ca428a,IN_COLLECTION,Green,high,True
http://data.europa.eu/esco/skill/2c8199c8-4e40-49b3-b878-caee6e1c1bc0,http://data.europa.eu/esco/skill/2c8199c8-4e40-49b3-b878-caee6e1c1bc0,IN_COLLECTION,Green,high,True
http://data.europa.eu/esco/skill/2cb27e30-2be7-4a09-9502-fdd2102c046b,http://data.europa.eu/esco/skill/2cb27e30-2be7-4a09-9502-fdd2102c046b,IN_COLLECTION,Green,high,True
http://data.europa.eu/esco/skill/2d158a78-179e-48e3-ab6f-dd5df7aedadb,http://data.europa.eu/esco/skill/2d158a78-179e-48e3-ab6f-dd5df7aedadb,IN_COLLECTION,Green,high,True
http://data.europa.eu/esco/skill/2d73b2d4-2dfd-42e9-a9f4-106d9c58a4b9,http://data.europa.eu/esco/skill/2d73b2d4-2dfd-42e9-a9f4-106d9c58a4b9,IN_COLLECTION,Green,high,True
http://data.europa.eu/esco/skill/2dd79277-f639-463d-b74f-00b7501d742d,http://data.europa.eu/esco/skill/2dd79277-f639-463d-b74f-00b7501d742d,IN_COLLECTION,Green,high,True
http://data.europa.eu/esco/skill/2e55bf22-45f2-43f6-8aa0-28894263313d,http://data.europa.eu/esco/skill/2e55bf22-45f2-43f6-8aa0-28894263313d,IN_COLLECTION,Green,high,True
http://data.europa.eu/esco/skill/2e5d8410-00fd-4c3e-87fa-7c72c0d235ba,http://data.europa.eu/esco/skill/2e5d8410-00fd-4c3e-87fa-7c72c0d235ba,IN_COLLECTION,Green,high,True
http://data.europa.eu/esco/skill/2e77d381-df21-4f84-b3dd-6062be7ef4e1,http://data.europa.eu/esco/skill/2e77d381-df21-4f84-b3dd-6062be7ef4e1,IN_COLLECTION,Green,high,True
http://data.europa.eu/esco/skill/2eea3fd6-82ee-4334-8e36-62a0707cade1,http://data.europa.eu/esco/skill/2eea3fd6-82ee-4334-8e36-62a0707cade1,IN_COLLECTION,Green,high,True
http://data.europa.eu/esco/skill/2f05d09d-7e91-423c-9210-19da0b0e34c6,http://data.europa.eu/esco/skill/2f05d09d-7e91-423c-9210-19da0b0e34c6,IN_COLLECTION,Green,high,True
http://data.europa.eu/esco/skill/2f4cdc7e-d98d-4e6c-9811-3dc28255c7ff,http://data.europa.eu/esco/skill/2f4cdc7e-d98d-4e6c-9811-3dc28255c7ff,IN_COLLECTION,Green,high,True
http://data.europa.eu/esco/skill/303c6ab0-21c3-4b09-ac77-d405936857d9,http://data.europa.eu/esco/skill/303c6ab0-21c3-4b09-ac77-d405936857d9,IN_COLLECTION,Green,high,True
http://data.europa.eu/esco/skill/30685aeb-512f-4517-adc8-63bdc1eefb8e,http://data.europa.eu/esco/skill/30685aeb-512f-4517-adc8-63bdc1eefb8e,IN_COLLECTION,Green,high,True
http://data.europa.eu/esco/skill/306d9964-2d32-4952-927a-e836bf7041ab,http://data.europa.eu/esco/skill/306d9964-2d32-4952-927a-e836bf7041ab,IN_COLLECTION,Green,high,True
http://data.europa.eu/esco/skill/30783499-3872-4b14-9684-6217e98c6e1d,http://data.europa.eu/esco/skill/30783499-3872-4b14-9684-6217e98c6e1d,IN_COLLECTION,Green,high,True
http://data.europa.eu/esco/skill/30dce29d-0518-4f5d-aeb0-2b5b49e3afbe,http://data.europa.eu/esco/skill/30dce29d-0518-4f5d-aeb0-2b5b49e3afbe,IN_COLLECTION,Green,high,True
http://data.europa.eu/esco/skill/311832d1-1167-47c7-b613-fc64784ffeed,http://data.europa.eu/esco/skill/311832d1-1167-47c7-b613-fc64784ffeed,IN_COLLECTION,Green,high,True
http://data.europa.eu/esco/skill/31efacf9-6623-4d88-947a-34613ce3c468,http://data.europa.eu/esco/skill/31efacf9-6623-4d88-947a-34613ce3c468,IN_COLLECTION,Green,high,True
http://data.europa.eu/esco/skill/3217dc52-af06-4f59-8938-3178733128c6,http://data.europa.eu/esco/skill/3217dc52-af06-4f59-8938-3178733128c6,IN_COLLECTION,Green,high,True
http://data.europa.eu/esco/skill/32a76797-6235-4659-869f-c691ffd30463,http://data.europa.eu/esco/skill/32a76797-6235-4659-869f-c691ffd30463,IN_COLLECTION,Green,high,True
http://data.europa.eu/esco/skill/33784b61-bd86-4451-8a89-741ada5f8475,http://data.europa.eu/esco/skill/33784b61-bd86-4451-8a89-741ada5f8475,IN_COLLECTION,Green,high,True
http://data.europa.eu/esco/skill/34147067-562c-4e5f-8dec-40972ccf29b6,http://data.europa.eu/esco/skill/34147067-562c-4e5f-8dec-40972ccf29b6,IN_COLLECTION,Green,high,True
http://data.europa.eu/esco/skill/3419fac9-575d-4492-a018-edff6f4dae26,http://data.europa.eu/esco/skill/3419fac9-575d-4492-a018-edff6f4dae26,IN_COLLECTION,Green,high,True
http://data.europa.eu/esco/skill/347b6a67-59ad-4408-bb9c-cfa502867e24,http://data.europa.eu/esco/skill/347b6a67-59ad-4408-bb9c-cfa502867e24,IN_COLLECTION,Green,high,True
http://data.europa.eu/esco/skill/351cd749-498c-4ed3-9e38-58fc9bbf8f0e,http://data.europa.eu/esco/skill/351cd749-498c-4ed3-9e38-58fc9bbf8f0e,IN_COLLECTION,Green,high,True
http://data.europa.eu/esco/skill/36359101-4488-4859-83a8-9600d9faf3f2,http://data.europa.eu/esco/skill/36359101-4488-4859-83a8-9600d9faf3f2,IN_COLLECTION,Green,high,True
http://data.europa.eu/esco/skill/36f3b02f-4511-4be9-a257-94f53513aa84,http://data.europa.eu/esco/skill/36f3b02f-4511-4be9-a257-94f53513aa84,IN_COLLECTION,Green,high,True
http://data.europa.eu/esco/skill/3727f0d3-da1b-4ce3-a9cb-efe6130fe41f,http://data.europa.eu/esco/skill/3727f0d3-da1b-4ce3-a9cb-efe6130fe41f,IN_COLLECTION,Green,high,True
http://data.europa.eu/esco/skill/37ba5509-9665-4947-a5ae-f124d5769473,http://data.europa.eu/esco/skill/37ba5509-9665-4947-a5ae-f124d5769473,IN_COLLECTION,Green,high,True
http://data.europa.eu/esco/skill/389bd8c7-32c4-4a77-b07c-572fc210d247,http://data.europa.eu/esco/skill/389bd8c7-32c4-4a77-b07c-572fc210d247,IN_COLLECTION,Green,high,True
http://data.europa.eu/esco/skill/38f7be4a-f6af-4f1d-a972-8c51b27d2cea,http://data.europa.eu/esco/skill/38f7be4a-f6af-4f1d-a972-8c51b27d2cea,IN_COLLECTION,Green,high,True
http://data.europa.eu/esco/skill/3936cc7d-d045-4eb0-b951-b862a072c0a2,http://data.europa.eu/esco/skill/3936cc7d-d045-4eb0-b951-b862a072c0a2,IN_COLLECTION,Green,high,True
http://data.europa.eu/esco/skill/3955cd15-a1fa-4c16-99b4-c39cb17db21d,http://data.europa.eu/esco/skill/3955cd15-a1fa-4c16-99b4-c39cb17db21d,IN_COLLECTION,Green,high,True
http://data.europa.eu/esco/skill/395ace35-e463-4dc7-8181-c2dd43885107,http://data.europa.eu/esco/skill/395ace35-e463-4dc7-8181-c2dd43885107,IN_COLLECTION,Green,high,True
http://data.europa.eu/esco/skill/397412dc-47c4-4580-82d0-15a9f9a86ea2,http://data.europa.eu/esco/skill/397412dc-47c4-4580-82d0-15a9f9a86ea2,IN_COLLECTION,Green,high,True
http://data.europa.eu/esco/skill/3a2f0b3f-8203-466f-89f9-207316ade4da,http://data.europa.eu/esco/skill/3a2f0b3f-8203-466f-89f9-207316ade4da,IN_COLLECTION,Green,high,True
http://data.europa.eu/esco/skill/3a519990-ae6c-4c8b-a827-2bf96d949940,http://data.europa.eu/esco/skill/3a519990-ae6c-4c8b-a827-2bf96d949940,IN_COLLECTION,Green,high,True
http://data.europa.eu/esco/skill/3a560dc4-ee2e-4437-b94f-c076a2b5f25e,http://data.europa.eu/esco/skill/3a560dc4-ee2e-4437-b94f-c076a2b5f25e,IN_COLLECTION,Green,high,True
http://data.europa.eu/esco/skill/3b4f2a64-9884-4f3d-8020-44dc95919a7c,http://data.europa.eu/esco/skill/3b4f2a64-9884-4f3d-8020-44dc95919a7c,IN_COLLECTION,Green,high,True
http://data.europa.eu/esco/skill/3bf93cf6-2b6f-46ad-b0ba-3b161379bac1,http://data.europa.eu/esco/skill/3bf93cf6-2b6f-46ad-b0ba-3b161379bac1,IN_COLLECTION,Green,high,True
http://data.europa.eu/esco/skill/3c1622fc-6c95-4b51-98da-1814ebe6e889,http://data.europa.eu/esco/skill/3c1622fc-6c95-4b51-98da-1814ebe6e889,IN_COLLECTION,Green,high,True
http://data.europa.eu/esco/skill/3d69b305-4051-4c1d-ba1e-d8c5b35e22db,http://data.europa.eu/esco/skill/3d69b305-4051-4c1d-ba1e-d8c5b35e22db,IN_COLLECTION,Green,high,True
http://data.europa.eu/esco/skill/3d9873e5-7128-49d9-9048-f72b8ea4b29e,http://data.europa.eu/esco/skill/3d9873e5-7128-49d9-9048-f72b8ea4b29e,IN_COLLECTION,Green,high,True
http://data.europa.eu/esco/skill/3de6d427-546b-450b-97ba-d3d50eb274da,http://data.europa.eu/esco/skill/3de6d427-546b-450b-97ba-d3d50eb274da,IN_COLLECTION,Green,high,True
http://data.europa.eu/esco/skill/3dffcb35-26d4-4fee-8517-002f9e40508a,http://data.europa.eu/esco/skill/3dffcb35-26d4-4fee-8517-002f9e40508a,IN_COLLECTION,Green,high,True
http://data.europa.eu/esco/skill/3e25fd3e-2bcd-4320-9587-0aadf7fb93b1,http://data.europa.eu/esco/skill/3e25fd3e-2bcd-4320-9587-0aadf7fb93b1,IN_COLLECTION,Green,high,True
http://data.europa.eu/esco/skill/3e37d714-4d65-416d-a138-46f7e2a98073,http://data.europa.eu/esco/skill/3e37d714-4d65-416d-a138-46f7e2a98073,IN_COLLECTION,Green,high,True
http://data.europa.eu/esco/skill/3ecde258-d1c6-4d6a-bfa7-ec4c5e4fc700,http://data.europa.eu/esco/skill/3ecde258-d1c6-4d6a-bfa7-ec4c5e4fc700,IN_COLLECTION,Green,high,True
http://data.europa.eu/esco/skill/3edfa33c-c644-4a9a-acd1-e82039daa663,http://data.europa.eu/esco/skill/3edfa33c-c644-4a9a-acd1-e82039daa663,IN_COLLECTION,Green,high,True
http://data.europa.eu/esco/skill/3f82a026-8a37-4b54-9ebb-7702b66eeb24,http://data.europa.eu/esco/skill/3f82a026-8a37-4b54-9ebb-7702b66eeb24,IN_COLLECTION,Green,high,True
http://data.europa.eu/esco/skill/4021ae85-8f3d-44e8-ac64-eeebac97f3ce,http://data.europa.eu/esco/skill/4021ae85-8f3d-44e8-ac64-eeebac97f3ce,IN_COLLECTION,Green,high,True
http://data.europa.eu/esco/skill/407b1474-7cfb-4538-823b-7667604f0267,http://data.europa.eu/esco/skill/407b1474-7cfb-4538-823b-7667604f0267,IN_COLLECTION,Green,high,True
http://data.europa.eu/esco/skill/40f65a56-ccbe-4601-9f32-1cc6cdd24f28,http://data.europa.eu/esco/skill/40f65a56-ccbe-4601-9f32-1cc6cdd24f28,IN_COLLECTION,Green,high,True
http://data.europa.eu/esco/skill/40fa39b5-0f69-432a-b5ea-b01b5d98649a,http://data.europa.eu/esco/skill/40fa39b5-0f69-432a-b5ea-b01b5d98649a,IN_COLLECTION,Green,high,True
http://data.europa.eu/esco/skill/41168850-6e3f-4fc8-afd5-9337f0c66190,http://data.europa.eu/esco/skill/41168850-6e3f-4fc8-afd5-9337f0c66190,IN_COLLECTION,Green,high,True
http://data.europa.eu/esco/skill/41de7eb8-be07-4822-ba85-b76e9b8d6e4e,http://data.europa.eu/esco/skill/41de7eb8-be07-4822-ba85-b76e9b8d6e4e,IN_COLLECTION,Green,high,True
http://data.europa.eu/esco/skill/4300b453-9bcf-474c-9ee3-92ec2229720c,http://data.europa.eu/esco/skill/4300b453-9bcf-474c-9ee3-92ec2229720c,IN_COLLECTION,Green,high,True
http://data.europa.eu/esco/skill/442328a8-8a11-4e15-b80c-402a9bd5844d,http://data.europa.eu/esco/skill/442328a8-8a11-4e15-b80c-402a9bd5844d,IN_COLLECTION,Green,high,True
http://data.europa.eu/esco/skill/44493977-83c4-49e0-88b2-28435da57cd0,http://data.europa.eu/esco/skill/44493977-83c4-49e0-88b2-28435da57cd0,IN_COLLECTION,Green,high,True
http://data.europa.eu/esco/skill/444d3725-902f-49aa-9363-7de405bb991d,http://data.europa.eu/esco/skill/444d3725-902f-49aa-9363-7de405bb991d,IN_COLLECTION,Green,high,True
http://data.europa.eu/esco/skill/44a4f189-7414-402c-9c1d-c85743f34d0c,http://data.europa.eu/esco/skill/44a4f189-7414-402c-9c1d-c85743f34d0c,IN_COLLECTION,Green,high,True
http://data.europa.eu/esco/skill/44d5340c-45df-4478-9e55-2363342a7324,http://data.europa.eu/esco/skill/44d5340c-45df-4478-9e55-2363342a7324,IN_COLLECTION,Green,high,True
http://data.europa.eu/esco/skill/450aeb6d-5f23-4e08-b088-3bbefbfb9f2d,http://data.europa.eu/esco/skill/450aeb6d-5f23-4e08-b088-3bbefbfb9f2d,IN_COLLECTION,Green,high,True
http://data.europa.eu/esco/skill/4562497f-836c-415a-b5ce-4ec3b5766d09,http://data.europa.eu/esco/skill/4562497f-836c-415a-b5ce-4ec3b5766d09,IN_COLLECTION,Green,high,True
http://data.europa.eu/esco/skill/456f68b4-ca28-4029-a67f-7813b2c6cb4d,http://data.europa.eu/esco/skill/456f68b4-ca28-4029-a67f-7813b2c6cb4d,IN_COLLECTION,Green,high,True
http://data.europa.eu/esco/skill/458d8ab9-a385-4e78-9638-1c3f9ce3c586,http://data.europa.eu/esco/skill/458d8ab9-a385-4e78-9638-1c3f9ce3c586,IN_COLLECTION,Green,high,True
http://data.europa.eu/esco/skill/45b2a257-1c28-4c84-bc71-a4871e398c54,http://data.europa.eu/esco/skill/45b2a257-1c28-4c84-bc71-a4871e398c54,IN_COLLECTION,Green,high,True
http://data.europa.eu/esco/skill/45b79278-465a-4eed-8809-369318bab119,http://data.europa.eu/esco/skill/45b79278-465a-4eed-8809-369318bab119,IN_COLLECTION,Green,high,True
http://data.europa.eu/esco/skill/46454506-fb7c-4ad7-84e0-d4a6a5589ea1,http://data.europa.eu/esco/skill/46454506-fb7c-4ad7-84e0-d4a6a5589ea1,IN_COLLECTION,Green,high,True
http://data.europa.eu/esco/skill/467cfa0a-f6d8-4f07-a770-11d2ea3546cd,http://data.europa.eu/esco/skill/467cfa0a-f6d8-4f07-a770-11d2ea3546cd,IN_COLLECTION,Green,high,True
http://data.europa.eu/esco/skill/469e19ed-a0bd-445a-ae2d-4ba9430e296b,http://data.europa.eu/esco/skill/469e19ed-a0bd-445a-ae2d-4ba9430e296b,IN_COLLECTION,Green,high,True
http://data.europa.eu/esco/skill/47d491a9-f7c0-4b13-a10f-983d3aa0113e,http://data.europa.eu/esco/skill/47d491a9-f7c0-4b13-a10f-983d3aa0113e,IN_COLLECTION,Green,high,True
http://data.europa.eu/esco/skill/492214f5-5bfd-4f2a-9a48-c36240ce100d,http://data.europa.eu/esco/skill/492214f5-5bfd-4f2a-9a48-c36240ce100d,IN_COLLECTION,Green,high,True
http://data.europa.eu/esco/skill/49298916-2090-4b08-ac57-5cfedaa5af36,http://data.europa.eu/esco/skill/49298916-2090-4b08-ac57-5cfedaa5af36,IN_COLLECTION,Green,high,True
http://data.europa.eu/esco/skill/4aba6668-6118-4953-804b-869cef94422a,http://data.europa.eu/esco/skill/4aba6668-6118-4953-804b-869cef94422a,IN_COLLECTION,Green,high,True
http://data.europa.eu/esco/skill/4b5f0aeb-875b-4afb-befc-2465b45602d8,http://data.europa.eu/esco/skill/4b5f0aeb-875b-4afb-befc-2465b45602d8,IN_COLLECTION,Green,high,True
http://data.europa.eu/esco/skill/4c3ab565-747c-4db3-8c47-79e8d6f98cf4,http://data.europa.eu/esco/skill/4c3ab565-747c-4db3-8c47-79e8d6f98cf4,IN_COLLECTION,Green,high,True
http://data.europa.eu/esco/skill/4c4235a9-a1fb-403f-a173-37d9297c218c,http://data.europa.eu/esco/skill/4c4235a9-a1fb-403f-a173-37d9297c218c,IN_COLLECTION,Green,high,True
http://data.europa.eu/esco/skill/4c5fed97-939f-4050-adc0-7adaf15065e5,http://data.europa.eu/esco/skill/4c5fed97-939f-4050-adc0-7adaf15065e5,IN_COLLECTION,Green,high,True
http://data.europa.eu/esco/skill/4ca83b9d-afa0-49f8-b7af-e4e6a42ad299,http://data.europa.eu/esco/skill/4ca83b9d-afa0-49f8-b7af-e4e6a42ad299,IN_COLLECTION,Green,high,True
http://data.europa.eu/esco/skill/4d032f82-6279-48e6-9892-116440a071e3,http://data.europa.eu/esco/skill/4d032f82-6279-48e6-9892-116440a071e3,IN_COLLECTION,Green,high,True
http://data.europa.eu/esco/skill/4e09e2d2-e317-47d2-bf5e-1d6c66be3efc,http://data.europa.eu/esco/skill/4e09e2d2-e317-47d2-bf5e-1d6c66be3efc,IN_COLLECTION,Green,high,True
http://data.europa.eu/esco/skill/4e0a7f6e-b546-4cc6-9f8b-53e4fa31a426,http://data.europa.eu/esco/skill/4e0a7f6e-b546-4cc6-9f8b-53e4fa31a426,IN_COLLECTION,Green,high,True
http://data.europa.eu/esco/skill/4e0ba879-1cf3-4260-822b-2c2e3cc5e269,http://data.europa.eu/esco/skill/4e0ba879-1cf3-4260-822b-2c2e3cc5e269,IN_COLLECTION,Green,high,True
http://data.europa.eu/esco/skill/4e6cfb60-9579-4822-8a5e-424bc0c8835c,http://data.europa.eu/esco/skill/4e6cfb60-9579-4822-8a5e-424bc0c8835c,IN_COLLECTION,Green,high,True
http://data.europa.eu/esco/skill/4e87c852-602a-4a0e-b8d8-20709ce14ac5,http://data.europa.eu/esco/skill/4e87c852-602a-4a0e-b8d8-20709ce14ac5,IN_COLLECTION,Green,high,True
http://data.europa.eu/esco/skill/4ee4ed1d-dc38-48e0-a9e6-a6b64f316ea6,http://data.europa.eu/esco/skill/4ee4ed1d-dc38-48e0-a9e6-a6b64f316ea6,IN_COLLECTION,Green,high,True
http://data.europa.eu/esco/skill/4efb00d2-e8b3-4d13-8ab7-70bc7a0a8af9,http://data.europa.eu/esco/skill/4efb00d2-e8b3-4d13-8ab7-70bc7a0a8af9,IN_COLLECTION,Green,high,True
http://data.europa.eu/esco/skill/4f21fbb3-5b34-42b3-a6aa-46c24f1a2a83,http://data.europa.eu/esco/skill/4f21fbb3-5b34-42b3-a6aa-46c24f1a2a83,IN_COLLECTION,Green,high,True
http://data.europa.eu/esco/skill/4f499e02-2983-40c5-a493-c720e6b03b23,http://data.europa.eu/esco/skill/4f499e02-2983-40c5-a493-c720e6b03b23,IN_COLLECTION,Green,high,True
http://data.europa.eu/esco/skill/4fb7f781-9362-426a-9eb6-65c360f83e31,http://data.europa.eu/esco/skill/4fb7f781-9362-426a-9eb6-65c360f83e31,IN_COLLECTION,Green,high,True
http://data.europa.eu/esco/skill/4fdcf911-b738-4cf4-80ab-aa5a14d22f73,http://data.europa.eu/esco/skill/4fdcf911-b738-4cf4-80ab-aa5a14d22f73,IN_COLLECTION,Green,high,True
http://data.europa.eu/esco/skill/507e2b21-1285-47e9-bf09-0db794df1bf0,http://data.europa.eu/esco/skill/507e2b21-1285-47e9-bf09-0db794df1bf0,IN_COLLECTION,Green,high,True
http://data.europa.eu/esco/skill/509ff122-3546-40a7-ae02-3ee7395b3a76,http://data.europa.eu/esco/skill/509ff122-3546-40a7-ae02-3ee7395b3a76,IN_COLLECTION,Green,high,True
http://data.europa.eu/esco/skill/50ac5186-bb18-4ffb-9f29-00636853c8ea,http://data.europa.eu/esco/skill/50ac5186-bb18-4ffb-9f29-00636853c8ea,IN_COLLECTION,Green,high,True
http://data.europa.eu/esco/skill/50b7b13a-4e58-43b8-b7c4-edbd09145798,http://data.europa.eu/esco/skill/50b7b13a-4e58-43b8-b7c4-edbd09145798,IN_COLLECTION,Green,high,True
http://data.europa.eu/esco/skill/50e6eba0-4440-4ba5-bb58-3ee78a96e29b,http://data.europa.eu/esco/skill/50e6eba0-4440-4ba5-bb58-3ee78a96e29b,IN_COLLECTION,Green,high,True
http://data.europa.eu/esco/skill/51399b1c-15d6-4e4c-8673-30c25a094fce,http://data.europa.eu/esco/skill/51399b1c-15d6-4e4c-8673-30c25a094fce,IN_COLLECTION,Green,high,True
http://data.europa.eu/esco/skill/5195eebc-f400-467c-97a3-6f9fbf136169,http://data.europa.eu/esco/skill/5195eebc-f400-467c-97a3-6f9fbf136169,IN_COLLECTION,Green,high,True
http://data.europa.eu/esco/skill/519e5731-4d6c-4f98-938e-0976a202c6ba,http://data.europa.eu/esco/skill/519e5731-4d6c-4f98-938e-0976a202c6ba,IN_COLLECTION,Green,high,True
http://data.europa.eu/esco/skill/5206a9b8-8337-4f0b-ae00-163a2f55d8cf,http://data.europa.eu/esco/skill/5206a9b8-8337-4f0b-ae00-163a2f55d8cf,IN_COLLECTION,Green,high,True
http://data.europa.eu/esco/skill/52242966-692f-4a4f-8279-cadbc7874183,http://data.europa.eu/esco/skill/52242966-692f-4a4f-8279-cadbc7874183,IN_COLLECTION,Green,high,True
http://data.europa.eu/esco/skill/5354a726-ee64-4f34-90f8-8436f9f374b8,http://data.europa.eu/esco/skill/5354a726-ee64-4f34-90f8-8436f9f374b8,IN_COLLECTION,Green,high,True
http://data.europa.eu/esco/skill/5368a46a-54b5-4874-a06f-964d557c1cfb,http://data.europa.eu/esco/skill/5368a46a-54b5-4874-a06f-964d557c1cfb,IN_COLLECTION,Green,high,True
http://data.europa.eu/esco/skill/538f8bc6-a5bf-422b-8112-5ad3fe9de9a0,http://data.europa.eu/esco/skill/538f8bc6-a5bf-422b-8112-5ad3fe9de9a0,IN_COLLECTION,Green,high,True
http://data.europa.eu/esco/skill/53af2b85-fac4-4c3f-afe2-44aa4a545ff3,http://data.europa.eu/esco/skill/53af2b85-fac4-4c3f-afe2-44aa4a545ff3,IN_COLLECTION,Green,high,True
http://data.europa.eu/esco/skill/53d89f4e-c819-490d-ad32-fed731f32639,http://data.europa.eu/esco/skill/53d89f4e-c819-490d-ad32-fed731f32639,IN_COLLECTION,Green,high,True
http://data.europa.eu/esco/skill/5483c363-e942-4787-8686-0f29c593357f,http://data.europa.eu/esco/skill/5483c363-e942-4787-8686-0f29c593357f,IN_COLLECTION,Green,high,True
http://data.europa.eu/esco/skill/54c8490d-067a-40f1-96ca-4960a30d6eb5,http://data.europa.eu/esco/skill/54c8490d-067a-40f1-96ca-4960a30d6eb5,IN_COLLECTION,Green,high,True
http://data.europa.eu/esco/skill/550ed2f5-be07-4fee-9dbc-0299209a933a,http://data.europa.eu/esco/skill/550ed2f5-be07-4fee-9dbc-0299209a933a,IN_COLLECTION,Green,high,True
http://data.europa.eu/esco/skill/55116536-a3e0-4c32-818d-cc567fd3023e,http://data.europa.eu/esco/skill/55116536-a3e0-4c32-818d-cc567fd3023e,IN_COLLECTION,Green,high,True
http://data.europa.eu/esco/skill/55a4ae74-45e3-4f5c-8646-17149edfbddb,http://data.europa.eu/esco/skill/55a4ae74-45e3-4f5c-8646-17149edfbddb,IN_COLLECTION,Green,high,True
http://data.europa.eu/esco/skill/5641a2af-9eb2-4209-9fc6-856f78f2d2f2,http://data.europa.eu/esco/skill/5641a2af-9eb2-4209-9fc6-856f78f2d2f2,IN_COLLECTION,Green,high,True
http://data.europa.eu/esco/skill/564e86a6-0916-44e6-b3d6-d99bc0c1f194,http://data.europa.eu/esco/skill/564e86a6-0916-44e6-b3d6-d99bc0c1f194,IN_COLLECTION,Green,high,True
http://data.europa.eu/esco/skill/585593ef-d0a3-47a2-82da-14f26d75d83e,http://data.europa.eu/esco/skill/585593ef-d0a3-47a2-82da-14f26d75d83e,IN_COLLECTION,Green,high,True
http://data.europa.eu/esco/skill/589f0d24-0846-4971-bc6c-a42bb274f69a,http://data.europa.eu/esco/skill/589f0d24-0846-4971-bc6c-a42bb274f69a,IN_COLLECTION,Green,high,True
http://data.europa.eu/esco/skill/58c089ab-338b-4e4c-8117-7c1fcc89af69,http://data.europa.eu/esco/skill/58c089ab-338b-4e4c-8117-7c1fcc89af69,IN_COLLECTION,Green,high,True
http://data.europa.eu/esco/skill/59004ee8-3975-4877-bf82-ff0b8070ef28,http://data.europa.eu/esco/skill/59004ee8-3975-4877-bf82-ff0b8070ef28,IN_COLLECTION,Green,high,True
http://data.europa.eu/esco/skill/5944cee9-763e-4b08-99e4-f514bdde14a6,http://data.europa.eu/esco/skill/5944cee9-763e-4b08-99e4-f514bdde14a6,IN_COLLECTION,Green,high,True
http://data.europa.eu/esco/skill/59998878-fa14-458a-9085-06b45e89df1b,http://data.europa.eu/esco/skill/59998878-fa14-458a-9085-06b45e89df1b,IN_COLLECTION,Green,high,True
http://data.europa.eu/esco/skill/5aec5b83-df71-483e-90b9-21e56a0a3cb2,http://data.europa.eu/esco/skill/5aec5b83-df71-483e-90b9-21e56a0a3cb2,IN_COLLECTION,Green,high,True
http://data.europa.eu/esco/skill/5b91b6d4-345e-4195-a078-218514871e7b,http://data.europa.eu/esco/skill/5b91b6d4-345e-4195-a078-218514871e7b,IN_COLLECTION,Green,high,True
http://data.europa.eu/esco/skill/5be72e00-e506-45ca-a251-b59500d7fca7,http://data.europa.eu/esco/skill/5be72e00-e506-45ca-a251-b59500d7fca7,IN_COLLECTION,Green,high,True
http://data.europa.eu/esco/skill/5bf756dd-a54a-47cd-80fe-3418fedd1c51,http://data.europa.eu/esco/skill/5bf756dd-a54a-47cd-80fe-3418fedd1c51,IN_COLLECTION,Green,high,True
http://data.europa.eu/esco/skill/5bf97b49-74b4-4d4d-9d07-5b51ab1cd704,http://data.europa.eu/esco/skill/5bf97b49-74b4-4d4d-9d07-5b51ab1cd704,IN_COLLECTION,Green,high,True
http://data.europa.eu/esco/skill/5cddc62d-3958-4390-b17e-0aecb5848c40,http://data.europa.eu/esco/skill/5cddc62d-3958-4390-b17e-0aecb5848c40,IN_COLLECTION,Green,high,True
http://data.europa.eu/esco/skill/5def6d00-daed-4d21-af9e-47938cf1877f,http://data.europa.eu/esco/skill/5def6d00-daed-4d21-af9e-47938cf1877f,IN_COLLECTION,Green,high,True
http://data.europa.eu/esco/skill/5dfd1b83-8b77-444b-94cd-72f8e13472fa,http://data.europa.eu/esco/skill/5dfd1b83-8b77-444b-94cd-72f8e13472fa,IN_COLLECTION,Green,high,True
http://data.europa.eu/esco/skill/5e641832-dafe-46fa-8e0a-b29b223f985a,http://data.europa.eu/esco/skill/5e641832-dafe-46fa-8e0a-b29b223f985a,IN_COLLECTION,Green,high,True
http://data.europa.eu/esco/skill/5efdcf3b-9c19-4b1c-ac41-7347493da37d,http://data.europa.eu/esco/skill/5efdcf3b-9c19-4b1c-ac41-7347493da37d,IN_COLLECTION,Green,high,True
http://data.europa.eu/esco/skill/5f1f365c-ad8c-4291-9ba5-79e2132a334d,http://data.europa.eu/esco/skill/5f1f365c-ad8c-4291-9ba5-79e2132a334d,IN_COLLECTION,Green,high,True
http://data.europa.eu/esco/skill/60032986-43ac-4c26-a830-c825f3fa205a,http://data.europa.eu/esco/skill/60032986-43ac-4c26-a830-c825f3fa205a,IN_COLLECTION,Green,high,True
http://data.europa.eu/esco/skill/60097ab6-722e-4a22-9f3e-40aecb24daef,http://data.europa.eu/esco/skill/60097ab6-722e-4a22-9f3e-40aecb24daef,IN_COLLECTION,Green,high,True
http://data.europa.eu/esco/skill/6044d62b-7499-4c5d-81ae-2fea443013b2,http://data.europa.eu/esco/skill/6044d62b-7499-4c5d-81ae-2fea443013b2,IN_COLLECTION,Green,high,True
http://data.europa.eu/esco/skill/609d6bb4-db16-4578-87fc-57b11a701cc2,http://data.europa.eu/esco/skill/609d6bb4-db16-4578-87fc-57b11a701cc2,IN_COLLECTION,Green,high,True
http://data.europa.eu/esco/skill/60ab2bf7-c812-4a88-86c0-7c81a9b2f77c,http://data.europa.eu/esco/skill/60ab2bf7-c812-4a88-86c0-7c81a9b2f77c,IN_COLLECTION,Green,high,True
http://data.europa.eu/esco/skill/60c4cdfa-1aa3-452d-a989-10fd61706911,http://data.europa.eu/esco/skill/60c4cdfa-1aa3-452d-a989-10fd61706911,IN_COLLECTION,Green,high,True
http://data.europa.eu/esco/skill/610ccf09-e9f2-4268-bb93-442dde5bf26e,http://data.europa.eu/esco/skill/610ccf09-e9f2-4268-bb93-442dde5bf26e,IN_COLLECTION,Green,high,True
http://data.europa.eu/esco/skill/62685d7a-a8be-4070-89e9-8699ad1201b6,http://data.europa.eu/esco/skill/62685d7a-a8be-4070-89e9-8699ad1201b6,IN_COLLECTION,Green,high,True
http://data.europa.eu/esco/skill/6385444a-2e10-41c9-9a65-88455655543d,http://data.europa.eu/esco/skill/6385444a-2e10-41c9-9a65-88455655543d,IN_COLLECTION,Green,high,True
http://data.europa.eu/esco/skill/63e92f65-e70d-421e-94ac-40f944966161,http://data.europa.eu/esco/skill/63e92f65-e70d-421e-94ac-40f944966161,IN_COLLECTION,Green,high,True
http://data.europa.eu/esco/skill/63eee3cc-9864-485e-bb95-5daa145d0c78,http://data.europa.eu/esco/skill/63eee3cc-9864-485e-bb95-5daa145d0c78,IN_COLLECTION,Green,high,True
http://data.europa.eu/esco/skill/63f9a5bc-f070-46a6-bea7-c6b9e9dbacc3,http://data.europa.eu/esco/skill/63f9a5bc-f070-46a6-bea7-c6b9e9dbacc3,IN_COLLECTION,Green,high,True
http://data.europa.eu/esco/skill/64091c5d-a448-4f01-8a80-058ff91483ab,http://data.europa.eu/esco/skill/64091c5d-a448-4f01-8a80-058ff91483ab,IN_COLLECTION,Green,high,True
http://data.europa.eu/esco/skill/6444575a-b656-4de3-abd3-e89118b36b34,http://data.europa.eu/esco/skill/6444575a-b656-4de3-abd3-e89118b36b34,IN_COLLECTION,Green,high,True
http://data.europa.eu/esco/skill/6561f116-70de-47d8-80b8-f0e2a1d2cf11,http://data.europa.eu/esco/skill/6561f116-70de-47d8-80b8-f0e2a1d2cf11,IN_COLLECTION,Green,high,True
http://data.europa.eu/esco/skill/66db424f-2abe-420d-8e5b-186607266b61,http://data.europa.eu/esco/skill/66db424f-2abe-420d-8e5b-186607266b61,IN_COLLECTION,Green,high,True
http://data.europa.eu/esco/skill/66dbdb89-74ca-45b7-b8af-2479fc0e22c0,http://data.europa.eu/esco/skill/66dbdb89-74ca-45b7-b8af-2479fc0e22c0,IN_COLLECTION,Green,high,True
http://data.europa.eu/esco/skill/670ebf56-761c-4d3d-865a-db14085b77f7,http://data.europa.eu/esco/skill/670ebf56-761c-4d3d-865a-db14085b77f7,IN_COLLECTION,Green,high,True
http://data.europa.eu/esco/skill/6742977a-aa00-4c8c-9861-898b0373907e,http://data.europa.eu/esco/skill/6742977a-aa00-4c8c-9861-898b0373907e,IN_COLLECTION,Green,high,True
http://data.europa.eu/esco/skill/6825a7dd-c2da-40fa-b745-508ff20ee293,http://data.europa.eu/esco/skill/6825a7dd-c2da-40fa-b745-508ff20ee293,IN_COLLECTION,Green,high,True
http://data.europa.eu/esco/skill/6853886b-ebc5-4b91-98af-9a4ecca803bd,http://data.europa.eu/esco/skill/6853886b-ebc5-4b91-98af-9a4ecca803bd,IN_COLLECTION,Green,high,True
http://data.europa.eu/esco/skill/691c7db6-bad8-4a09-a3c4-4bf799375a35,http://data.europa.eu/esco/skill/691c7db6-bad8-4a09-a3c4-4bf799375a35,IN_COLLECTION,Green,high,True
http://data.europa.eu/esco/skill/6937f761-607c-4f9f-ab56-549e875a5deb,http://data.europa.eu/esco/skill/6937f761-607c-4f9f-ab56-549e875a5deb,IN_COLLECTION,Green,high,True
http://data.europa.eu/esco/skill/6962058d-9808-4820-a6bc-d7cabce60cde,http://data.europa.eu/esco/skill/6962058d-9808-4820-a6bc-d7cabce60cde,IN_COLLECTION,Green,high,True
http://data.europa.eu/esco/skill/6af000e5-a451-4f78-9feb-723971f2ad05,http://data.europa.eu/esco/skill/6af000e5-a451-4f78-9feb-723971f2ad05,IN_COLLECTION,Green,high,True
http://data.europa.eu/esco/skill/6b41fcd8-85eb-4b27-b409-05ffcc663a3d,http://data.europa.eu/esco/skill/6b41fcd8-85eb-4b27-b409-05ffcc663a3d,IN_COLLECTION,Green,high,True
http://data.europa.eu/esco/skill/6b5d032a-b85a-44ea-9dad-5201048d2dd2,http://data.europa.eu/esco/skill/6b5d032a-b85a-44ea-9dad-5201048d2dd2,IN_COLLECTION,Green,high,True
http://data.europa.eu/esco/skill/6c1143b7-1a4c-49ba-849a-ae328673e566,http://data.europa.eu/esco/skill/6c1143b7-1a4c-49ba-849a-ae328673e566,IN_COLLECTION,Green,high,True
http://data.europa.eu/esco/skill/6c2182f9-9068-42e8-8855-31252d62fbb0,http://data.europa.eu/esco/skill/6c2182f9-9068-42e8-8855-31252d62fbb0,IN_COLLECTION,Green,high,True
http://data.europa.eu/esco/skill/6c6daac0-80f5-431f-a33f-c5b722094657,http://data.europa.eu/esco/skill/6c6daac0-80f5-431f-a33f-c5b722094657,IN_COLLECTION,Green,high,True
http://data.europa.eu/esco/skill/6d355a4e-d9b6-4a24-a79b-30176e15589e,http://data.europa.eu/esco/skill/6d355a4e-d9b6-4a24-a79b-30176e15589e,IN_COLLECTION,Green,high,True
http://data.europa.eu/esco/skill/6d53015b-6867-408f-8f3a-4eb9d5dae101,http://data.europa.eu/esco/skill/6d53015b-6867-408f-8f3a-4eb9d5dae101,IN_COLLECTION,Green,high,True
http://data.europa.eu/esco/skill/6e19c179-3b5f-4c43-b6f5-16ce05b5e548,http://data.europa.eu/esco/skill/6e19c179-3b5f-4c43-b6f5-16ce05b5e548,IN_COLLECTION,Green,high,True
http://data.europa.eu/esco/skill/6e84c2b5-935a-4958-a410-da42efaf7c27,http://data.europa.eu/esco/skill/6e84c2b5-935a-4958-a410-da42efaf7c27,IN_COLLECTION,Green,high,True
http://data.europa.eu/esco/skill/6f30181d-65b5-4527-b36e-a686d47fed84,http://data.europa.eu/esco/skill/6f30181d-65b5-4527-b36e-a686d47fed84,IN_COLLECTION,Green,high,True
http://data.europa.eu/esco/skill/6f5850ea-5785-4e2c-b062-743066fd5bdb,http://data.europa.eu/esco/skill/6f5850ea-5785-4e2c-b062-743066fd5bdb,IN_COLLECTION,Green,high,True
http://data.europa.eu/esco/skill/6f900dcb-c7ff-4d97-8015-9c45b99f7097,http://data.europa.eu/esco/skill/6f900dcb-c7ff-4d97-8015-9c45b99f7097,IN_COLLECTION,Green,high,True
http://data.europa.eu/esco/skill/6fcf2fc7-7b74-42e5-845f-f5854fd44f37,http://data.europa.eu/esco/skill/6fcf2fc7-7b74-42e5-845f-f5854fd44f37,IN_COLLECTION,Green,high,True
http://data.europa.eu/esco/skill/705f5906-9b08-4562-9544-46f6ab944a7e,http://data.europa.eu/esco/skill/705f5906-9b08-4562-9544-46f6ab944a7e,IN_COLLECTION,Green,high,True
http://data.europa.eu/esco/skill/709ba9cf-ad8c-41d8-b09f-3de1ca0692ee,http://data.europa.eu/esco/skill/709ba9cf-ad8c-41d8-b09f-3de1ca0692ee,IN_COLLECTION,Green,high,True
http://data.europa.eu/esco/skill/7109d172-c370-47fe-ac81-8fe93550a9e3,http://data.europa.eu/esco/skill/7109d172-c370-47fe-ac81-8fe93550a9e3,IN_COLLECTION,Green,high,True
http://data.europa.eu/esco/skill/722058b4-2b90-453c-8ba1-88f74e8fb645,http://data.europa.eu/esco/skill/722058b4-2b90-453c-8ba1-88f74e8fb645,IN_COLLECTION,Green,high,True
http://data.europa.eu/esco/skill/72627d40-488a-4ef5-9c72-3c048361102c,http://data.europa.eu/esco/skill/72627d40-488a-4ef5-9c72-3c048361102c,IN_COLLECTION,Green,high,True
http://data.europa.eu/esco/skill/72886bc5-eeb0-42d5-9b01-f83b4cf138b4,http://data.europa.eu/esco/skill/72886bc5-eeb0-42d5-9b01-f83b4cf138b4,IN_COLLECTION,Green,high,True
http://data.europa.eu/esco/skill/73576419-31c2-4e45-8e30-ab1afec3db4e,http://data.europa.eu/esco/skill/73576419-31c2-4e45-8e30-ab1afec3db4e,IN_COLLECTION,Green,high,True
http://data.europa.eu/esco/skill/73997f48-cd9d-4724-872d-86ecbb2ed9a2,http://data.europa.eu/esco/skill/73997f48-cd9d-4724-872d-86ecbb2ed9a2,IN_COLLECTION,Green,high,True
http://data.europa.eu/esco/skill/73a9561d-112c-4d8a-9d5f-b2c11c5bbd5f,http://data.europa.eu/esco/skill/73a9561d-112c-4d8a-9d5f-b2c11c5bbd5f,IN_COLLECTION,Green,high,True
http://data.europa.eu/esco/skill/73cc1ce2-4ada-4ae1-9f8e-d7efadcd52f6,http://data.europa.eu/esco/skill/73cc1ce2-4ada-4ae1-9f8e-d7efadcd52f6,IN_COLLECTION,Green,high,True
http://data.europa.eu/esco/skill/7493634f-30ea-4f2f-8fd4-c78b4a309bf7,http://data.europa.eu/esco/skill/7493634f-30ea-4f2f-8fd4-c78b4a309bf7,IN_COLLECTION,Green,high,True
http://data.europa.eu/esco/skill/75f312e1-622b-4751-8d93-815b32feaf8d,http://data.europa.eu/esco/skill/75f312e1-622b-4751-8d93-815b32feaf8d,IN_COLLECTION,Green,high,True
http://data.europa.eu/esco/skill/7608e884-6f73-4205-a02a-ea7062a2337e,http://data.europa.eu/esco/skill/7608e884-6f73-4205-a02a-ea7062a2337e,IN_COLLECTION,Green,high,True
http://data.europa.eu/esco/skill/761de590-ca64-423f-a5a7-8639abd8c615,http://data.europa.eu/esco/skill/761de590-ca64-423f-a5a7-8639abd8c615,IN_COLLECTION,Green,high,True
http://data.europa.eu/esco/skill/761e1acc-d38b-4524-9890-6a119fb7e98c,http://data.europa.eu/esco/skill/761e1acc-d38b-4524-9890-6a119fb7e98c,IN_COLLECTION,Green,high,True
http://data.europa.eu/esco/skill/76f552ef-bb2d-4f66-83a8-ad205086967e,http://data.europa.eu/esco/skill/76f552ef-bb2d-4f66-83a8-ad205086967e,IN_COLLECTION,Green,high,True
http://data.europa.eu/esco/skill/77390acd-7cf6-4cb2-895a-16bc6b6d2058,http://data.europa.eu/esco/skill/77390acd-7cf6-4cb2-895a-16bc6b6d2058,IN_COLLECTION,Green,high,True
http://data.europa.eu/esco/skill/77f109c4-3107-4d2a-a512-5160ac103933,http://data.europa.eu/esco/skill/77f109c4-3107-4d2a-a512-5160ac103933,IN_COLLECTION,Green,high,True
http://data.europa.eu/esco/skill/7808ccb8-9797-4864-80e3-37119ca32b30,http://data.europa.eu/esco/skill/7808ccb8-9797-4864-80e3-37119ca32b30,IN_COLLECTION,Green,high,True
http://data.europa.eu/esco/skill/7832b684-580c-4eaf-a8b3-322164b041ab,http://data.europa.eu/esco/skill/7832b684-580c-4eaf-a8b3-322164b041ab,IN_COLLECTION,Green,high,True
http://data.europa.eu/esco/skill/79a5bc25-5b59-47bc-a4c2-fb8e8cb1ddf6,http://data.europa.eu/esco/skill/79a5bc25-5b59-47bc-a4c2-fb8e8cb1ddf6,IN_COLLECTION,Green,high,True
http://data.europa.eu/esco/skill/7ac88283-80aa-4a1f-93f8-213cd2a469cb,http://data.europa.eu/esco/skill/7ac88283-80aa-4a1f-93f8-213cd2a469cb,IN_COLLECTION,Green,high,True
http://data.europa.eu/esco/skill/7afd29d7-9c9f-4151-83f2-562b8c94a3af,http://data.europa.eu/esco/skill/7afd29d7-9c9f-4151-83f2-562b8c94a3af,IN_COLLECTION,Green,high,True
http://data.europa.eu/esco/skill/7b3717e4-e963-44e0-b94f-1088a7242da0,http://data.europa.eu/esco/skill/7b3717e4-e963-44e0-b94f-1088a7242da0,IN_COLLECTION,Green,high,True
http://data.europa.eu/esco/skill/7c2c81fe-b5f5-4691-a58d-7fd0a8b6c0e1,http://data.europa.eu/esco/skill/7c2c81fe-b5f5-4691-a58d-7fd0a8b6c0e1,IN_COLLECTION,Green,high,True
http://data.europa.eu/esco/skill/7cefbd03-d544-4184-a9b4-caa1eea2a646,http://data.europa.eu/esco/skill/7cefbd03-d544-4184-a9b4-caa1eea2a646,IN_COLLECTION,Green,high,True
http://data.europa.eu/esco/skill/7d70ed20-1c29-4ce3-bda5-9ba6c957a2d2,http://data.europa.eu/esco/skill/7d70ed20-1c29-4ce3-bda5-9ba6c957a2d2,IN_COLLECTION,Green,high,True
http://data.europa.eu/esco/skill/7f321b88-3d16-4e30-8163-5494ca8ce978,http://data.europa.eu/esco/skill/7f321b88-3d16-4e30-8163-5494ca8ce978,IN_COLLECTION,Green,high,True
http://data.europa.eu/esco/skill/7f4d1dee-bc5a-495a-926b-17b383b8d8fd,http://data.europa.eu/esco/skill/7f4d1dee-bc5a-495a-926b-17b383b8d8fd,IN_COLLECTION,Green,high,True
http://data.europa.eu/esco/skill/7feca0cc-f0b3-470d-ba03-48c0f7cff286,http://data.europa.eu/esco/skill/7feca0cc-f0b3-470d-ba03-48c0f7cff286,IN_COLLECTION,Green,high,True
http://data.europa.eu/esco/skill/7ff9cce1-6518-48db-8f59-2beb81508fb2,http://data.europa.eu/esco/skill/7ff9cce1-6518-48db-8f59-2beb81508fb2,IN_COLLECTION,Green,high,True
http://data.europa.eu/esco/skill/8034a1ea-5ee0-4a84-8fd3-16411c8d86fb,http://data.europa.eu/esco/skill/8034a1ea-5ee0-4a84-8fd3-16411c8d86fb,IN_COLLECTION,Green,high,True
http://data.europa.eu/esco/skill/81af8698-9873-4b3d-b6d2-8eb275bf170b,http://data.europa.eu/esco/skill/81af8698-9873-4b3d-b6d2-8eb275bf170b,IN_COLLECTION,Green,high,True
http://data.europa.eu/esco/skill/82423b5c-486f-42e7-b00e-7358757a8de5,http://data.europa.eu/esco/skill/82423b5c-486f-42e7-b00e-7358757a8de5,IN_COLLECTION,Green,high,True
http://data.europa.eu/esco/skill/8248a071-5307-4a64-a62d-643a35ec31e2,http://data.europa.eu/esco/skill/8248a071-5307-4a64-a62d-643a35ec31e2,IN_COLLECTION,Green,high,True
http://data.europa.eu/esco/skill/824fc4ec-4217-46c5-8a5c-f752bb0d2d73,http://data.europa.eu/esco/skill/824fc4ec-4217-46c5-8a5c-f752bb0d2d73,IN_COLLECTION,Green,high,True
http://data.europa.eu/esco/skill/829d1376-41bf-4c41-9bc3-62dce647677c,http://data.europa.eu/esco/skill/829d1376-41bf-4c41-9bc3-62dce647677c,IN_COLLECTION,Green,high,True
http://data.europa.eu/esco/skill/82fea746-853f-4f1b-8ab7-55de8619cccd,http://data.europa.eu/esco/skill/82fea746-853f-4f1b-8ab7-55de8619cccd,IN_COLLECTION,Green,high,True
http://data.europa.eu/esco/skill/8318ca1f-117e-4a21-a07a-5d7515a21035,http://data.europa.eu/esco/skill/8318ca1f-117e-4a21-a07a-5d7515a21035,IN_COLLECTION,Green,high,True
http://data.europa.eu/esco/skill/83331548-2159-4b87-9177-c3cb29978540,http://data.europa.eu/esco/skill/83331548-2159-4b87-9177-c3cb29978540,IN_COLLECTION,Green,high,True
http://data.europa.eu/esco/skill/83fc0b2b-6cd2-46af-b1ff-d3fc83604c26,http://data.europa.eu/esco/skill/83fc0b2b-6cd2-46af-b1ff-d3fc83604c26,IN_COLLECTION,Green,high,True
http://data.europa.eu/esco/skill/8550a96d-3970-46e1-83e1-371c59473ec4,http://data.europa.eu/esco/skill/8550a96d-3970-46e1-83e1-371c59473ec4,IN_COLLECTION,Green,high,True
http://data.europa.eu/esco/skill/8570573a-937b-406a-b4b2-1def0387d0d1,http://data.europa.eu/esco/skill/8570573a-937b-406a-b4b2-1def0387d0d1,IN_COLLECTION,Green,high,True
http://data.europa.eu/esco/skill/85947873-e99a-4b08-a4e3-743942710fea,http://data.europa.eu/esco/skill/85947873-e99a-4b08-a4e3-743942710fea,IN_COLLECTION,Green,high,True
http://data.europa.eu/esco/skill/85f73cdf-fb6f-434d-8fff-fcd723834a90,http://data.europa.eu/esco/skill/85f73cdf-fb6f-434d-8fff-fcd723834a90,IN_COLLECTION,Green,high,True
http://data.europa.eu/esco/skill/8604cb5f-9e1f-427c-ba23-3c4a6853fe95,http://data.europa.eu/esco/skill/8604cb5f-9e1f-427c-ba23-3c4a6853fe95,IN_COLLECTION,Green,high,True
http://data.europa.eu/esco/skill/8614b988-b907-473e-a701-47b525959dc8,http://data.europa.eu/esco/skill/8614b988-b907-473e-a701-47b525959dc8,IN_COLLECTION,Green,high,True
http://data.europa.eu/esco/skill/862920c8-f2d0-4058-8fb8-9f06fbfc2446,http://data.europa.eu/esco/skill/862920c8-f2d0-4058-8fb8-9f06fbfc2446,IN_COLLECTION,Green,high,True
http://data.europa.eu/esco/skill/86df7af2-f9f3-4c06-a500-7f1fba9e78fe,http://data.europa.eu/esco/skill/86df7af2-f9f3-4c06-a500-7f1fba9e78fe,IN_COLLECTION,Green,high,True
http://data.europa.eu/esco/skill/86f0bb12-6491-4be7-8306-c88900e91a63,http://data.europa.eu/esco/skill/86f0bb12-6491-4be7-8306-c88900e91a63,IN_COLLECTION,Green,high,True
http://data.europa.eu/esco/skill/87af00b5-30fa-41c8-bfa5-357f22c8d589,http://data.europa.eu/esco/skill/87af00b5-30fa-41c8-bfa5-357f22c8d589,IN_COLLECTION,Green,high,True
http://data.europa.eu/esco/skill/885808f7-f42b-406e-95f2-28efcd45ddda,http://data.europa.eu/esco/skill/885808f7-f42b-406e-95f2-28efcd45ddda,IN_COLLECTION,Green,high,True
http://data.europa.eu/esco/skill/88de7361-2054-4402-8e1a-a6feb61d8ba9,http://data.europa.eu/esco/skill/88de7361-2054-4402-8e1a-a6feb61d8ba9,IN_COLLECTION,Green,high,True
http://data.europa.eu/esco/skill/89a94a26-29d4-4cd7-9e9d-faebc300c1b1,http://data.europa.eu/esco/skill/89a94a26-29d4-4cd7-9e9d-faebc300c1b1,IN_COLLECTION,Green,high,True
http://data.europa.eu/esco/skill/89f5fa96-ae45-4906-902c-d50ca51009c6,http://data.europa.eu/esco/skill/89f5fa96-ae45-4906-902c-d50ca51009c6,IN_COLLECTION,Green,high,True
http://data.europa.eu/esco/skill/8a5d67b6-4abf-4fae-bedf-78c8882d7d47,http://data.europa.eu/esco/skill/8a5d67b6-4abf-4fae-bedf-78c8882d7d47,IN_COLLECTION,Green,high,True
http://data.europa.eu/esco/skill/8abdc43c-2bfd-417c-97c2-27fcdaf53171,http://data.europa.eu/esco/skill/8abdc43c-2bfd-417c-97c2-27fcdaf53171,IN_COLLECTION,Green,high,True
http://data.europa.eu/esco/skill/8bcf4ef0-edda-4f6a-a1ce-7defb1d324d6,http://data.europa.eu/esco/skill/8bcf4ef0-edda-4f6a-a1ce-7defb1d324d6,IN_COLLECTION,Green,high,True
http://data.europa.eu/esco/skill/8bdd25f8-4b6e-40fe-a2cf-c1badc594114,http://data.europa.eu/esco/skill/8bdd25f8-4b6e-40fe-a2cf-c1badc594114,IN_COLLECTION,Green,high,True
http://data.europa.eu/esco/skill/8be4540d-db79-4213-8820-bda0d3fb74a7,http://data.europa.eu/esco/skill/8be4540d-db79-4213-8820-bda0d3fb74a7,IN_COLLECTION,Green,high,True
http://data.europa.eu/esco/skill/8c609e7c-5002-41a7-b629-0b98f132afb0,http://data.europa.eu/esco/skill/8c609e7c-5002-41a7-b629-0b98f132afb0,IN_COLLECTION,Green,high,True
http://data.europa.eu/esco/skill/8c7707b3-cd9b-405a-b2e5-9df24172d4f9,http://data.europa.eu/esco/skill/8c7707b3-cd9b-405a-b2e5-9df24172d4f9,IN_COLLECTION,Green,high,True
http://data.europa.eu/esco/skill/8ca08a35-2d2e-46f5-b440-8fc8ce736287,http://data.europa.eu/esco/skill/8ca08a35-2d2e-46f5-b440-8fc8ce736287,IN_COLLECTION,Green,high,True
http://data.europa.eu/esco/skill/8dcdd2f0-1784-488f-9821-82a09c4f2cee,http://data.europa.eu/esco/skill/8dcdd2f0-1784-488f-9821-82a09c4f2cee,IN_COLLECTION,Green,high,True
http://data.europa.eu/esco/skill/8df12fb1-7f41-4068-8d05-007e8fec8f33,http://data.europa.eu/esco/skill/8df12fb1-7f41-4068-8d05-007e8fec8f33,IN_COLLECTION,Green,high,True
http://data.europa.eu/esco/skill/8df86db8-dfcd-414b-854f-ad1cdb18d733,http://data.europa.eu/esco/skill/8df86db8-dfcd-414b-854f-ad1cdb18d733,IN_COLLECTION,Green,high,True
http://data.europa.eu/esco/skill/8e01e994-0e09-4fbb-a76b-7f615678cc7d,http://data.europa.eu/esco/skill/8e01e994-0e09-4fbb-a76b-7f615678cc7d,IN_COLLECTION,Green,high,True
http://data.europa.eu/esco/skill/8f585def-6ade-41b3-b897-3d71fba4151d,http://data.europa.eu/esco/skill/8f585def-6ade-41b3-b897-3d71fba4151d,IN_COLLECTION,Green,high,True
http://data.europa.eu/esco/skill/8f98653a-4aee-4619-91c7-0cdc2f8e225a,http://data.europa.eu/esco/skill/8f98653a-4aee-4619-91c7-0cdc2f8e225a,IN_COLLECTION,Green,high,True
http://data.europa.eu/esco/skill/901297b8-9f66-431b-a6ab-bc2235acf056,http://data.europa.eu/esco/skill/901297b8-9f66-431b-a6ab-bc2235acf056,IN_COLLECTION,Green,high,True
http://data.europa.eu/esco/skill/907039e2-5b33-4ea5-96ca-b6082711b491,http://data.europa.eu/esco/skill/907039e2-5b33-4ea5-96ca-b6082711b491,IN_COLLECTION,Green,high,True
http://data.europa.eu/esco/skill/90d04cf8-dcc1-45cf-93e1-a2eba80aed6f,http://data.europa.eu/esco/skill/90d04cf8-dcc1-45cf-93e1-a2eba80aed6f,IN_COLLECTION,Green,high,True
http://data.europa.eu/esco/skill/91a6da8d-24dc-4453-9821-de305864677c,http://data.europa.eu/esco/skill/91a6da8d-24dc-4453-9821-de305864677c,IN_COLLECTION,Green,high,True
http://data.europa.eu/esco/skill/9263f0d8-7266-4782-b0ee-38f62656e97e,http://data.europa.eu/esco/skill/9263f0d8-7266-4782-b0ee-38f62656e97e,IN_COLLECTION,Green,high,True
http://data.europa.eu/esco/skill/9349f502-9c11-476c-957d-2e016790a2ee,http://data.europa.eu/esco/skill/9349f502-9c11-476c-957d-2e016790a2ee,IN_COLLECTION,Green,high,True
http://data.europa.eu/esco/skill/9433da85-70fa-4a25-8f96-71fa59dd1989,http://data.europa.eu/esco/skill/9433da85-70fa-4a25-8f96-71fa59dd1989,IN_COLLECTION,Green,high,True
http://data.europa.eu/esco/skill/9438b0dc-062a-4893-b176-959706e4ae1e,http://data.europa.eu/esco/skill/9438b0dc-062a-4893-b176-959706e4ae1e,IN_COLLECTION,Green,high,True
http://data.europa.eu/esco/skill/944e06e8-7b12-4064-9e72-d80cd6d0cbba,http://data.europa.eu/esco/skill/944e06e8-7b12-4064-9e72-d80cd6d0cbba,IN_COLLECTION,Green,high,True
http://data.europa.eu/esco/skill/94747ff4-603d-47d4-9780-bf53be41e190,http://data.europa.eu/esco/skill/94747ff4-603d-47d4-9780-bf53be41e190,IN_COLLECTION,Green,high,True
http://data.europa.eu/esco/skill/95013213-ee67-493b-86d0-e383e0f72482,http://data.europa.eu/esco/skill/95013213-ee67-493b-86d0-e383e0f72482,IN_COLLECTION,Green,high,True
http://data.europa.eu/esco/skill/9582094d-e08c-4df2-a6f1-7c321724f273,http://data.europa.eu/esco/skill/9582094d-e08c-4df2-a6f1-7c321724f273,IN_COLLECTION,Green,high,True
http://data.europa.eu/esco/skill/95bff246-c3ce-4181-a11b-e4363453c2f8,http://data.europa.eu/esco/skill/95bff246-c3ce-4181-a11b-e4363453c2f8,IN_COLLECTION,Green,high,True
http://data.europa.eu/esco/skill/96835f47-da71-415b-8cbf-d37386dc98d4,http://data.europa.eu/esco/skill/96835f47-da71-415b-8cbf-d37386dc98d4,IN_COLLECTION,Green,high,True
http://data.europa.eu/esco/skill/96d901a6-c931-4e8d-b685-a47e1deaaa1b,http://data.europa.eu/esco/skill/96d901a6-c931-4e8d-b685-a47e1deaaa1b,IN_COLLECTION,Green,high,True
http://data.europa.eu/esco/skill/97725325-5287-4ebb-9f83-1ba2c38f465c,http://data.europa.eu/esco/skill/97725325-5287-4ebb-9f83-1ba2c38f465c,IN_COLLECTION,Green,high,True
http://data.europa.eu/esco/skill/97902800-f9e0-4a73-8826-6cc42f874a18,http://data.europa.eu/esco/skill/97902800-f9e0-4a73-8826-6cc42f874a18,IN_COLLECTION,Green,high,True
http://data.europa.eu/esco/skill/97b473ae-8535-498d-9999-cc77549c5e50,http://data.europa.eu/esco/skill/97b473ae-8535-498d-9999-cc77549c5e50,IN_COLLECTION,Green,high,True
http://data.europa.eu/esco/skill/982ccb23-102c-4d7a-a899-4df50a032def,http://data.europa.eu/esco/skill/982ccb23-102c-4d7a-a899-4df50a032def,IN_COLLECTION,Green,high,True
http://data.europa.eu/esco/skill/988f696e-01c9-4aa5-b024-4aa96505ee0c,http://data.europa.eu/esco/skill/988f696e-01c9-4aa5-b024-4aa96505ee0c,IN_COLLECTION,Green,high,True
http://data.europa.eu/esco/skill/995f7d9c-45c9-4622-b704-739982ff9070,http://data.europa.eu/esco/skill/995f7d9c-45c9-4622-b704-739982ff9070,IN_COLLECTION,Green,high,True
http://data.europa.eu/esco/skill/9a354775-1a03-4258-a357-be4ab0a07465,http://data.europa.eu/esco/skill/9a354775-1a03-4258-a357-be4ab0a07465,IN_COLLECTION,Green,high,True
http://data.europa.eu/esco/skill/9b04cd15-b9c4-442d-9bbb-32e1b2058dca,http://data.europa.eu/esco/skill/9b04cd15-b9c4-442d-9bbb-32e1b2058dca,IN_COLLECTION,Green,high,True
http://data.europa.eu/esco/skill/9b242812-7d88-4219-bac7-1195ecc4db51,http://data.europa.eu/esco/skill/9b242812-7d88-4219-bac7-1195ecc4db51,IN_COLLECTION,Green,high,True
http://data.europa.eu/esco/skill/9b5aa426-7daa-4143-8d70-c3623e8c7e60,http://data.europa.eu/esco/skill/9b5aa426-7daa-4143-8d70-c3623e8c7e60,IN_COLLECTION,Green,high,True
http://data.europa.eu/esco/skill/9be02d2d-9d45-400b-aa05-1e9aee7bd815,http://data.europa.eu/esco/skill/9be02d2d-9d45-400b-aa05-1e9aee7bd815,IN_COLLECTION,Green,high,True
http://data.europa.eu/esco/skill/9c07b3e2-b919-4594-b6f2-e01df6e9390f,http://data.europa.eu/esco/skill/9c07b3e2-b919-4594-b6f2-e01df6e9390f,IN_COLLECTION,Green,high,True
http://data.europa.eu/esco/skill/9ccb56ee-3d5f-4d48-8692-8f96fe1e4adb,http://data.europa.eu/esco/skill/9ccb56ee-3d5f-4d48-8692-8f96fe1e4adb,IN_COLLECTION,Green,high,True
http://data.europa.eu/esco/skill/9cf2856d-0375-4ec3-a51f-7f9c82119859,http://data.europa.eu/esco/skill/9cf2856d-0375-4ec3-a51f-7f9c82119859,IN_COLLECTION,Green,high,True
http://data.europa.eu/esco/skill/9d04490c-cea5-4765-a15e-99c46b543c1d,http://data.europa.eu/esco/skill/9d04490c-cea5-4765-a15e-99c46b543c1d,IN_COLLECTION,Green,high,True
http://data.europa.eu/esco/skill/9d3490b2-a0e6-415b-81a4-a3a4a63268b0,http://data.europa.eu/esco/skill/9d3490b2-a0e6-415b-81a4-a3a4a63268b0,IN_COLLECTION,Green,high,True
http://data.europa.eu/esco/skill/9d75efb9-0c77-4f86-b5e7-99100808564a,http://data.europa.eu/esco/skill/9d75efb9-0c77-4f86-b5e7-99100808564a,IN_COLLECTION,Green,high,True
http://data.europa.eu/esco/skill/9dfab993-ecab-4292-9cb2-528a93eb3161,http://data.europa.eu/esco/skill/9dfab993-ecab-4292-9cb2-528a93eb3161,IN_COLLECTION,Green,high,True
http://data.europa.eu/esco/skill/9ecd4016-b9de-480d-8ec3-9881644f0eda,http://data.europa.eu/esco/skill/9ecd4016-b9de-480d-8ec3-9881644f0eda,IN_COLLECTION,Green,high,True
http://data.europa.eu/esco/skill/9f719da2-5ba8-46b8-b20b-3d5f59208f49,http://data.europa.eu/esco/skill/9f719da2-5ba8-46b8-b20b-3d5f59208f49,IN_COLLECTION,Green,high,True
http://data.europa.eu/esco/skill/9f763ac3-1d6c-48d2-ab54-324b1b144f40,http://data.europa.eu/esco/skill/9f763ac3-1d6c-48d2-ab54-324b1b144f40,IN_COLLECTION,Green,high,True
http://data.europa.eu/esco/skill/a118a699-7258-48d1-bc45-45fc04f792c8,http://data.europa.eu/esco/skill/a118a699-7258-48d1-bc45-45fc04f792c8,IN_COLLECTION,Green,high,True
http://data.europa.eu/esco/skill/a2723f98-0fb2-469b-8c79-7ad2d0f73660,http://data.europa.eu/esco/skill/a2723f98-0fb2-469b-8c79-7ad2d0f73660,IN_COLLECTION,Green,high,True
http://data.europa.eu/esco/skill/a281365c-a432-4e82-97ce-2dcc4907685f,http://data.europa.eu/esco/skill/a281365c-a432-4e82-97ce-2dcc4907685f,IN_COLLECTION,Green,high,True
http://data.europa.eu/esco/skill/a28c96cd-a43d-4143-b992-903356d0923e,http://data.europa.eu/esco/skill/a28c96cd-a43d-4143-b992-903356d0923e,IN_COLLECTION,Green,high,True
http://data.europa.eu/esco/skill/a366bfc5-8d17-4792-a9f0-db0951528dda,http://data.europa.eu/esco/skill/a366bfc5-8d17-4792-a9f0-db0951528dda,IN_COLLECTION,Green,high,True
http://data.europa.eu/esco/skill/a3f1d933-728d-494a-a260-293132b8fdd4,http://data.europa.eu/esco/skill/a3f1d933-728d-494a-a260-293132b8fdd4,IN_COLLECTION,Green,high,True
http://data.europa.eu/esco/skill/a5f836cc-7e6d-4f3d-a7ee-0146ebb84260,http://data.europa.eu/esco/skill/a5f836cc-7e6d-4f3d-a7ee-0146ebb84260,IN_COLLECTION,Green,high,True
http://data.europa.eu/esco/skill/a7573f65-d00c-417f-b952-441ebaeed675,http://data.europa.eu/esco/skill/a7573f65-d00c-417f-b952-441ebaeed675,IN_COLLECTION,Green,high,True
http://data.europa.eu/esco/skill/a8429098-ddac-481b-91e7-688d021c092e,http://data.europa.eu/esco/skill/a8429098-ddac-481b-91e7-688d021c092e,IN_COLLECTION,Green,high,True
http://data.europa.eu/esco/skill/a8f1c3cf-bd8b-4c85-80d3-c69955f6bd00,http://data.europa.eu/esco/skill/a8f1c3cf-bd8b-4c85-80d3-c69955f6bd00,IN_COLLECTION,Green,high,True
http://data.europa.eu/esco/skill/a929f335-e5b9-4f8f-a052-0a8b166d595c,http://data.europa.eu/esco/skill/a929f335-e5b9-4f8f-a052-0a8b166d595c,IN_COLLECTION,Green,high,True
http://data.europa.eu/esco/skill/a9c1a772-8ef6-4dd7-93a4-c6bbf3293688,http://data.europa.eu/esco/skill/a9c1a772-8ef6-4dd7-93a4-c6bbf3293688,IN_COLLECTION,Green,high,True
http://data.europa.eu/esco/skill/aaa84f7f-4006-4d9b-81e0-e8eeacdde025,http://data.europa.eu/esco/skill/aaa84f7f-4006-4d9b-81e0-e8eeacdde025,IN_COLLECTION,Green,high,True
http://data.europa.eu/esco/skill/aac9e93a-106a-4cdc-8d27-ac3a9ffce0ac,http://data.europa.eu/esco/skill/aac9e93a-106a-4cdc-8d27-ac3a9ffce0ac,IN_COLLECTION,Green,high,True
http://data.europa.eu/esco/skill/aadf267e-08f0-4bf3-ae4a-f1670b8e9e5d,http://data.europa.eu/esco/skill/aadf267e-08f0-4bf3-ae4a-f1670b8e9e5d,IN_COLLECTION,Green,high,True
http://data.europa.eu/esco/skill/ab0deac2-b872-45c8-ad65-657938d2fe79,http://data.europa.eu/esco/skill/ab0deac2-b872-45c8-ad65-657938d2fe79,IN_COLLECTION,Green,high,True
http://data.europa.eu/esco/skill/ae6d655d-bbce-4701-ba04-d687cfa90eda,http://data.europa.eu/esco/skill/ae6d655d-bbce-4701-ba04-d687cfa90eda,IN_COLLECTION,Green,high,True
http://data.europa.eu/esco/skill/aeb400b6-d38c-45cc-9252-3c6983c614bb,http://data.europa.eu/esco/skill/aeb400b6-d38c-45cc-9252-3c6983c614bb,IN_COLLECTION,Green,high,True
http://data.europa.eu/esco/skill/afdcb380-ef9f-4785-b877-cc551f035034,http://data.europa.eu/esco/skill/afdcb380-ef9f-4785-b877-cc551f035034,IN_COLLECTION,Green,high,True
http://data.europa.eu/esco/skill/affb720b-98e7-4ae6-b833-b12e94fa8987,http://data.europa.eu/esco/skill/affb720b-98e7-4ae6-b833-b12e94fa8987,IN_COLLECTION,Green,high,True
http://data.europa.eu/esco/skill/b013ae1f-5efc-42b5-8dab-8a8add39bbd8,http://data.europa.eu/esco/skill/b013ae1f-5efc-42b5-8dab-8a8add39bbd8,IN_COLLECTION,Green,high,True
http://data.europa.eu/esco/skill/b115cabc-c030-45b2-ac8e-922d45716183,http://data.europa.eu/esco/skill/b115cabc-c030-45b2-ac8e-922d45716183,IN_COLLECTION,Green,high,True
http://data.europa.eu/esco/skill/b13e0689-636d-42d0-86c3-df9d6f85a882,http://data.europa.eu/esco/skill/b13e0689-636d-42d0-86c3-df9d6f85a882,IN_COLLECTION,Green,high,True
http://data.europa.eu/esco/skill/b1b118c4-3291-484e-b64d-6d51fd5da8b3,http://data.europa.eu/esco/skill/b1b118c4-3291-484e-b64d-6d51fd5da8b3,IN_COLLECTION,Green,high,True
http://data.europa.eu/esco/skill/b21072bc-7c50-4ec7-a822-5233e9363b53,http://data.europa.eu/esco/skill/b21072bc-7c50-4ec7-a822-5233e9363b53,IN_COLLECTION,Green,high,True
http://data.europa.eu/esco/skill/b251544f-7b92-46d5-8e14-97f59ce1c7dc,http://data.europa.eu/esco/skill/b251544f-7b92-46d5-8e14-97f59ce1c7dc,IN_COLLECTION,Green,high,True
http://data.europa.eu/esco/skill/b25c3eb8-fd63-4d77-8308-7061dbd271c1,http://data.europa.eu/esco/skill/b25c3eb8-fd63-4d77-8308-7061dbd271c1,IN_COLLECTION,Green,high,True
http://data.europa.eu/esco/skill/b2b970ad-0276-4069-ba31-899a53191b95,http://data.europa.eu/esco/skill/b2b970ad-0276-4069-ba31-899a53191b95,IN_COLLECTION,Green,high,True
http://data.europa.eu/esco/skill/b2f05068-c409-43ec-ba58-b5dfe991ca5e,http://data.europa.eu/esco/skill/b2f05068-c409-43ec-ba58-b5dfe991ca5e,IN_COLLECTION,Green,high,True
http://data.europa.eu/esco/skill/b30c2dd2-996c-4984-9c68-ce05bf26f1e1,http://data.europa.eu/esco/skill/b30c2dd2-996c-4984-9c68-ce05bf26f1e1,IN_COLLECTION,Green,high,True
http://data.europa.eu/esco/skill/b34f8562-9fcc-4e58-bd1c-8088ebadd315,http://data.europa.eu/esco/skill/b34f8562-9fcc-4e58-bd1c-8088ebadd315,IN_COLLECTION,Green,high,True
http://data.europa.eu/esco/skill/b422efe7-b151-4120-86ae-db11a48dd0fa,http://data.europa.eu/esco/skill/b422efe7-b151-4120-86ae-db11a48dd0fa,IN_COLLECTION,Green,high,True
http://data.europa.eu/esco/skill/b4bd4b00-be51-4631-b202-dcb0e33c0899,http://data.europa.eu/esco/skill/b4bd4b00-be51-4631-b202-dcb0e33c0899,IN_COLLECTION,Green,high,True
http://data.europa.eu/esco/skill/b4db1a85-2488-4dc9-bd53-3dcb3f9deac7,http://data.europa.eu/esco/skill/b4db1a85-2488-4dc9-bd53-3dcb3f9deac7,IN_COLLECTION,Green,high,True
http://data.europa.eu/esco/skill/b552832c-ad26-4901-b76c-232a53c74aba,http://data.europa.eu/esco/skill/b552832c-ad26-4901-b76c-232a53c74aba,IN_COLLECTION,Green,high,True
http://data.europa.eu/esco/skill/b55376e1-41c3-45f8-9b35-d3e7b1288a33,http://data.europa.eu/esco/skill/b55376e1-41c3-45f8-9b35-d3e7b1288a33,IN_COLLECTION,Green,high,True
http://data.europa.eu/esco/skill/b589ce7c-588f-4045-be2d-9332c2d2278d,http://data.europa.eu/esco/skill/b589ce7c-588f-4045-be2d-9332c2d2278d,IN_COLLECTION,Green,high,True
http://data.europa.eu/esco/skill/b589fa82-f177-4cce-9fb4-31bbbebf792b,http://data.europa.eu/esco/skill/b589fa82-f177-4cce-9fb4-31bbbebf792b,IN_COLLECTION,Green,high,True
http://data.europa.eu/esco/skill/b71fc6e4-14eb-488b-9f26-a7c15fd6d6e8,http://data.europa.eu/esco/skill/b71fc6e4-14eb-488b-9f26-a7c15fd6d6e8,IN_COLLECTION,Green,high,True
http://data.europa.eu/esco/skill/b7a26b32-c457-49aa-9a78-25ade10090e3,http://data.europa.eu/esco/skill/b7a26b32-c457-49aa-9a78-25ade10090e3,IN_COLLECTION,Green,high,True
http://data.europa.eu/esco/skill/b970e437-2f8b-42e3-ae49-6718a0cca44f,http://data.europa.eu/esco/skill/b970e437-2f8b-42e3-ae49-6718a0cca44f,IN_COLLECTION,Green,high,True
http://data.europa.eu/esco/skill/b9931096-a9b9-4db4-b210-6fcada68c2ff,http://data.europa.eu/esco/skill/b9931096-a9b9-4db4-b210-6fcada68c2ff,IN_COLLECTION,Green,high,True
http://data.europa.eu/esco/skill/ba54cf3c-dd64-48ea-8a9d-ee621a05fb07,http://data.europa.eu/esco/skill/ba54cf3c-dd64-48ea-8a9d-ee621a05fb07,IN_COLLECTION,Green,high,True
http://data.europa.eu/esco/skill/ba8b530e-8f6f-4667-b734-3358797c0595,http://data.europa.eu/esco/skill/ba8b530e-8f6f-4667-b734-3358797c0595,IN_COLLECTION,Green,high,True
http://data.europa.eu/esco/skill/bb4f3174-8d64-478b-8d9b-5f37cbf557b7,http://data.europa.eu/esco/skill/bb4f3174-8d64-478b-8d9b-5f37cbf557b7,IN_COLLECTION,Green,high,True
http://data.europa.eu/esco/skill/bb859329-0cd8-45c0-a09f-48b6dcd9fc1a,http://data.europa.eu/esco/skill/bb859329-0cd8-45c0-a09f-48b6dcd9fc1a,IN_COLLECTION,Green,high,True
http://data.europa.eu/esco/skill/bbfb0e36-807c-492f-bed2-267224ba7bc7,http://data.europa.eu/esco/skill/bbfb0e36-807c-492f-bed2-267224ba7bc7,IN_COLLECTION,Green,high,True
http://data.europa.eu/esco/skill/bc97c755-2174-4d02-adaf-21b8b1863742,http://data.europa.eu/esco/skill/bc97c755-2174-4d02-adaf-21b8b1863742,IN_COLLECTION,Green,high,True
http://data.europa.eu/esco/skill/bce60ecd-ceee-4dbd-b619-70c9789ec634,http://data.europa.eu/esco/skill/bce60ecd-ceee-4dbd-b619-70c9789ec634,IN_COLLECTION,Green,high,True
http://data.europa.eu/esco/skill/bd70f004-e1d6-43f0-96f1-59c014a4ea01,http://data.europa.eu/esco/skill/bd70f004-e1d6-43f0-96f1-59c014a4ea01,IN_COLLECTION,Green,high,True
http://data.europa.eu/esco/skill/be973dc1-6aa9-4aed-954c-644affe78639,http://data.europa.eu/esco/skill/be973dc1-6aa9-4aed-954c-644affe78639,IN_COLLECTION,Green,high,True
http://data.europa.eu/esco/skill/bed97655-cb0c-4f05-bfd7-9a79d058619d,http://data.europa.eu/esco/skill/bed97655-cb0c-4f05-bfd7-9a79d058619d,IN_COLLECTION,Green,high,True
http://data.europa.eu/esco/skill/bf4779c9-ce55-4110-a996-a7014ca3f1f9,http://data.europa.eu/esco/skill/bf4779c9-ce55-4110-a996-a7014ca3f1f9,IN_COLLECTION,Green,high,True
http://data.europa.eu/esco/skill/bf9a2403-850d-4dd3-b266-edaabebc8ab0,http://data.europa.eu/esco/skill/bf9a2403-850d-4dd3-b266-edaabebc8ab0,IN_COLLECTION,Green,high,True
http://data.europa.eu/esco/skill/c0133edf-845a-47bf-968b-bd4a5bd03bbf,http://data.europa.eu/esco/skill/c0133edf-845a-47bf-968b-bd4a5bd03bbf,IN_COLLECTION,Green,high,True
http://data.europa.eu/esco/skill/c0ccbd15-36f3-4515-ae0b-b4062d225ee2,http://data.europa.eu/esco/skill/c0ccbd15-36f3-4515-ae0b-b4062d225ee2,IN_COLLECTION,Green,high,True
http://data.europa.eu/esco/skill/c1de3963-05eb-4e45-8496-58156a345fb1,http://data.europa.eu/esco/skill/c1de3963-05eb-4e45-8496-58156a345fb1,IN_COLLECTION,Green,high,True
http://data.europa.eu/esco/skill/c214d86e-fbb8-45c0-87d4-f2cefc954057,http://data.europa.eu/esco/skill/c214d86e-fbb8-45c0-87d4-f2cefc954057,IN_COLLECTION,Green,high,True
http://data.europa.eu/esco/skill/c291df22-0d6b-4cea-8feb-11c350a33081,http://data.europa.eu/esco/skill/c291df22-0d6b-4cea-8feb-11c350a33081,IN_COLLECTION,Green,high,True
http://data.europa.eu/esco/skill/c29fed5c-f03b-4389-b110-29b6db00cd01,http://data.europa.eu/esco/skill/c29fed5c-f03b-4389-b110-29b6db00cd01,IN_COLLECTION,Green,high,True
http://data.europa.eu/esco/skill/c3108ed8-de97-41fc-9ff7-8c028e662734,http://data.europa.eu/esco/skill/c3108ed8-de97-41fc-9ff7-8c028e662734,IN_COLLECTION,Green,high,True
http://data.europa.eu/esco/skill/c345ad5f-6b37-4861-98b2-769d819309a0,http://data.europa.eu/esco/skill/c345ad5f-6b37-4861-98b2-769d819309a0,IN_COLLECTION,Green,high,True
http://data.europa.eu/esco/skill/c36dc79e-3414-4283-a85d-f664a523837f,http://data.europa.eu/esco/skill/c36dc79e-3414-4283-a85d-f664a523837f,IN_COLLECTION,Green,high,True
http://data.europa.eu/esco/skill/c3ac5c4c-b4b9-4842-b871-43e12cfc0442,http://data.europa.eu/esco/skill/c3ac5c4c-b4b9-4842-b871-43e12cfc0442,IN_COLLECTION,Green,high,True
http://data.europa.eu/esco/skill/c3bb5700-a94d-407a-8cd0-147727378f25,http://data.europa.eu/esco/skill/c3bb5700-a94d-407a-8cd0-147727378f25,IN_COLLECTION,Green,high,True
http://data.europa.eu/esco/skill/c4867766-50f8-489e-98d7-262da5589c0a,http://data.europa.eu/esco/skill/c4867766-50f8-489e-98d7-262da5589c0a,IN_COLLECTION,Green,high,True
http://data.europa.eu/esco/skill/c49eb4a4-7b5f-44e6-b346-7153879ac86b,http://data.europa.eu/esco/skill/c49eb4a4-7b5f-44e6-b346-7153879ac86b,IN_COLLECTION,Green,high,True
http://data.europa.eu/esco/skill/c4b03a17-a93e-4a8e-9846-4c4d469d4001,http://data.europa.eu/esco/skill/c4b03a17-a93e-4a8e-9846-4c4d469d4001,IN_COLLECTION,Green,high,True
http://data.europa.eu/esco/skill/c4ba12d1-4698-42fa-8abb-789462ea2586,http://data.europa.eu/esco/skill/c4ba12d1-4698-42fa-8abb-789462ea2586,IN_COLLECTION,Green,high,True
http://data.europa.eu/esco/skill/c4e9f0d0-bbdd-42d7-83a5-2c131f6d67c2,http://data.europa.eu/esco/skill/c4e9f0d0-bbdd-42d7-83a5-2c131f6d67c2,IN_COLLECTION,Green,high,True
http://data.europa.eu/esco/skill/c4f97536-866b-4a4f-b91d-da07809ef2d8,http://data.europa.eu/esco/skill/c4f97536-866b-4a4f-b91d-da07809ef2d8,IN_COLLECTION,Green,high,True
http://data.europa.eu/esco/skill/c5320743-60f2-40dc-bc13-337cc3834892,http://data.europa.eu/esco/skill/c5320743-60f2-40dc-bc13-337cc3834892,IN_COLLECTION,Green,high,True
http://data.europa.eu/esco/skill/c565e722-0e14-4f57-99ff-267dd9ea2510,http://data.europa.eu/esco/skill/c565e722-0e14-4f57-99ff-267dd9ea2510,IN_COLLECTION,Green,high,True
http://data.europa.eu/esco/skill/c582dd36-a83d-4d61-b87a-364b84950a3f,http://data.europa.eu/esco/skill/c582dd36-a83d-4d61-b87a-364b84950a3f,IN_COLLECTION,Green,high,True
http://data.europa.eu/esco/skill/c5afeb33-4291-44c9-a89a-373185d0bfef,http://data.europa.eu/esco/skill/c5afeb33-4291-44c9-a89a-373185d0bfef,IN_COLLECTION,Green,high,True
http://data.europa.eu/esco/skill/c65ac31c-fdaf-4e87-beca-8ed952c3aa35,http://data.europa.eu/esco/skill/c65ac31c-fdaf-4e87-beca-8ed952c3aa35,IN_COLLECTION,Green,high,True
http://data.europa.eu/esco/skill/c71e5209-dfb8-456d-a1ad-5ac657a92812,http://data.europa.eu/esco/skill/c71e5209-dfb8-456d-a1ad-5ac657a92812,IN_COLLECTION,Green,high,True
http://data.europa.eu/esco/skill/c76ea1b8-25a3-4084-a684-dcf10b7c880c,http://data.europa.eu/esco/skill/c76ea1b8-25a3-4084-a684-dcf10b7c880c,IN_COLLECTION,Green,high,True
http://data.europa.eu/esco/skill/c8195036-dab3-4d87-b83b-395a59b18a42,http://data.europa.eu/esco/skill/c8195036-dab3-4d87-b83b-395a59b18a42,IN_COLLECTION,Green,high,True
http://data.europa.eu/esco/skill/c89a3068-fe2d-404a-b505-eeeee71b3da0,http://data.europa.eu/esco/skill/c89a3068-fe2d-404a-b505-eeeee71b3da0,IN_COLLECTION,Green,high,True
http://data.europa.eu/esco/skill/c8b4b02c-d9ce-4e24-ab43-5dd52c6dff48,http://data.europa.eu/esco/skill/c8b4b02c-d9ce-4e24-ab43-5dd52c6dff48,IN_COLLECTION,Green,high,True
http://data.europa.eu/esco/skill/c9b97523-d520-4494-aa60-e3bc9ef0d8a4,http://data.europa.eu/esco/skill/c9b97523-d520-4494-aa60-e3bc9ef0d8a4,IN_COLLECTION,Green,high,True
http://data.europa.eu/esco/skill/ca2a7a85-43cf-43c0-b703-f18fed7dfba5,http://data.europa.eu/esco/skill/ca2a7a85-43cf-43c0-b703-f18fed7dfba5,IN_COLLECTION,Green,high,True
http://data.europa.eu/esco/skill/ca4ae285-244f-4321-83d6-b109bd1693bc,http://data.europa.eu/esco/skill/ca4ae285-244f-4321-83d6-b109bd1693bc,IN_COLLECTION,Green,high,True
http://data.europa.eu/esco/skill/cb21f7c2-6bf6-46b5-a638-ad494e95ffbf,http://data.europa.eu/esco/skill/cb21f7c2-6bf6-46b5-a638-ad494e95ffbf,IN_COLLECTION,Green,high,True
http://data.europa.eu/esco/skill/cc0a45a7-4883-4122-af11-7ca6c45a37c2,http://data.europa.eu/esco/skill/cc0a45a7-4883-4122-af11-7ca6c45a37c2,IN_COLLECTION,Green,high,True
http://data.europa.eu/esco/skill/ce689fb5-2c21-4f96-a4b0-d02d4af35923,http://data.europa.eu/esco/skill/ce689fb5-2c21-4f96-a4b0-d02d4af35923,IN_COLLECTION,Green,high,True
http://data.europa.eu/esco/skill/cf2005ee-c788-4283-81d9-b443dfdf2c2e,http://data.europa.eu/esco/skill/cf2005ee-c788-4283-81d9-b443dfdf2c2e,IN_COLLECTION,Green,high,True
http://data.europa.eu/esco/skill/cfbe1cdb-1738-45a1-b442-75cbda1fff06,http://data.europa.eu/esco/skill/cfbe1cdb-1738-45a1-b442-75cbda1fff06,IN_COLLECTION,Green,high,True
http://data.europa.eu/esco/skill/cfccea88-0558-40d4-b896-56a1e7993e24,http://data.europa.eu/esco/skill/cfccea88-0558-40d4-b896-56a1e7993e24,IN_COLLECTION,Green,high,True
http://data.europa.eu/esco/skill/d0fc1d32-c64d-4b53-923f-953f648715ab,http://data.europa.eu/esco/skill/d0fc1d32-c64d-4b53-923f-953f648715ab,IN_COLLECTION,Green,high,True
http://data.europa.eu/esco/skill/d10030a4-f49c-4125-8646-6b091efe5089,http://data.europa.eu/esco/skill/d10030a4-f49c-4125-8646-6b091efe5089,IN_COLLECTION,Green,high,True
http://data.europa.eu/esco/skill/d13f1685-9848-4c9e-a40a-686ddb407858,http://data.europa.eu/esco/skill/d13f1685-9848-4c9e-a40a-686ddb407858,IN_COLLECTION,Green,high,True
http://data.europa.eu/esco/skill/d168d98c-b7bb-4b9a-b1dc-eac008af4df3,http://data.europa.eu/esco/skill/d168d98c-b7bb-4b9a-b1dc-eac008af4df3,IN_COLLECTION,Green,high,True
http://data.europa.eu/esco/skill/d1ee1caa-1956-48f6-a009-318204bf908e,http://data.europa.eu/esco/skill/d1ee1caa-1956-48f6-a009-318204bf908e,IN_COLLECTION,Green,high,True
http://data.europa.eu/esco/skill/d1f73ae9-d348-4aac-b5d5-9b6d508401d3,http://data.europa.eu/esco/skill/d1f73ae9-d348-4aac-b5d5-9b6d508401d3,IN_COLLECTION,Green,high,True
http://data.europa.eu/esco/skill/d2c3fe66-d01a-473e-a7b1-cb463a617f86,http://data.europa.eu/esco/skill/d2c3fe66-d01a-473e-a7b1-cb463a617f86,IN_COLLECTION,Green,high,True
http://data.europa.eu/esco/skill/d2c81ad1-2439-43cf-9c63-204187b8f771,http://data.europa.eu/esco/skill/d2c81ad1-2439-43cf-9c63-204187b8f771,IN_COLLECTION,Green,high,True
http://data.europa.eu/esco/skill/d2fd219f-5cb1-4f67-8db5-be6c5fc865c7,http://data.europa.eu/esco/skill/d2fd219f-5cb1-4f67-8db5-be6c5fc865c7,IN_COLLECTION,Green,high,True
http://data.europa.eu/esco/skill/d3672a07-6a5b-49f4-bdd3-fcd539594556,http://data.europa.eu/esco/skill/d3672a07-6a5b-49f4-bdd3-fcd539594556,IN_COLLECTION,Green,high,True
http://data.europa.eu/esco/skill/d3a8ef9c-8572-438c-91dc-010537070be3,http://data.europa.eu/esco/skill/d3a8ef9c-8572-438c-91dc-010537070be3,IN_COLLECTION,Green,high,True
http://data.europa.eu/esco/skill/d483ae95-5f25-4601-ba97-113bbb7a31b0,http://data.europa.eu/esco/skill/d483ae95-5f25-4601-ba97-113bbb7a31b0,IN_COLLECTION,Green,high,True
http://data.europa.eu/esco/skill/d53eab76-e8ff-4e28-af26-7e012951c763,http://data.europa.eu/esco/skill/d53eab76-e8ff-4e28-af26-7e012951c763,IN_COLLECTION,Green,high,True
http://data.europa.eu/esco/skill/d589970b-933d-4656-bcb6-a43b3cc67888,http://data.europa.eu/esco/skill/d589970b-933d-4656-bcb6-a43b3cc67888,IN_COLLECTION,Green,high,True
http://data.europa.eu/esco/skill/d7d39ebe-3960-4c8f-a504-19b441990cfa,http://data.europa.eu/esco/skill/d7d39ebe-3960-4c8f-a504-19b441990cfa,IN_COLLECTION,Green,high,True
http://data.europa.eu/esco/skill/d7d53919-5313-4f23-a701-d12f86c03a60,http://data.europa.eu/esco/skill/d7d53919-5313-4f23-a701-d12f86c03a60,IN_COLLECTION,Green,high,True
http://data.europa.eu/esco/skill/d81b58ba-52e4-45fa-9f7c-f59b87fa6041,http://data.europa.eu/esco/skill/d81b58ba-52e4-45fa-9f7c-f59b87fa6041,IN_COLLECTION,Green,high,True
http://data.europa.eu/esco/skill/d84326c9-a3d3-4e22-a6a1-1ad42a356f10,http://data.europa.eu/esco/skill/d84326c9-a3d3-4e22-a6a1-1ad42a356f10,IN_COLLECTION,Green,high,True
http://data.europa.eu/esco/skill/d86babea-bf8b-4552-81a8-daf706066ad6,http://data.europa.eu/esco/skill/d86babea-bf8b-4552-81a8-daf706066ad6,IN_COLLECTION,Green,high,True
http://data.europa.eu/esco/skill/d96b6330-c73f-443f-9048-702b2226f62b,http://data.europa.eu/esco/skill/d96b6330-c73f-443f-9048-702b2226f62b,IN_COLLECTION,Green,high,True
http://data.europa.eu/esco/skill/d9beab8e-1bd0-42a3-bf3e-58a8f647ad96,http://data.europa.eu/esco/skill/d9beab8e-1bd0-42a3-bf3e-58a8f647ad96,IN_COLLECTION,Green,high,True
http://data.europa.eu/esco/skill/d9d3eb78-a7c6-4076-9e19-df225af2ec62,http://data.europa.eu/esco/skill/d9d3eb78-a7c6-4076-9e19-df225af2ec62,IN_COLLECTION,Green,high,True
http://data.europa.eu/esco/skill/da896663-08b3-409d-aa3d-31f39a8e8d2b,http://data.europa.eu/esco/skill/da896663-08b3-409d-aa3d-31f39a8e8d2b,IN_COLLECTION,Green,high,True
http://data.europa.eu/esco/skill/dacaebb5-5d85-4f3e-9adb-7c82b4f53189,http://data.europa.eu/esco/skill/dacaebb5-5d85-4f3e-9adb-7c82b4f53189,IN_COLLECTION,Green,high,True
http://data.europa.eu/esco/skill/dada8e80-2a53-41bf-9eac-f8c1f9971bed,http://data.europa.eu/esco/skill/dada8e80-2a53-41bf-9eac-f8c1f9971bed,IN_COLLECTION,Green,high,True
http://data.europa.eu/esco/skill/dbbe485f-b9c2-42df-ba1c-144a2ecfb119,http://data.europa.eu/esco/skill/dbbe485f-b9c2-42df-ba1c-144a2ecfb119,IN_COLLECTION,Green,high,True
http://data.europa.eu/esco/skill/dbe63ddf-76f8-4177-a482-fee995a57b77,http://data.europa.eu/esco/skill/dbe63ddf-76f8-4177-a482-fee995a57b77,IN_COLLECTION,Green,high,True
http://data.europa.eu/esco/skill/dbef5042-4b99-4e6f-b2ed-1d33b07b3ed6,http://data.europa.eu/esco/skill/dbef5042-4b99-4e6f-b2ed-1d33b07b3ed6,IN_COLLECTION,Green,high,True
http://data.europa.eu/esco/skill/dd5451c6-a006-4218-bf94-348d81bed42f,http://data.europa.eu/esco/skill/dd5451c6-a006-4218-bf94-348d81bed42f,IN_COLLECTION,Green,high,True
http://data.europa.eu/esco/skill/dda745dd-b8d6-45d8-8c74-e05495ce90f5,http://data.europa.eu/esco/skill/dda745dd-b8d6-45d8-8c74-e05495ce90f5,IN_COLLECTION,Green,high,True
http://data.europa.eu/esco/skill/ddbf25f1-b91a-4083-9ef1-cc113a46e4c0,http://data.europa.eu/esco/skill/ddbf25f1-b91a-4083-9ef1-cc113a46e4c0,IN_COLLECTION,Green,high,True
http://data.europa.eu/esco/skill/ddce2912-bc0f-4a47-aa2b-c1de48bc4b44,http://data.europa.eu/esco/skill/ddce2912-bc0f-4a47-aa2b-c1de48bc4b44,IN_COLLECTION,Green,high,True
http://data.europa.eu/esco/skill/de131ede-cbfe-4e34-aff4-96f16831c3c4,http://data.europa.eu/esco/skill/de131ede-cbfe-4e34-aff4-96f16831c3c4,IN_COLLECTION,Green,high,True
http://data.europa.eu/esco/skill/debd4fe7-58c9-499e-8a7e-b42984afe728,http://data.europa.eu/esco/skill/debd4fe7-58c9-499e-8a7e-b42984afe728,IN_COLLECTION,Green,high,True
http://data.europa.eu/esco/skill/df0690fb-070b-4d63-9043-a65f18044787,http://data.europa.eu/esco/skill/df0690fb-070b-4d63-9043-a65f18044787,IN_COLLECTION,Green,high,True
http://data.europa.eu/esco/skill/df179770-1c8d-4673-a270-481b7e4e6010,http://data.europa.eu/esco/skill/df179770-1c8d-4673-a270-481b7e4e6010,IN_COLLECTION,Green,high,True
http://data.europa.eu/esco/skill/dff0087d-25e4-40bf-979e-32fdf2445438,http://data.europa.eu/esco/skill/dff0087d-25e4-40bf-979e-32fdf2445438,IN_COLLECTION,Green,high,True
http://data.europa.eu/esco/skill/e0475631-c151-4413-829c-cb5c76b83271,http://data.europa.eu/esco/skill/e0475631-c151-4413-829c-cb5c76b83271,IN_COLLECTION,Green,high,True
http://data.europa.eu/esco/skill/e16fca1b-b3e2-4823-bba1-7c755c1caf58,http://data.europa.eu/esco/skill/e16fca1b-b3e2-4823-bba1-7c755c1caf58,IN_COLLECTION,Green,high,True
http://data.europa.eu/esco/skill/e1da04bb-4de8-4d17-af8a-75ea893fe36a,http://data.europa.eu/esco/skill/e1da04bb-4de8-4d17-af8a-75ea893fe36a,IN_COLLECTION,Green,high,True
http://data.europa.eu/esco/skill/e2028206-3060-4e81-8350-77baefabefde,http://data.europa.eu/esco/skill/e2028206-3060-4e81-8350-77baefabefde,IN_COLLECTION,Green,high,True
http://data.europa.eu/esco/skill/e2bb641f-f647-4229-a48e-9a5ef3526c23,http://data.europa.eu/esco/skill/e2bb641f-f647-4229-a48e-9a5ef3526c23,IN_COLLECTION,Green,high,True
http://data.europa.eu/esco/skill/e361af91-3e68-4e59-b0e2-bca0ffb416fa,http://data.europa.eu/esco/skill/e361af91-3e68-4e59-b0e2-bca0ffb416fa,IN_COLLECTION,Green,high,True
http://data.europa.eu/esco/skill/e381f278-7218-4f30-a7b6-34dc3eb7e4a8,http://data.europa.eu/esco/skill/e381f278-7218-4f30-a7b6-34dc3eb7e4a8,IN_COLLECTION,Green,high,True
http://data.europa.eu/esco/skill/e3f2c37f-e484-4b4c-ad82-f565a2b98f89,http://data.europa.eu/esco/skill/e3f2c37f-e484-4b4c-ad82-f565a2b98f89,IN_COLLECTION,Green,high,True
http://data.europa.eu/esco/skill/e3fcd642-5f9c-48ee-be58-258dd895d281,http://data.europa.eu/esco/skill/e3fcd642-5f9c-48ee-be58-258dd895d281,IN_COLLECTION,Green,high,True
http://data.europa.eu/esco/skill/e45507ff-c1e2-4e0c-92fb-b6c0e6cb6245,http://data.europa.eu/esco/skill/e45507ff-c1e2-4e0c-92fb-b6c0e6cb6245,IN_COLLECTION,Green,high,True
http://data.europa.eu/esco/skill/e4698f9f-bb23-486e-a74a-c8f3a19c3132,http://data.europa.eu/esco/skill/e4698f9f-bb23-486e-a74a-c8f3a19c3132,IN_COLLECTION,Green,high,True
http://data.europa.eu/esco/skill/e4ff825c-7376-4135-93cd-3892fd67b7c1,http://data.europa.eu/esco/skill/e4ff825c-7376-4135-93cd-3892fd67b7c1,IN_COLLECTION,Green,high,True
http://data.europa.eu/esco/skill/e52c1125-1d27-4e3d-afc9-761ee5f678b3,http://data.europa.eu/esco/skill/e52c1125-1d27-4e3d-afc9-761ee5f678b3,IN_COLLECTION,Green,high,True
http://data.europa.eu/esco/skill/e541c69c-ea80-4b17-87cb-4001d0b9d303,http://data.europa.eu/esco/skill/e541c69c-ea80-4b17-87cb-4001d0b9d303,IN_COLLECTION,Green,high,True
http://data.europa.eu/esco/skill/e5727f3b-0dc9-4daf-84e0-d5789b33a6d9,http://data.europa.eu/esco/skill/e5727f3b-0dc9-4daf-84e0-d5789b33a6d9,IN_COLLECTION,Green,high,True
http://data.europa.eu/esco/skill/e5deced2-5636-4ff2-b9bc-dca6cbfc5f72,http://data.europa.eu/esco/skill/e5deced2-5636-4ff2-b9bc-dca6cbfc5f72,IN_COLLECTION,Green,high,True
http://data.europa.eu/esco/skill/e5f77488-7561-475a-9888-decd2443d37a,http://data.europa.eu/esco/skill/e5f77488-7561-475a-9888-decd2443d37a,IN_COLLECTION,Green,high,True
http://data.europa.eu/esco/skill/e65117b6-97e0-4f45-bd61-e581dcd6ec2a,http://data.europa.eu/esco/skill/e65117b6-97e0-4f45-bd61-e581dcd6ec2a,IN_COLLECTION,Green,high,True
http://data.europa.eu/esco/skill/e671c957-b998-49df-b630-7908806966f1,http://data.europa.eu/esco/skill/e671c957-b998-49df-b630-7908806966f1,IN_COLLECTION,Green,high,True
http://data.europa.eu/esco/skill/e7c47c8c-7110-4c56-bca1-f56a2c3ed11b,http://data.europa.eu/esco/skill/e7c47c8c-7110-4c56-bca1-f56a2c3ed11b,IN_COLLECTION,Green,high,True
http://data.europa.eu/esco/skill/e85cff6b-ee0e-4106-98f0-b57b39a2ea3f,http://data.europa.eu/esco/skill/e85cff6b-ee0e-4106-98f0-b57b39a2ea3f,IN_COLLECTION,Green,high,True
http://data.europa.eu/esco/skill/e979659d-d06e-4968-b4b2-ac51e379b552,http://data.europa.eu/esco/skill/e979659d-d06e-4968-b4b2-ac51e379b552,IN_COLLECTION,Green,high,True
http://data.europa.eu/esco/skill/e9d6ebab-13ad-45ce-a955-fc3f1e56add8,http://data.europa.eu/esco/skill/e9d6ebab-13ad-45ce-a955-fc3f1e56add8,IN_COLLECTION,Green,high,True
http://data.europa.eu/esco/skill/e9e57db9-a6ef-4e44-a33c-a022d7c4a17f,http://data.europa.eu/esco/skill/e9e57db9-a6ef-4e44-a33c-a022d7c4a17f,IN_COLLECTION,Green,high,True
http://data.europa.eu/esco/skill/e9ff446f-6a8a-4e35-a611-176508964be3,http://data.europa.eu/esco/skill/e9ff446f-6a8a-4e35-a611-176508964be3,IN_COLLECTION,Green,high,True
http://data.europa.eu/esco/skill/eac55ce8-82f5-4ff0-bdff-64872d8c51ea,http://data.europa.eu/esco/skill/eac55ce8-82f5-4ff0-bdff-64872d8c51ea,IN_COLLECTION,Green,high,True
http://data.europa.eu/esco/skill/eadf0f36-cba0-4e68-8458-c91bc60b494d,http://data.europa.eu/esco/skill/eadf0f36-cba0-4e68-8458-c91bc60b494d,IN_COLLECTION,Green,high,True
http://data.europa.eu/esco/skill/eb65ce8e-61bf-49d1-99bb-cb699ba1005b,http://data.europa.eu/esco/skill/eb65ce8e-61bf-49d1-99bb-cb699ba1005b,IN_COLLECTION,Green,high,True
http://data.europa.eu/esco/skill/ec4de8aa-9ba4-412b-832d-93361210eae3,http://data.europa.eu/esco/skill/ec4de8aa-9ba4-412b-832d-93361210eae3,IN_COLLECTION,Green,high,True
http://data.europa.eu/esco/skill/ec66a2f9-db12-4eec-936a-47632bfdccfb,http://data.europa.eu/esco/skill/ec66a2f9-db12-4eec-936a-47632bfdccfb,IN_COLLECTION,Green,high,True
http://data.europa.eu/esco/skill/ec7fd241-e68f-4593-a42a-a12a9bd80cbc,http://data.europa.eu/esco/skill/ec7fd241-e68f-4593-a42a-a12a9bd80cbc,IN_COLLECTION,Green,high,True
http://data.europa.eu/esco/skill/ecd368bc-6383-4a03-9b61-46e0a94750f7,http://data.europa.eu/esco/skill/ecd368bc-6383-4a03-9b61-46e0a94750f7,IN_COLLECTION,Green,high,True
http://data.europa.eu/esco/skill/ed8dbdd1-5b40-4eaf-adaf-3b1f6d16a37b,http://data.europa.eu/esco/skill/ed8dbdd1-5b40-4eaf-adaf-3b1f6d16a37b,IN_COLLECTION,Green,high,True
http://data.europa.eu/esco/skill/edf0690f-629d-4674-a9df-45fd89413e85,http://data.europa.eu/esco/skill/edf0690f-629d-4674-a9df-45fd89413e85,IN_COLLECTION,Green,high,True
http://data.europa.eu/esco/skill/ee02393d-27dd-438a-8879-b8088ce45e79,http://data.europa.eu/esco/skill/ee02393d-27dd-438a-8879-b8088ce45e79,IN_COLLECTION,Green,high,True
http://data.europa.eu/esco/skill/ee62e616-b6e9-49c1-888b-1b4e81f3536e,http://data.europa.eu/esco/skill/ee62e616-b6e9-49c1-888b-1b4e81f3536e,IN_COLLECTION,Green,high,True
http://data.europa.eu/esco/skill/eecbbdd5-5c07-41a4-9486-c0373de7fbab,http://data.europa.eu/esco/skill/eecbbdd5-5c07-41a4-9486-c0373de7fbab,IN_COLLECTION,Green,high,True
http://data.europa.eu/esco/skill/ef010091-ddce-410d-9864-9276ef6fe390,http://data.europa.eu/esco/skill/ef010091-ddce-410d-9864-9276ef6fe390,IN_COLLECTION,Green,high,True
http://data.europa.eu/esco/skill/f03a3387-c4a7-41e3-a5d4-dd4577147940,http://data.europa.eu/esco/skill/f03a3387-c4a7-41e3-a5d4-dd4577147940,IN_COLLECTION,Green,high,True
http://data.europa.eu/esco/skill/f12f094b-492f-4e88-b36b-50b8e58b7500,http://data.europa.eu/esco/skill/f12f094b-492f-4e88-b36b-50b8e58b7500,IN_COLLECTION,Green,high,True
http://data.europa.eu/esco/skill/f14cfbac-07c5-43de-8b63-51518be99826,http://data.europa.eu/esco/skill/f14cfbac-07c5-43de-8b63-51518be99826,IN_COLLECTION,Green,high,True
http://data.europa.eu/esco/skill/f191c306-f0eb-4cb8-82fb-3331adbbc6f1,http://data.europa.eu/esco/skill/f191c306-f0eb-4cb8-82fb-3331adbbc6f1,IN_COLLECTION,Green,high,True
http://data.europa.eu/esco/skill/f2071535-4da0-4253-a548-920d170b80e0,http://data.europa.eu/esco/skill/f2071535-4da0-4253-a548-920d170b80e0,IN_COLLECTION,Green,high,True
http://data.europa.eu/esco/skill/f2412a5c-8072-4cd7-8fa1-806864f91276,http://data.europa.eu/esco/skill/f2412a5c-8072-4cd7-8fa1-806864f91276,IN_COLLECTION,Green,high,True
http://data.europa.eu/esco/skill/f2704539-8b55-4164-8911-e550a1f9c47f,http://data.europa.eu/esco/skill/f2704539-8b55-4164-8911-e550a1f9c47f,IN_COLLECTION,Green,high,True
http://data.europa.eu/esco/skill/f2711363-fced-40af-837e-5cea0c7f0604,http://data.europa.eu/esco/skill/f2711363-fced-40af-837e-5cea0c7f0604,IN_COLLECTION,Green,high,True
http://data.europa.eu/esco/skill/f29c3331-b0dc-44c6-949f-b646bcfde992,http://data.europa.eu/esco/skill/f29c3331-b0dc-44c6-949f-b646bcfde992,IN_COLLECTION,Green,high,True
http://data.europa.eu/esco/skill/f2f463e5-2382-49cb-8199-e7e043d868df,http://data.europa.eu/esco/skill/f2f463e5-2382-49cb-8199-e7e043d868df,IN_COLLECTION,Green,high,True
http://data.europa.eu/esco/skill/f36dff27-a70e-4c23-b2de-e2dffe84adbf,http://data.europa.eu/esco/skill/f36dff27-a70e-4c23-b2de-e2dffe84adbf,IN_COLLECTION,Green,high,True
http://data.europa.eu/esco/skill/f3cc52e3-a96c-4549-b841-6e41a846fa99,http://data.europa.eu/esco/skill/f3cc52e3-a96c-4549-b841-6e41a846fa99,IN_COLLECTION,Green,high,True
http://data.europa.eu/esco/skill/f5bf985b-ac78-4d23-881a-18a359234528,http://data.europa.eu/esco/skill/f5bf985b-ac78-4d23-881a-18a359234528,IN_COLLECTION,Green,high,True
http://data.europa.eu/esco/skill/f64b7f4d-e89e-4920-8674-b75a9cd63389,http://data.europa.eu/esco/skill/f64b7f4d-e89e-4920-8674-b75a9cd63389,IN_COLLECTION,Green,high,True
http://data.europa.eu/esco/skill/f66b2fc3-2952-41e5-89bf-a9157ea29420,http://data.europa.eu/esco/skill/f66b2fc3-2952-41e5-89bf-a9157ea29420,IN_COLLECTION,Green,high,True
http://data.europa.eu/esco/skill/f672b7a0-698e-45f1-a102-51adeaf89200,http://data.europa.eu/esco/skill/f672b7a0-698e-45f1-a102-51adeaf89200,IN_COLLECTION,Green,high,True
http://data.europa.eu/esco/skill/f6d7ba88-5234-4994-944d-843ca453c923,http://data.europa.eu/esco/skill/f6d7ba88-5234-4994-944d-843ca453c923,IN_COLLECTION,Green,high,True
http://data.europa.eu/esco/skill/f76eeb55-2ad1-40ef-ba09-fa60e2c28b40,http://data.europa.eu/esco/skill/f76eeb55-2ad1-40ef-ba09-fa60e2c28b40,IN_COLLECTION,Green,high,True
http://data.europa.eu/esco/skill/f806d624-7700-4e47-9f7b-253d4d6ab9e5,http://data.europa.eu/esco/skill/f806d624-7700-4e47-9f7b-253d4d6ab9e5,IN_COLLECTION,Green,high,True
http://data.europa.eu/esco/skill/f82b05a7-128b-4a72-a815-044ff6062f62,http://data.europa.eu/esco/skill/f82b05a7-128b-4a72-a815-044ff6062f62,IN_COLLECTION,Green,high,True
http://data.europa.eu/esco/skill/f8413360-6114-40de-a276-c59b764b9913,http://data.europa.eu/esco/skill/f8413360-6114-40de-a276-c59b764b9913,IN_COLLECTION,Green,high,True
http://data.europa.eu/esco/skill/f8460277-3c9a-4be4-b203-600a2a295f47,http://data.europa.eu/esco/skill/f8460277-3c9a-4be4-b203-600a2a295f47,IN_COLLECTION,Green,high,True
http://data.europa.eu/esco/skill/f85c6fbb-51c9-4b3f-adc9-391df4b2da65,http://data.europa.eu/esco/skill/f85c6fbb-51c9-4b3f-adc9-391df4b2da65,IN_COLLECTION,Green,high,True
http://data.europa.eu/esco/skill/f9b7be6c-29a0-4021-980e-a0e3b0005205,http://data.europa.eu/esco/skill/f9b7be6c-29a0-4021-980e-a0e3b0005205,IN_COLLECTION,Green,high,True
http://data.europa.eu/esco/skill/fac6dbca-0d38-48a0-a255-d2beea8156d6,http://data.europa.eu/esco/skill/fac6dbca-0d38-48a0-a255-d2beea8156d6,IN_COLLECTION,Green,high,True
http://data.europa.eu/esco/skill/fc0ea6f4-8182-4127-a92b-fd53be15ec30,http://data.europa.eu/esco/skill/fc0ea6f4-8182-4127-a92b-fd53be15ec30,IN_COLLECTION,Green,high,True
http://data.europa.eu/esco/skill/fc6890aa-1dbd-4aa1-bae2-4699965eeaf0,http://data.europa.eu/esco/skill/fc6890aa-1dbd-4aa1-bae2-4699965eeaf0,IN_COLLECTION,Green,high,True
http://data.europa.eu/esco/skill/fc7ed09d-3010-4054-8136-a534b16fb35e,http://data.europa.eu/esco/skill/fc7ed09d-3010-4054-8136-a534b16fb35e,IN_COLLECTION,Green,high,True
http://data.europa.eu/esco/skill/fcc29203-1f8d-4c54-90ee-78cb18467695,http://data.europa.eu/esco/skill/fcc29203-1f8d-4c54-90ee-78cb18467695,IN_COLLECTION,Green,high,True
http://data.europa.eu/esco/skill/fd2930ce-cd21-4eb2-87f7-115c3d197e24,http://data.europa.eu/esco/skill/fd2930ce-cd21-4eb2-87f7-115c3d197e24,IN_COLLECTION,Green,high,True
http://data.europa.eu/esco/skill/fdfb348c-6aaf-4815-8f50-2f665287c422,http://data.europa.eu/esco/skill/fdfb348c-6aaf-4815-8f50-2f665287c422,IN_COLLECTION,Green,high,True
http://data.europa.eu/esco/skill/fdff4747-70f6-4f1a-8285-8d31eb3c11e1,http://data.europa.eu/esco/skill/fdff4747-70f6-4f1a-8285-8d31eb3c11e1,IN_COLLECTION,Green,high,True
http://data.europa.eu/esco/skill/ffa1d58b-ba09-49bd-a982-e743b2237006,http://data.europa.eu/esco/skill/ffa1d58b-ba09-49bd-a982-e743b2237006,IN_COLLECTION,Green,high,True
http://data.europa.eu/esco/skill/01f10952-cb59-4347-9aee-d4fbc51c870a,http://data.europa.eu/esco/skill/01f10952-cb59-4347-9aee-d4fbc51c870a,IN_COLLECTION,Language,low,True
http://data.europa.eu/esco/skill/021c8a09-6b8d-4708-a5dd-17677e846640,http://data.europa.eu/esco/skill/021c8a09-6b8d-4708-a5dd-17677e846640,IN_COLLECTION,Language,low,True
http://data.europa.eu/esco/skill/02d68c2b-1722-4440-8e25-376650e123c8,http://data.europa.eu/esco/skill/02d68c2b-1722-4440-8e25-376650e123c8,IN_COLLECTION,Language,low,True
http://data.europa.eu/esco/skill/037b5e5f-db3c-40cd-864e-5b9b9a3a080d,http://data.europa.eu/esco/skill/037b5e5f-db3c-40cd-864e-5b9b9a3a080d,IN_COLLECTION,Language,low,True
http://data.europa.eu/esco/skill/03a53283-d3ee-41c1-ab3e-eb806616440e,http://data.europa.eu/esco/skill/03a53283-d3ee-41c1-ab3e-eb806616440e,IN_COLLECTION,Language,low,True
http://data.europa.eu/esco/skill/047218cf-3974-4148-86f8-31464253aa08,http://data.europa.eu/esco/skill/047218cf-3974-4148-86f8-31464253aa08,IN_COLLECTION,Language,low,True
http://data.europa.eu/esco/skill/049b5d37-aab3-4b6a-a505-bf254a434b5d,http://data.europa.eu/esco/skill/049b5d37-aab3-4b6a-a505-bf254a434b5d,IN_COLLECTION,Language,low,True
http://data.europa.eu/esco/skill/049de1f6-34ec-46f9-a0b1-8fc6f0199413,http://data.europa.eu/esco/skill/049de1f6-34ec-46f9-a0b1-8fc6f0199413,IN_COLLECTION,Language,low,True
http://data.europa.eu/esco/skill/04bd6e5b-9f81-4c3d-a81f-d7ac2c08dfd9,http://data.europa.eu/esco/skill/04bd6e5b-9f81-4c3d-a81f-d7ac2c08dfd9,IN_COLLECTION,Language,low,True
http://data.europa.eu/esco/skill/078a25a4-1ac2-4c83-b0ed-8f8573c4633a,http://data.europa.eu/esco/skill/078a25a4-1ac2-4c83-b0ed-8f8573c4633a,IN_COLLECTION,Language,low,True
http://data.europa.eu/esco/skill/0799a646-288c-4fcd-a6fd-d97a41c1bf5b,http://data.europa.eu/esco/skill/0799a646-288c-4fcd-a6fd-d97a41c1bf5b,IN_COLLECTION,Language,low,True
http://data.europa.eu/esco/skill/07cacd8e-6aaf-4cab-abeb-28319f454606,http://data.europa.eu/esco/skill/07cacd8e-6aaf-4cab-abeb-28319f454606,IN_COLLECTION,Language,low,True
http://data.europa.eu/esco/skill/08759658-fffc-4951-bea0-1fb51d06eb89,http://data.europa.eu/esco/skill/08759658-fffc-4951-bea0-1fb51d06eb89,IN_COLLECTION,Language,low,True
http://data.europa.eu/esco/skill/08ee9a78-5eb5-426c-b34e-9ef0e0f88cc5,http://data.europa.eu/esco/skill/08ee9a78-5eb5-426c-b34e-9ef0e0f88cc5,IN_COLLECTION,Language,low,True
http://data.europa.eu/esco/skill/0a1e6554-1c6b-42c6-970b-8d9a307cdb5e,http://data.europa.eu/esco/skill/0a1e6554-1c6b-42c6-970b-8d9a307cdb5e,IN_COLLECTION,Language,low,True
http://data.europa.eu/esco/skill/0a35de65-e51d-4862-a425-2f4dd5c4a982,http://data.europa.eu/esco/skill/0a35de65-e51d-4862-a425-2f4dd5c4a982,IN_COLLECTION,Language,low,True
http://data.europa.eu/esco/skill/0b8a3319-54be-4b35-8425-c31d1f42f186,http://data.europa.eu/esco/skill/0b8a3319-54be-4b35-8425-c31d1f42f186,IN_COLLECTION,Language,low,True
http://data.europa.eu/esco/skill/0dc4ee3d-3e51-4765-bc1c-996707beeea1,http://data.europa.eu/esco/skill/0dc4ee3d-3e51-4765-bc1c-996707beeea1,IN_COLLECTION,Language,low,True
http://data.europa.eu/esco/skill/0e3493f4-0cad-4fbc-8e02-025f169b8114,http://data.europa.eu/esco/skill/0e3493f4-0cad-4fbc-8e02-025f169b8114,IN_COLLECTION,Language,low,True
http://data.europa.eu/esco/skill/0e91219a-e74a-46e6-bcf9-9e14da031343,http://data.europa.eu/esco/skill/0e91219a-e74a-46e6-bcf9-9e14da031343,IN_COLLECTION,Language,low,True
http://data.europa.eu/esco/skill/0ee9e985-0ee5-4a73-8a12-78b53b261bb2,http://data.europa.eu/esco/skill/0ee9e985-0ee5-4a73-8a12-78b53b261bb2,IN_COLLECTION,Language,low,True
http://data.europa.eu/esco/skill/0efbd0a0-0272-445d-90a8-ebb2a9b5058b,http://data.europa.eu/esco/skill/0efbd0a0-0272-445d-90a8-ebb2a9b5058b,IN_COLLECTION,Language,low,True
http://data.europa.eu/esco/skill/0f58a178-1382-4df2-95e8-2b3f90e80e24,http://data.europa.eu/esco/skill/0f58a178-1382-4df2-95e8-2b3f90e80e24,IN_COLLECTION,Language,low,True
http://data.europa.eu/esco/skill/0f775d62-d543-40dd-aaaf-56195c2bfd80,http://data.europa.eu/esco/skill/0f775d62-d543-40dd-aaaf-56195c2bfd80,IN_COLLECTION,Language,low,True
http://data.europa.eu/esco/skill/10323914-77bf-41f2-b081-42b6e972d08d,http://data.europa.eu/esco/skill/10323914-77bf-41f2-b081-42b6e972d08d,IN_COLLECTION,Language,low,True
http://data.europa.eu/esco/skill/10b306ae-6a1b-4e62-b06d-8702cfc6814c,http://data.europa.eu/esco/skill/10b306ae-6a1b-4e62-b06d-8702cfc6814c,IN_COLLECTION,Language,low,True
http://data.europa.eu/esco/skill/1299a59c-8b90-4838-8bef-0065cdfc8bdf,http://data.europa.eu/esco/skill/1299a59c-8b90-4838-8bef-0065cdfc8bdf,IN_COLLECTION,Language,low,True
http://data.europa.eu/esco/skill/13fc11d0-d35f-4a2c-9115-b0e2ed372523,http://data.europa.eu/esco/skill/13fc11d0-d35f-4a2c-9115-b0e2ed372523,IN_COLLECTION,Language,low,True
http://data.europa.eu/esco/skill/1408a267-21e1-479e-bd40-197fa14b3024,http://data.europa.eu/esco/skill/1408a267-21e1-479e-bd40-197fa14b3024,IN_COLLECTION,Language,low,True
http://data.europa.eu/esco/skill/1495fc80-05c1-4f5b-82ae-9abc612364cc,http://data.europa.eu/esco/skill/1495fc80-05c1-4f5b-82ae-9abc612364cc,IN_COLLECTION,Language,low,True
http://data.europa.eu/esco/skill/14ee9f76-3524-43d5-8a1a-5ba8283f8bd7,http://data.europa.eu/esco/skill/14ee9f76-3524-43d5-8a1a-5ba8283f8bd7,IN_COLLECTION,Language,low,True
http://data.europa.eu/esco/skill/14fc9b06-bf35-4b35-8f07-c53856ef18bc,http://data.europa.eu/esco/skill/14fc9b06-bf35-4b35-8f07-c53856ef18bc,IN_COLLECTION,Language,low,True
http://data.europa.eu/esco/skill/1500f1a7-d348-4d9e-b0a0-5792645f6c7a,http://data.europa.eu/esco/skill/1500f1a7-d348-4d9e-b0a0-5792645f6c7a,IN_COLLECTION,Language,low,True
http://data.europa.eu/esco/skill/15db81bb-7ee6-4a5f-838f-0e8a731b1fb7,http://data.europa.eu/esco/skill/15db81bb-7ee6-4a5f-838f-0e8a731b1fb7,IN_COLLECTION,Language,low,True
http://data.europa.eu/esco/skill/15ea7b6b-1b93-4ed8-b58a-5c54777e0832,http://data.europa.eu/esco/skill/15ea7b6b-1b93-4ed8-b58a-5c54777e0832,IN_COLLECTION,Language,low,True
http://data.europa.eu/esco/skill/15f261e6-4379-437e-b137-b0c473ae3e74,http://data.europa.eu/esco/skill/15f261e6-4379-437e-b137-b0c473ae3e74,IN_COLLECTION,Language,low,True
http://data.europa.eu/esco/skill/1627c1b9-31e1-4742-bf5c-cfec2ce33cfc,http://data.europa.eu/esco/skill/1627c1b9-31e1-4742-bf5c-cfec2ce33cfc,IN_COLLECTION,Language,low,True
http://data.europa.eu/esco/skill/1658c54a-05f7-4bde-a2f0-be67bfbda596,http://data.europa.eu/esco/skill/1658c54a-05f7-4bde-a2f0-be67bfbda596,IN_COLLECTION,Language,low,True
http://data.europa.eu/esco/skill/16af0cae-57a8-478b-9095-13d3a170c9e7,http://data.europa.eu/esco/skill/16af0cae-57a8-478b-9095-13d3a170c9e7,IN_COLLECTION,Language,low,True
http://data.europa.eu/esco/skill/16c86dd8-00fa-4fbd-a0a9-bb59f83ebc85,http://data.europa.eu/esco/skill/16c86dd8-00fa-4fbd-a0a9-bb59f83ebc85,IN_COLLECTION,Language,low,True
http://data.europa.eu/esco/skill/1778faed-42eb-4aba-a41a-83989cb6bc6b,http://data.europa.eu/esco/skill/1778faed-42eb-4aba-a41a-83989cb6bc6b,IN_COLLECTION,Language,low,True
http://data.europa.eu/esco/skill/185647bf-e101-4080-9a40-09173d7eefd0,http://data.europa.eu/esco/skill/185647bf-e101-4080-9a40-09173d7eefd0,IN_COLLECTION,Language,low,True
http://data.europa.eu/esco/skill/18e55722-e209-49a4-9f2c-ff0a789b3a68,http://data.europa.eu/esco/skill/18e55722-e209-49a4-9f2c-ff0a789b3a68,IN_COLLECTION,Language,low,True
http://data.europa.eu/esco/skill/1988ce17-ce7a-44b9-9fce-5aaea5f811f5,http://data.europa.eu/esco/skill/1988ce17-ce7a-44b9-9fce-5aaea5f811f5,IN_COLLECTION,Language,low,True
http://data.europa.eu/esco/skill/19b04a30-2e1d-4893-a86c-bde277765c7f,http://data.europa.eu/esco/skill/19b04a30-2e1d-4893-a86c-bde277765c7f,IN_COLLECTION,Language,low,True
http://data.europa.eu/esco/skill/1a61a520-f4a5-48fe-9087-3d0e46943d8e,http://data.europa.eu/esco/skill/1a61a520-f4a5-48fe-9087-3d0e46943d8e,IN_COLLECTION,Language,low,True
http://data.europa.eu/esco/skill/1b7e6f56-bc73-4bcc-81ae-09252175d418,http://data.europa.eu/esco/skill/1b7e6f56-bc73-4bcc-81ae-09252175d418,IN_COLLECTION,Language,low,True
http://data.europa.eu/esco/skill/1d3c5ca3-e154-4a43-883e-7496e8886cd6,http://data.europa.eu/esco/skill/1d3c5ca3-e154-4a43-883e-7496e8886cd6,IN_COLLECTION,Language,low,True
http://data.europa.eu/esco/skill/1d5526b3-f17b-46fc-ba7d-f4a32d908a7e,http://data.europa.eu/esco/skill/1d5526b3-f17b-46fc-ba7d-f4a32d908a7e,IN_COLLECTION,Language,low,True
http://data.europa.eu/esco/skill/1f90c205-f869-4dcf-a374-c4fdeded9cbc,http://data.europa.eu/esco/skill/1f90c205-f869-4dcf-a374-c4fdeded9cbc,IN_COLLECTION,Language,low,True
http://data.europa.eu/esco/skill/1fe42b38-cd42-4fc7-ae77-14e4c9e96295,http://data.europa.eu/esco/skill/1fe42b38-cd42-4fc7-ae77-14e4c9e96295,IN_COLLECTION,Language,low,True
http://data.europa.eu/esco/skill/2080075c-0488-4fbf-a786-734dbbef31ce,http://data.europa.eu/esco/skill/2080075c-0488-4fbf-a786-734dbbef31ce,IN_COLLECTION,Language,low,True
http://data.europa.eu/esco/skill/20d51474-58e1-4fb3-aec3-57bdc187c5ce,http://data.europa.eu/esco/skill/20d51474-58e1-4fb3-aec3-57bdc187c5ce,IN_COLLECTION,Language,low,True
http://data.europa.eu/esco/skill/214da014-b85e-4bb5-961d-1198a05e6b67,http://data.europa.eu/esco/skill/214da014-b85e-4bb5-961d-1198a05e6b67,IN_COLLECTION,Language,low,True
http://data.europa.eu/esco/skill/2203ac44-f4a7-4d34-a55f-1af107415988,http://data.europa.eu/esco/skill/2203ac44-f4a7-4d34-a55f-1af107415988,IN_COLLECTION,Language,low,True
http://data.europa.eu/esco/skill/222bf50b-6739-48b1-a655-658306c3529f,http://data.europa.eu/esco/skill/222bf50b-6739-48b1-a655-658306c3529f,IN_COLLECTION,Language,low,True
http://data.europa.eu/esco/skill/227accd5-5e70-4cc3-8f1c-3f7b52eb6848,http://data.europa.eu/esco/skill/227accd5-5e70-4cc3-8f1c-3f7b52eb6848,IN_COLLECTION,Language,low,True
http://data.europa.eu/esco/skill/2358a146-6e8f-43cb-872f-a12ac9c57d60,http://data.europa.eu/esco/skill/2358a146-6e8f-43cb-872f-a12ac9c57d60,IN_COLLECTION,Language,low,True
http://data.europa.eu/esco/skill/237420c1-1882-4ce0-aa48-41a8e61977e5,http://data.europa.eu/esco/skill/237420c1-1882-4ce0-aa48-41a8e61977e5,IN_COLLECTION,Language,low,True
http://data.europa.eu/esco/skill/246980fe-6222-4852-ade8-b372f7e0fd20,http://data.europa.eu/esco/skill/246980fe-6222-4852-ade8-b372f7e0fd20,IN_COLLECTION,Language,low,True
http://data.europa.eu/esco/skill/25fcf0ff-1615-44b8-a81a-e6e8ce9deed7,http://data.europa.eu/esco/skill/25fcf0ff-1615-44b8-a81a-e6e8ce9deed7,IN_COLLECTION,Language,low,True
http://data.europa.eu/esco/skill/2704b00a-5d70-40ad-997d-212b323fb32d,http://data.europa.eu/esco/skill/2704b00a-5d70-40ad-997d-212b323fb32d,IN_COLLECTION,Language,low,True
http://data.europa.eu/esco/skill/273a28d6-1bd3-4d13-a906-3d75c1cfdfc1,http://data.europa.eu/esco/skill/273a28d6-1bd3-4d13-a906-3d75c1cfdfc1,IN_COLLECTION,Language,low,True
http://data.europa.eu/esco/skill/2874065e-6ca3-430c-912a-467da3c23704,http://data.europa.eu/esco/skill/2874065e-6ca3-430c-912a-467da3c23704,IN_COLLECTION,Language,low,True
http://data.europa.eu/esco/skill/29c954f2-ed17-4900-bba5-4cfd294f3680,http://data.europa.eu/esco/skill/29c954f2-ed17-4900-bba5-4cfd294f3680,IN_COLLECTION,Language,low,True
http://data.europa.eu/esco/skill/2abb9db5-350c-444c-8292-0e0b2ce00f9a,http://data.europa.eu/esco/skill/2abb9db5-350c-444c-8292-0e0b2ce00f9a,IN_COLLECTION,Language,low,True
http://data.europa.eu/esco/skill/2ac8e77b-6441-4337-b9a7-ba3d8e270cba,http://data.europa.eu/esco/skill/2ac8e77b-6441-4337-b9a7-ba3d8e270cba,IN_COLLECTION,Language,low,True
http://data.europa.eu/esco/skill/2adb5796-fe66-4971-a57b-b9936a7cab68,http://data.europa.eu/esco/skill/2adb5796-fe66-4971-a57b-b9936a7cab68,IN_COLLECTION,Language,low,True
http://data.europa.eu/esco/skill/2b7b97d3-9d77-45d4-a254-bb6c3047de78,http://data.europa.eu/esco/skill/2b7b97d3-9d77-45d4-a254-bb6c3047de78,IN_COLLECTION,Language,low,True
http://data.europa.eu/esco/skill/2ba106ed-4b44-45cf-8626-ff9a952b24ce,http://data.europa.eu/esco/skill/2ba106ed-4b44-45cf-8626-ff9a952b24ce,IN_COLLECTION,Language,low,True
http://data.europa.eu/esco/skill/2ce713f2-c684-4fa3-8e56-939e4bfbf4a2,http://data.europa.eu/esco/skill/2ce713f2-c684-4fa3-8e56-939e4bfbf4a2,IN_COLLECTION,Language,low,True
http://data.europa.eu/esco/skill/2eac15c1-fe9a-4b53-9f4e-b74747d665e5,http://data.europa.eu/esco/skill/2eac15c1-fe9a-4b53-9f4e-b74747d665e5,IN_COLLECTION,Language,low,True
http://data.europa.eu/esco/skill/2edc3686-dc8b-498d-a174-a1f91917f86d,http://data.europa.eu/esco/skill/2edc3686-dc8b-498d-a174-a1f91917f86d,IN_COLLECTION,Language,low,True
http://data.europa.eu/esco/skill/2f566fb0-89f0-4d15-bd20-e00c93adff35,http://data.europa.eu/esco/skill/2f566fb0-89f0-4d15-bd20-e00c93adff35,IN_COLLECTION,Language,low,True
http://data.europa.eu/esco/skill/2f7f7a05-88ec-4c8a-937f-381dce6b00fd,http://data.europa.eu/esco/skill/2f7f7a05-88ec-4c8a-937f-381dce6b00fd,IN_COLLECTION,Language,low,True
http://data.europa.eu/esco/skill/3048bf6d-27c7-4dc6-ae4b-e55094cec090,http://data.europa.eu/esco/skill/3048bf6d-27c7-4dc6-ae4b-e55094cec090,IN_COLLECTION,Language,low,True
http://data.europa.eu/esco/skill/33859d93-987c-4caa-a0a9-6159ea7bbc2a,http://data.europa.eu/esco/skill/33859d93-987c-4caa-a0a9-6159ea7bbc2a,IN_COLLECTION,Language,low,True
http://data.europa.eu/esco/skill/3388229a-0bcb-4778-9fa8-d69ac2cede71,http://data.europa.eu/esco/skill/3388229a-0bcb-4778-9fa8-d69ac2cede71,IN_COLLECTION,Language,low,True
http://data.europa.eu/esco/skill/34085657-5d64-4a68-abef-e5b7df3b3d46,http://data.europa.eu/esco/skill/34085657-5d64-4a68-abef-e5b7df3b3d46,IN_COLLECTION,Language,low,True
http://data.europa.eu/esco/skill/347d33a8-3698-4549-a7de-722a0216ee40,http://data.europa.eu/esco/skill/347d33a8-3698-4549-a7de-722a0216ee40,IN_COLLECTION,Language,low,True
http://data.europa.eu/esco/skill/354b948c-7eef-4ebc-bfd6-f60d7d5acb62,http://data.europa.eu/esco/skill/354b948c-7eef-4ebc-bfd6-f60d7d5acb62,IN_COLLECTION,Language,low,True
http://data.europa.eu/esco/skill/37624859-cbb6-43cb-a523-aa450877821a,http://data.europa.eu/esco/skill/37624859-cbb6-43cb-a523-aa450877821a,IN_COLLECTION,Language,low,True
http://data.europa.eu/esco/skill/37992d18-8d7e-4122-ad52-fa5d2d52ebde,http://data.europa.eu/esco/skill/37992d18-8d7e-4122-ad52-fa5d2d52ebde,IN_COLLECTION,Language,low,True
http://data.europa.eu/esco/skill/3993c87c-7719-4186-811b-8ddfb40e76be,http://data.europa.eu/esco/skill/3993c87c-7719-4186-811b-8ddfb40e76be,IN_COLLECTION,Language,low,True
http://data.europa.eu/esco/skill/39a7d447-5a30-41b1-967d-bdcde3288c9e,http://data.europa.eu/esco/skill/39a7d447-5a30-41b1-967d-bdcde3288c9e,IN_COLLECTION,Language,low,True
http://data.europa.eu/esco/skill/39c675c4-af13-49db-bbed-cf762102f85e,http://data.europa.eu/esco/skill/39c675c4-af13-49db-bbed-cf762102f85e,IN_COLLECTION,Language,low,True
http://data.europa.eu/esco/skill/3a0814b1-5851-43f9-b886-1e496fefcf9c,http://data.europa.eu/esco/skill/3a0814b1-5851-43f9-b886-1e496fefcf9c,IN_COLLECTION,Language,low,True
http://data.europa.eu/esco/skill/3a660148-e0d6-4b07-b107-10200ebb1b23,http://data.europa.eu/esco/skill/3a660148-e0d6-4b07-b107-10200ebb1b23,IN_COLLECTION,Language,low,True
http://data.europa.eu/esco/skill/3c98d1d7-52cd-44e7-8083-c02a981e3872,http://data.europa.eu/esco/skill/3c98d1d7-52cd-44e7-8083-c02a981e3872,IN_COLLECTION,Language,low,True
http://data.europa.eu/esco/skill/3cb08443-192d-475b-89ce-15901ed1a900,http://data.europa.eu/esco/skill/3cb08443-192d-475b-89ce-15901ed1a900,IN_COLLECTION,Language,low,True
http://data.europa.eu/esco/skill/3cc1fa63-1b28-44df-a93c-d09b12389a2f,http://data.europa.eu/esco/skill/3cc1fa63-1b28-44df-a93c-d09b12389a2f,IN_COLLECTION,Language,low,True
http://data.europa.eu/esco/skill/3cccda28-82cc-4e47-9442-af0cb4d64016,http://data.europa.eu/esco/skill/3cccda28-82cc-4e47-9442-af0cb4d64016,IN_COLLECTION,Language,low,True
http://data.europa.eu/esco/skill/40842478-ad09-4be9-a889-97299b013609,http://data.europa.eu/esco/skill/40842478-ad09-4be9-a889-97299b013609,IN_COLLECTION,Language,low,True
http://data.europa.eu/esco/skill/41253322-dc32-4d79-941c-3a8c230a1d85,http://data.europa.eu/esco/skill/41253322-dc32-4d79-941c-3a8c230a1d85,IN_COLLECTION,Language,low,True
http://data.europa.eu/esco/skill/416ca9da-3a58-4522-89a2-5746576feddd,http://data.europa.eu/esco/skill/416ca9da-3a58-4522-89a2-5746576feddd,IN_COLLECTION,Language,low,True
http://data.europa.eu/esco/skill/421910b5-70e1-429e-8b32-0df5518b7ddd,http://data.europa.eu/esco/skill/421910b5-70e1-429e-8b32-0df5518b7ddd,IN_COLLECTION,Language,low,True
http://data.europa.eu/esco/skill/4264f3aa-037e-44f4-bb08-90d2337953ee,http://data.europa.eu/esco/skill/4264f3aa-037e-44f4-bb08-90d2337953ee,IN_COLLECTION,Language,low,True
http://data.europa.eu/esco/skill/42b7c03a-3ed5-4dc1-adc0-ff1fb8d4d697,http://data.europa.eu/esco/skill/42b7c03a-3ed5-4dc1-adc0-ff1fb8d4d697,IN_COLLECTION,Language,low,True
http://data.europa.eu/esco/skill/450e047f-bb60-4eaa-bbcf-5e7af43e7f2a,http://data.europa.eu/esco/skill/450e047f-bb60-4eaa-bbcf-5e7af43e7f2a,IN_COLLECTION,Language,low,True
http://data.europa.eu/esco/skill/45289df8-d02d-4f08-9802-2c7deae944ad,http://data.europa.eu/esco/skill/45289df8-d02d-4f08-9802-2c7deae944ad,IN_COLLECTION,Language,low,True
http://data.europa.eu/esco/skill/45ab3524-935d-4bc0-a7f3-1cf3be7e5987,http://data.europa.eu/esco/skill/45ab3524-935d-4bc0-a7f3-1cf3be7e5987,IN_COLLECTION,Language,low,True
http://data.europa.eu/esco/skill/46d20520-381c-40c9-9de5-f635d0755923,http://data.europa.eu/esco/skill/46d20520-381c-40c9-9de5-f635d0755923,IN_COLLECTION,Language,low,True
http://data.europa.eu/esco/skill/4812a4ea-dc55-4dc6-b9b0-4a59bba2c647,http://data.europa.eu/esco/skill/4812a4ea-dc55-4dc6-b9b0-4a59bba2c647,IN_COLLECTION,Language,low,True
http://data.europa.eu/esco/skill/486e4f39-e968-41f4-955e-56e9eba96ef5,http://data.europa.eu/esco/skill/486e4f39-e968-41f4-955e-56e9eba96ef5,IN_COLLECTION,Language,low,True
http://data.europa.eu/esco/skill/49edb5ac-b80c-4c02-8509-d0e05889031e,http://data.europa.eu/esco/skill/49edb5ac-b80c-4c02-8509-d0e05889031e,IN_COLLECTION,Language,low,True
http://data.europa.eu/esco/skill/4aaa3e87-2b29-4a83-bdff-cbe51db03fc5,http://data.europa.eu/esco/skill/4aaa3e87-2b29-4a83-bdff-cbe51db03fc5,IN_COLLECTION,Language,low,True
http://data.europa.eu/esco/skill/4b873879-6d5e-46b6-80e2-1ef313b4e0ac,http://data.europa.eu/esco/skill/4b873879-6d5e-46b6-80e2-1ef313b4e0ac,IN_COLLECTION,Language,low,True
http://data.europa.eu/esco/skill/4b9f1ae5-0ee6-4738-8999-9b8191fba808,http://data.europa.eu/esco/skill/4b9f1ae5-0ee6-4738-8999-9b8191fba808,IN_COLLECTION,Language,low,True
http://data.europa.eu/esco/skill/4c5a2793-c18d-40b9-832d-af8e07f0f171,http://data.europa.eu/esco/skill/4c5a2793-c18d-40b9-832d-af8e07f0f171,IN_COLLECTION,Language,low,True
http://data.europa.eu/esco/skill/4c6fe11c-f912-4c81-b74c-2e72943abeb6,http://data.europa.eu/esco/skill/4c6fe11c-f912-4c81-b74c-2e72943abeb6,IN_COLLECTION,Language,low,True
http://data.europa.eu/esco/skill/4c92020a-110b-4daf-b1ec-c4e17c3b9b2c,http://data.europa.eu/esco/skill/4c92020a-110b-4daf-b1ec-c4e17c3b9b2c,IN_COLLECTION,Language,low,True
http://data.europa.eu/esco/skill/4ddf697a-b1e9-4ae6-931e-920de761f9df,http://data.europa.eu/esco/skill/4ddf697a-b1e9-4ae6-931e-920de761f9df,IN_COLLECTION,Language,low,True
http://data.europa.eu/esco/skill/4dfda994-f9a2-4cbd-b224-0ab036e69d6e,http://data.europa.eu/esco/skill/4dfda994-f9a2-4cbd-b224-0ab036e69d6e,IN_COLLECTION,Language,low,True
http://data.europa.eu/esco/skill/4ff6df71-6988-4300-8966-9fabb2b59186,http://data.europa.eu/esco/skill/4ff6df71-6988-4300-8966-9fabb2b59186,IN_COLLECTION,Language,low,True
http://data.europa.eu/esco/skill/50d8a1ff-659a-4671-be48-369242b2a3be,http://data.europa.eu/esco/skill/50d8a1ff-659a-4671-be48-369242b2a3be,IN_COLLECTION,Language,low,True
http://data.europa.eu/esco/skill/520b5278-eb9a-4c7d-a80d-a129ffb103da,http://data.europa.eu/esco/skill/520b5278-eb9a-4c7d-a80d-a129ffb103da,IN_COLLECTION,Language,low,True
http://data.europa.eu/esco/skill/52894650-9077-40f0-96d6-6f07d1a6cafa,http://data.europa.eu/esco/skill/52894650-9077-40f0-96d6-6f07d1a6cafa,IN_COLLECTION,Language,low,True
http://data.europa.eu/esco/skill/529d9a4f-5b96-4952-b9e6-114213366565,http://data.europa.eu/esco/skill/529d9a4f-5b96-4952-b9e6-114213366565,IN_COLLECTION,Language,low,True
http://data.europa.eu/esco/skill/562c4f04-4f58-4c28-bcc4-49307786067b,http://data.europa.eu/esco/skill/562c4f04-4f58-4c28-bcc4-49307786067b,IN_COLLECTION,Language,low,True
http://data.europa.eu/esco/skill/57cc6587-7efe-4ba5-982f-ac15ce1617ac,http://data.europa.eu/esco/skill/57cc6587-7efe-4ba5-982f-ac15ce1617ac,IN_COLLECTION,Language,low,True
http://data.europa.eu/esco/skill/584c13e8-fd06-4ca3-a45b-cca5b2f147a7,http://data.europa.eu/esco/skill/584c13e8-fd06-4ca3-a45b-cca5b2f147a7,IN_COLLECTION,Language,low,True
http://data.europa.eu/esco/skill/585824c4-ef01-49fd-9b14-be00162a2387,http://data.europa.eu/esco/skill/585824c4-ef01-49fd-9b14-be00162a2387,IN_COLLECTION,Language,low,True
http://data.europa.eu/esco/skill/5885fe45-0fd8-4eea-ac55-f46d46a44e6c,http://data.europa.eu/esco/skill/5885fe45-0fd8-4eea-ac55-f46d46a44e6c,IN_COLLECTION,Language,low,True
http://data.europa.eu/esco/skill/58cabf75-2520-4358-a210-2cbc628f4aa2,http://data.europa.eu/esco/skill/58cabf75-2520-4358-a210-2cbc628f4aa2,IN_COLLECTION,Language,low,True
http://data.europa.eu/esco/skill/59ac89d7-12bb-470d-818b-222963d1c357,http://data.europa.eu/esco/skill/59ac89d7-12bb-470d-818b-222963d1c357,IN_COLLECTION,Language,low,True
http://data.europa.eu/esco/skill/5a6ac2a6-6aa3-4b68-b2ef-b2491fb146c1,http://data.europa.eu/esco/skill/5a6ac2a6-6aa3-4b68-b2ef-b2491fb146c1,IN_COLLECTION,Language,low,True
http://data.europa.eu/esco/skill/5b9694a6-58b0-4179-a1bd-4bcda0352ca1,http://data.europa.eu/esco/skill/5b9694a6-58b0-4179-a1bd-4bcda0352ca1,IN_COLLECTION,Language,low,True
http://data.europa.eu/esco/skill/5bfce8e7-6f22-4e67-9018-0e4161620f3a,http://data.europa.eu/esco/skill/5bfce8e7-6f22-4e67-9018-0e4161620f3a,IN_COLLECTION,Language,low,True
http://data.europa.eu/esco/skill/5de39924-769c-4301-82a5-525358dffe50,http://data.europa.eu/esco/skill/5de39924-769c-4301-82a5-525358dffe50,IN_COLLECTION,Language,low,True
http://data.europa.eu/esco/skill/5dfc81aa-c395-4e88-a0e0-a2fbb681ecc0,http://data.europa.eu/esco/skill/5dfc81aa-c395-4e88-a0e0-a2fbb681ecc0,IN_COLLECTION,Language,low,True
http://data.europa.eu/esco/skill/5ec5c4f7-1b6d-4642-8470-567e666952a8,http://data.europa.eu/esco/skill/5ec5c4f7-1b6d-4642-8470-567e666952a8,IN_COLLECTION,Language,low,True
http://data.europa.eu/esco/skill/5f1e9642-588c-4882-8c90-20c33cc78bc1,http://data.europa.eu/esco/skill/5f1e9642-588c-4882-8c90-20c33cc78bc1,IN_COLLECTION,Language,low,True
http://data.europa.eu/esco/skill/5f81f163-7c84-4254-962f-69257cfa9ef5,http://data.europa.eu/esco/skill/5f81f163-7c84-4254-962f-69257cfa9ef5,IN_COLLECTION,Language,low,True
http://data.europa.eu/esco/skill/5fd4e27b-49de-4609-ae44-91e47ee3d168,http://data.europa.eu/esco/skill/5fd4e27b-49de-4609-ae44-91e47ee3d168,IN_COLLECTION,Language,low,True
http://data.europa.eu/esco/skill/60bb7483-e0a1-4016-a6f3-6b95261ab615,http://data.europa.eu/esco/skill/60bb7483-e0a1-4016-a6f3-6b95261ab615,IN_COLLECTION,Language,low,True
http://data.europa.eu/esco/skill/614dcf69-dc56-4cab-bcb1-5bed1b389516,http://data.europa.eu/esco/skill/614dcf69-dc56-4cab-bcb1-5bed1b389516,IN_COLLECTION,Language,low,True
http://data.europa.eu/esco/skill/61809be5-6787-46f0-9583-ac3287e17bd6,http://data.europa.eu/esco/skill/61809be5-6787-46f0-9583-ac3287e17bd6,IN_COLLECTION,Language,low,True
http://data.europa.eu/esco/skill/61c14f06-9edf-44c3-96af-dcecda598853,http://data.europa.eu/esco/skill/61c14f06-9edf-44c3-96af-dcecda598853,IN_COLLECTION,Language,low,True
http://data.europa.eu/esco/skill/61ea50d7-db19-4160-8da4-1d7bec68bec3,http://data.europa.eu/esco/skill/61ea50d7-db19-4160-8da4-1d7bec68bec3,IN_COLLECTION,Language,low,True
http://data.europa.eu/esco/skill/633b72c4-1da1-45ae-b989-4d1a5bcab1a7,http://data.europa.eu/esco/skill/633b72c4-1da1-45ae-b989-4d1a5bcab1a7,IN_COLLECTION,Language,low,True
http://data.europa.eu/esco/skill/64fe09ac-f419-4c04-8997-d1dde2e31bfc,http://data.europa.eu/esco/skill/64fe09ac-f419-4c04-8997-d1dde2e31bfc,IN_COLLECTION,Language,low,True
http://data.europa.eu/esco/skill/64ff8d5f-58a8-4efb-af5a-e161854b3e9a,http://data.europa.eu/esco/skill/64ff8d5f-58a8-4efb-af5a-e161854b3e9a,IN_COLLECTION,Language,low,True
http://data.europa.eu/esco/skill/65a24ec1-e173-4bd6-b160-270346e0f4bf,http://data.europa.eu/esco/skill/65a24ec1-e173-4bd6-b160-270346e0f4bf,IN_COLLECTION,Language,low,True
http://data.europa.eu/esco/skill/65d796ba-2cac-41b0-abfb-1f2f980a4893,http://data.europa.eu/esco/skill/65d796ba-2cac-41b0-abfb-1f2f980a4893,IN_COLLECTION,Language,low,True
http://data.europa.eu/esco/skill/66120d64-6f0f-4b89-8c4f-cd271f8cb7ca,http://data.europa.eu/esco/skill/66120d64-6f0f-4b89-8c4f-cd271f8cb7ca,IN_COLLECTION,Language,low,True
http://data.europa.eu/esco/skill/66212ff2-34b9-4812-be58-f53a0b751863,http://data.europa.eu/esco/skill/66212ff2-34b9-4812-be58-f53a0b751863,IN_COLLECTION,Language,low,True
http://data.europa.eu/esco/skill/67e9583d-621a-42bd-8381-4e85c9e0923a,http://data.europa.eu/esco/skill/67e9583d-621a-42bd-8381-4e85c9e0923a,IN_COLLECTION,Language,low,True
http://data.europa.eu/esco/skill/6891bbce-20bf-4afc-bd5e-75bdf54c0165,http://data.europa.eu/esco/skill/6891bbce-20bf-4afc-bd5e-75bdf54c0165,IN_COLLECTION,Language,low,True
http://data.europa.eu/esco/skill/69eb9999-814b-4293-8d6c-633e49f64de4,http://data.europa.eu/esco/skill/69eb9999-814b-4293-8d6c-633e49f64de4,IN_COLLECTION,Language,low,True
http://data.europa.eu/esco/skill/6b7968ae-34fc-44cf-bbe4-28bded032004,http://data.europa.eu/esco/skill/6b7968ae-34fc-44cf-bbe4-28bded032004,IN_COLLECTION,Language,low,True
http://data.europa.eu/esco/skill/6b99d4ad-f0aa-44bb-a75e-a65c32fc5d2f,http://data.europa.eu/esco/skill/6b99d4ad-f0aa-44bb-a75e-a65c32fc5d2f,IN_COLLECTION,Language,low,True
http://data.europa.eu/esco/skill/6bc58e91-1827-4dc7-a9cf-2311edcba0ec,http://data.europa.eu/esco/skill/6bc58e91-1827-4dc7-a9cf-2311edcba0ec,IN_COLLECTION,Language,low,True
http://data.europa.eu/esco/skill/6be5f174-9b46-4b76-9aa1-177f3845b615,http://data.europa.eu/esco/skill/6be5f174-9b46-4b76-9aa1-177f3845b615,IN_COLLECTION,Language,low,True
http://data.europa.eu/esco/skill/6c619869-46b6-4a52-8889-1fc737546b36,http://data.europa.eu/esco/skill/6c619869-46b6-4a52-8889-1fc737546b36,IN_COLLECTION,Language,low,True
http://data.europa.eu/esco/skill/6d3edede-8951-4621-a835-e04323300fa0,http://data.europa.eu/esco/skill/6d3edede-8951-4621-a835-e04323300fa0,IN_COLLECTION,Language,low,True
http://data.europa.eu/esco/skill/6d4feb44-401c-480d-a05b-02ca8b38d7cd,http://data.europa.eu/esco/skill/6d4feb44-401c-480d-a05b-02ca8b38d7cd,IN_COLLECTION,Language,low,True
http://data.europa.eu/esco/skill/6f34bd05-1297-4913-92ff-85a604242b2f,http://data.europa.eu/esco/skill/6f34bd05-1297-4913-92ff-85a604242b2f,IN_COLLECTION,Language,low,True
http://data.europa.eu/esco/skill/6f55e44d-4494-4079-9b8d-01ac6912529e,http://data.europa.eu/esco/skill/6f55e44d-4494-4079-9b8d-01ac6912529e,IN_COLLECTION,Language,low,True
http://data.europa.eu/esco/skill/702d3840-308a-4d4a-ab61-f40f87d47fff,http://data.europa.eu/esco/skill/702d3840-308a-4d4a-ab61-f40f87d47fff,IN_COLLECTION,Language,low,True
http://data.europa.eu/esco/skill/7077db13-08c2-4482-918c-e6291e04f82b,http://data.europa.eu/esco/skill/7077db13-08c2-4482-918c-e6291e04f82b,IN_COLLECTION,Language,low,True
http://data.europa.eu/esco/skill/741ef95e-f1cf-4cf4-a021-b293e25eb005,http://data.europa.eu/esco/skill/741ef95e-f1cf-4cf4-a021-b293e25eb005,IN_COLLECTION,Language,low,True
http://data.europa.eu/esco/skill/74e261bb-9a84-438b-9c6c-42e2a46613dc,http://data.europa.eu/esco/skill/74e261bb-9a84-438b-9c6c-42e2a46613dc,IN_COLLECTION,Language,low,True
http://data.europa.eu/esco/skill/7629db63-5922-42fa-8c80-9575526f7326,http://data.europa.eu/esco/skill/7629db63-5922-42fa-8c80-9575526f7326,IN_COLLECTION,Language,low,True
http://data.europa.eu/esco/skill/76506870-aeac-4bc2-96b2-cbc6702601ea,http://data.europa.eu/esco/skill/76506870-aeac-4bc2-96b2-cbc6702601ea,IN_COLLECTION,Language,low,True
http://data.europa.eu/esco/skill/767f8edf-372a-490b-9346-54de0ba8c654,http://data.europa.eu/esco/skill/767f8edf-372a-490b-9346-54de0ba8c654,IN_COLLECTION,Language,low,True
http://data.europa.eu/esco/skill/768e19df-be76-4e55-9120-8d1b07306293,http://data.europa.eu/esco/skill/768e19df-be76-4e55-9120-8d1b07306293,IN_COLLECTION,Language,low,True
http://data.europa.eu/esco/skill/78001945-0117-4dc7-ae8e-6c6800f1ffd8,http://data.europa.eu/esco/skill/78001945-0117-4dc7-ae8e-6c6800f1ffd8,IN_COLLECTION,Language,low,True
http://data.europa.eu/esco/skill/7866045d-4d36-45e6-aa60-a8107f43e5b1,http://data.europa.eu/esco/skill/7866045d-4d36-45e6-aa60-a8107f43e5b1,IN_COLLECTION,Language,low,True
http://data.europa.eu/esco/skill/790a0f2a-5250-4b6b-a013-c23160fcea65,http://data.europa.eu/esco/skill/790a0f2a-5250-4b6b-a013-c23160fcea65,IN_COLLECTION,Language,low,True
http://data.europa.eu/esco/skill/79444b07-be9c-4cf9-ac91-04e52b2ac1a0,http://data.europa.eu/esco/skill/79444b07-be9c-4cf9-ac91-04e52b2ac1a0,IN_COLLECTION,Language,low,True
http://data.europa.eu/esco/skill/7a86907d-1fd5-4e8f-b0f1-f366a14f6f6d,http://data.europa.eu/esco/skill/7a86907d-1fd5-4e8f-b0f1-f366a14f6f6d,IN_COLLECTION,Language,low,True
http://data.europa.eu/esco/skill/7bd84008-afc2-4f72-8b49-a1dc4723d479,http://data.europa.eu/esco/skill/7bd84008-afc2-4f72-8b49-a1dc4723d479,IN_COLLECTION,Language,low,True
http://data.europa.eu/esco/skill/7c16e933-2a3f-40e8-855c-f9e5c5a56199,http://data.europa.eu/esco/skill/7c16e933-2a3f-40e8-855c-f9e5c5a56199,IN_COLLECTION,Language,low,True
http://data.europa.eu/esco/skill/7c2e97a5-ac3d-4c01-9a3b-2e395f45d34a,http://data.europa.eu/esco/skill/7c2e97a5-ac3d-4c01-9a3b-2e395f45d34a,IN_COLLECTION,Language,low,True
http://data.europa.eu/esco/skill/7c946ebd-21de-4b08-af66-dff0356b5ad1,http://data.europa.eu/esco/skill/7c946ebd-21de-4b08-af66-dff0356b5ad1,IN_COLLECTION,Language,low,True
http://data.europa.eu/esco/skill/7d16f1e4-1003-4f1f-9595-5cafb25a67df,http://data.europa.eu/esco/skill/7d16f1e4-1003-4f1f-9595-5cafb25a67df,IN_COLLECTION,Language,low,True
http://data.europa.eu/esco/skill/7da256db-ea36-43e3-ba4c-286b598628d5,http://data.europa.eu/esco/skill/7da256db-ea36-43e3-ba4c-286b598628d5,IN_COLLECTION,Language,low,True
http://data.europa.eu/esco/skill/7e2c0de4-240d-4c6f-9336-56c0ac349212,http://data.europa.eu/esco/skill/7e2c0de4-240d-4c6f-9336-56c0ac349212,IN_COLLECTION,Language,low,True
http://data.europa.eu/esco/skill/7ed08054-550c-4206-a991-1718dcb68658,http://data.europa.eu/esco/skill/7ed08054-550c-4206-a991-1718dcb68658,IN_COLLECTION,Language,low,True
http://data.europa.eu/esco/skill/7ee20fe2-facd-4cc5-837b-927429e0e7ac,http://data.europa.eu/esco/skill/7ee20fe2-facd-4cc5-837b-927429e0e7ac,IN_COLLECTION,Language,low,True
http://data.europa.eu/esco/skill/7ee51257-8947-4b69-9bdf-322baf0a6398,http://data.europa.eu/esco/skill/7ee51257-8947-4b69-9bdf-322baf0a6398,IN_COLLECTION,Language,low,True
http://data.europa.eu/esco/skill/7f030a50-030e-429e-8f50-02186b27f7ea,http://data.europa.eu/esco/skill/7f030a50-030e-429e-8f50-02186b27f7ea,IN_COLLECTION,Language,low,True
http://data.europa.eu/esco/skill/8024130b-1359-485d-b40f-9b31e25d7c17,http://data.europa.eu/esco/skill/8024130b-1359-485d-b40f-9b31e25d7c17,IN_COLLECTION,Language,low,True
http://data.europa.eu/esco/skill/81192ed1-cabc-48c5-bbc3-9ff06d3f2958,http://data.europa.eu/esco/skill/81192ed1-cabc-48c5-bbc3-9ff06d3f2958,IN_COLLECTION,Language,low,True
http://data.europa.eu/esco/skill/829f6eb5-0b26-4152-8eb3-82dd32b2b6f2,http://data.europa.eu/esco/skill/829f6eb5-0b26-4152-8eb3-82dd32b2b6f2,IN_COLLECTION,Language,low,True
http://data.europa.eu/esco/skill/84e1df68-529a-4dbf-9557-5c50de5b27c3,http://data.europa.eu/esco/skill/84e1df68-529a-4dbf-9557-5c50de5b27c3,IN_COLLECTION,Language,low,True
http://data.europa.eu/esco/skill/87087740-89b7-4d0c-a3a1-99c573c81b62,http://data.europa.eu/esco/skill/87087740-89b7-4d0c-a3a1-99c573c81b62,IN_COLLECTION,Language,low,True
http://data.europa.eu/esco/skill/87219dfe-a21c-4160-8cc8-1eabf9b16b44,http://data.europa.eu/esco/skill/87219dfe-a21c-4160-8cc8-1eabf9b16b44,IN_COLLECTION,Language,low,True
http://data.europa.eu/esco/skill/877057bc-7be8-4d40-9bab-cda10eb4b999,http://data.europa.eu/esco/skill/877057bc-7be8-4d40-9bab-cda10eb4b999,IN_COLLECTION,Language,low,True
http://data.europa.eu/esco/skill/88778b48-d8dd-4c7e-8154-6f45fab4b0e9,http://data.europa.eu/esco/skill/88778b48-d8dd-4c7e-8154-6f45fab4b0e9,IN_COLLECTION,Language,low,True
http://data.europa.eu/esco/skill/894f3286-ae58-4a13-a8ed-9aa7c5c77c18,http://data.europa.eu/esco/skill/894f3286-ae58-4a13-a8ed-9aa7c5c77c18,IN_COLLECTION,Language,low,True
http://data.europa.eu/esco/skill/895b3eab-d1e7-443d-8ba3-745f67462207,http://data.europa.eu/esco/skill/895b3eab-d1e7-443d-8ba3-745f67462207,IN_COLLECTION,Language,low,True
http://data.europa.eu/esco/skill/896b0b7f-e793-4b3f-a7a6-4ab1d237f695,http://data.europa.eu/esco/skill/896b0b7f-e793-4b3f-a7a6-4ab1d237f695,IN_COLLECTION,Language,low,True
http://data.europa.eu/esco/skill/8a45f04a-cd28-4ac1-8e8b-ecfd21be0b18,http://data.europa.eu/esco/skill/8a45f04a-cd28-4ac1-8e8b-ecfd21be0b18,IN_COLLECTION,Language,low,True
http://data.europa.eu/esco/skill/8d09f7c2-d10c-4818-a91d-d2f1b8ec7973,http://data.europa.eu/esco/skill/8d09f7c2-d10c-4818-a91d-d2f1b8ec7973,IN_COLLECTION,Language,low,True
http://data.europa.eu/esco/skill/8dbd15c6-ecf0-468c-8ae1-f6eb360743dd,http://data.europa.eu/esco/skill/8dbd15c6-ecf0-468c-8ae1-f6eb360743dd,IN_COLLECTION,Language,low,True
http://data.europa.eu/esco/skill/8e12171c-d2b4-4a79-a3ff-ebe18913cc9f,http://data.europa.eu/esco/skill/8e12171c-d2b4-4a79-a3ff-ebe18913cc9f,IN_COLLECTION,Language,low,True
http://data.europa.eu/esco/skill/8e46288c-025c-4d28-8316-13a21f25f964,http://data.europa.eu/esco/skill/8e46288c-025c-4d28-8316-13a21f25f964,IN_COLLECTION,Language,low,True
http://data.europa.eu/esco/skill/8ee2b6f2-7017-4b9a-9de2-4dedf0711394,http://data.europa.eu/esco/skill/8ee2b6f2-7017-4b9a-9de2-4dedf0711394,IN_COLLECTION,Language,low,True
http://data.europa.eu/esco/skill/8ef3eccc-a847-430e-b828-cf178803b8c1,http://data.europa.eu/esco/skill/8ef3eccc-a847-430e-b828-cf178803b8c1,IN_COLLECTION,Language,low,True
http://data.europa.eu/esco/skill/8f1efe4e-5f92-43b0-a329-3c17c1460a37,http://data.europa.eu/esco/skill/8f1efe4e-5f92-43b0-a329-3c17c1460a37,IN_COLLECTION,Language,low,True
http://data.europa.eu/esco/skill/8f4c0fe6-10c7-409e-92d6-245f46728209,http://data.europa.eu/esco/skill/8f4c0fe6-10c7-409e-92d6-245f46728209,IN_COLLECTION,Language,low,True
http://data.europa.eu/esco/skill/8ff32017-9a19-400c-8de5-8a93198864be,http://data.europa.eu/esco/skill/8ff32017-9a19-400c-8de5-8a93198864be,IN_COLLECTION,Language,low,True
http://data.europa.eu/esco/skill/91161335-8adf-4567-8fa5-62fb37948664,http://data.europa.eu/esco/skill/91161335-8adf-4567-8fa5-62fb37948664,IN_COLLECTION,Language,low,True
http://data.europa.eu/esco/skill/9273eec7-e9ce-4860-88fb-9f30faeea34d,http://data.europa.eu/esco/skill/9273eec7-e9ce-4860-88fb-9f30faeea34d,IN_COLLECTION,Language,low,True
http://data.europa.eu/esco/skill/92ca09cb-e827-4c49-b318-8f540de4debb,http://data.europa.eu/esco/skill/92ca09cb-e827-4c49-b318-8f540de4debb,IN_COLLECTION,Language,low,True
http://data.europa.eu/esco/skill/93c6c3ac-e344-460b-888f-662f6dcc7685,http://data.europa.eu/esco/skill/93c6c3ac-e344-460b-888f-662f6dcc7685,IN_COLLECTION,Language,low,True
http://data.europa.eu/esco/skill/943fe908-c465-4e91-944c-20e2242fd03a,http://data.europa.eu/esco/skill/943fe908-c465-4e91-944c-20e2242fd03a,IN_COLLECTION,Language,low,True
http://data.europa.eu/esco/skill/96ab25a3-c89b-43ea-833b-26b637c3b6ed,http://data.europa.eu/esco/skill/96ab25a3-c89b-43ea-833b-26b637c3b6ed,IN_COLLECTION,Language,low,True
http://data.europa.eu/esco/skill/96e70743-6a84-4fee-b226-fe10cddb266e,http://data.europa.eu/esco/skill/96e70743-6a84-4fee-b226-fe10cddb266e,IN_COLLECTION,Language,low,True
http://data.europa.eu/esco/skill/97ca0f19-c53f-4c38-b983-398345cba227,http://data.europa.eu/esco/skill/97ca0f19-c53f-4c38-b983-398345cba227,IN_COLLECTION,Language,low,True
http://data.europa.eu/esco/skill/98d31888-bb47-4f54-b339-bd0b9c289048,http://data.europa.eu/esco/skill/98d31888-bb47-4f54-b339-bd0b9c289048,IN_COLLECTION,Language,low,True
http://data.europa.eu/esco/skill/99933cd7-7868-4f83-8bb3-d747433159d3,http://data.europa.eu/esco/skill/99933cd7-7868-4f83-8bb3-d747433159d3,IN_COLLECTION,Language,low,True
http://data.europa.eu/esco/skill/9996836f-788c-4f04-a792-c831b2e94e2f,http://data.europa.eu/esco/skill/9996836f-788c-4f04-a792-c831b2e94e2f,IN_COLLECTION,Language,low,True
http://data.europa.eu/esco/skill/99b3532b-2f47-47f5-b194-708957acf0a8,http://data.europa.eu/esco/skill/99b3532b-2f47-47f5-b194-708957acf0a8,IN_COLLECTION,Language,low,True
http://data.europa.eu/esco/skill/9a42bdc6-8496-4874-b9f5-b48207a85282,http://data.europa.eu/esco/skill/9a42bdc6-8496-4874-b9f5-b48207a85282,IN_COLLECTION,Language,low,True
http://data.europa.eu/esco/skill/9ace3aae-aeae-4ed6-b625-26bc58345554,http://data.europa.eu/esco/skill/9ace3aae-aeae-4ed6-b625-26bc58345554,IN_COLLECTION,Language,low,True
http://data.europa.eu/esco/skill/9b0baaa7-fed3-41b7-b74e-9d459f11acfe,http://data.europa.eu/esco/skill/9b0baaa7-fed3-41b7-b74e-9d459f11acfe,IN_COLLECTION,Language,low,True
http://data.europa.eu/esco/skill/9bccf172-587b-489b-84b7-5e1c8cc91520,http://data.europa.eu/esco/skill/9bccf172-587b-489b-84b7-5e1c8cc91520,IN_COLLECTION,Language,low,True
http://data.europa.eu/esco/skill/9ce34147-6618-4f1b-bbe3-f46e9aa17211,http://data.europa.eu/esco/skill/9ce34147-6618-4f1b-bbe3-f46e9aa17211,IN_COLLECTION,Language,low,True
http://data.europa.eu/esco/skill/9ef06b7c-991c-46a5-9dbc-82506031e8f9,http://data.europa.eu/esco/skill/9ef06b7c-991c-46a5-9dbc-82506031e8f9,IN_COLLECTION,Language,low,True
http://data.europa.eu/esco/skill/9f3e3f27-1f27-4b77-9bc8-4ec33e33b8b1,http://data.europa.eu/esco/skill/9f3e3f27-1f27-4b77-9bc8-4ec33e33b8b1,IN_COLLECTION,Language,low,True
http://data.europa.eu/esco/skill/a0ccc96f-edec-4641-b053-12159ebe5b13,http://data.europa.eu/esco/skill/a0ccc96f-edec-4641-b053-12159ebe5b13,IN_COLLECTION,Language,low,True
http://data.europa.eu/esco/skill/a18e3090-6afb-4afb-a055-1f83bbe498e3,http://data.europa.eu/esco/skill/a18e3090-6afb-4afb-a055-1f83bbe498e3,IN_COLLECTION,Language,low,True
http://data.europa.eu/esco/skill/a2358129-ba05-49bb-914f-03420a8be102,http://data.europa.eu/esco/skill/a2358129-ba05-49bb-914f-03420a8be102,IN_COLLECTION,Language,low,True
http://data.europa.eu/esco/skill/a28c2024-0fa6-43fd-a848-1a7ec7fe28b0,http://data.europa.eu/esco/skill/a28c2024-0fa6-43fd-a848-1a7ec7fe28b0,IN_COLLECTION,Language,low,True
http://data.europa.eu/esco/skill/a28fa5f1-be5b-4608-8376-acea8c2f8cb1,http://data.europa.eu/esco/skill/a28fa5f1-be5b-4608-8376-acea8c2f8cb1,IN_COLLECTION,Language,low,True
http://data.europa.eu/esco/skill/a3e0c23e-db44-43f5-af4b-7e1b60deb6d8,http://data.europa.eu/esco/skill/a3e0c23e-db44-43f5-af4b-7e1b60deb6d8,IN_COLLECTION,Language,low,True
http://data.europa.eu/esco/skill/a61e9686-7e8f-44ec-967b-d6445f90230b,http://data.europa.eu/esco/skill/a61e9686-7e8f-44ec-967b-d6445f90230b,IN_COLLECTION,Language,low,True
http://data.europa.eu/esco/skill/a6aa3c44-b4d7-4db6-9a84-329e5ca9c64d,http://data.europa.eu/esco/skill/a6aa3c44-b4d7-4db6-9a84-329e5ca9c64d,IN_COLLECTION,Language,low,True
http://data.europa.eu/esco/skill/a7e1201f-bc9c-4dd9-aa82-271273f94595,http://data.europa.eu/esco/skill/a7e1201f-bc9c-4dd9-aa82-271273f94595,IN_COLLECTION,Language,low,True
http://data.europa.eu/esco/skill/a88e4c9e-5a40-4da7-acf1-02e4a9e46da2,http://data.europa.eu/esco/skill/a88e4c9e-5a40-4da7-acf1-02e4a9e46da2,IN_COLLECTION,Language,low,True
http://data.europa.eu/esco/skill/a9170bca-28d9-4bb5-b950-0d0f712d1cd2,http://data.europa.eu/esco/skill/a9170bca-28d9-4bb5-b950-0d0f712d1cd2,IN_COLLECTION,Language,low,True
http://data.europa.eu/esco/skill/a9fdd2c9-4295-4407-ba3c-1547cbce40a2,http://data.europa.eu/esco/skill/a9fdd2c9-4295-4407-ba3c-1547cbce40a2,IN_COLLECTION,Language,low,True
http://data.europa.eu/esco/skill/aa66a033-8522-40e9-a5c0-ff2593e2669c,http://data.europa.eu/esco/skill/aa66a033-8522-40e9-a5c0-ff2593e2669c,IN_COLLECTION,Language,low,True
http://data.europa.eu/esco/skill/aaf57e19-0d41-4361-8de9-bcd858e3f10d,http://data.europa.eu/esco/skill/aaf57e19-0d41-4361-8de9-bcd858e3f10d,IN_COLLECTION,Language,low,True
http://data.europa.eu/esco/skill/abadaacb-5751-4f52-96b7-c9bbc070f9de,http://data.europa.eu/esco/skill/abadaacb-5751-4f52-96b7-c9bbc070f9de,IN_COLLECTION,Language,low,True
http://data.europa.eu/esco/skill/ad3711f4-f4d9-41e0-b26d-030247cecde4,http://data.europa.eu/esco/skill/ad3711f4-f4d9-41e0-b26d-030247cecde4,IN_COLLECTION,Language,low,True
http://data.europa.eu/esco/skill/ae5d27b1-7298-4dce-836c-3bb26c2fafda,http://data.europa.eu/esco/skill/ae5d27b1-7298-4dce-836c-3bb26c2fafda,IN_COLLECTION,Language,low,True
http://data.europa.eu/esco/skill/ae72f370-469d-44fa-9f09-408b1c994d2e,http://data.europa.eu/esco/skill/ae72f370-469d-44fa-9f09-408b1c994d2e,IN_COLLECTION,Language,low,True
http://data.europa.eu/esco/skill/b0964159-d7b2-4f1e-a0d1-5d100445fcdb,http://data.europa.eu/esco/skill/b0964159-d7b2-4f1e-a0d1-5d100445fcdb,IN_COLLECTION,Language,low,True
http://data.europa.eu/esco/skill/b22ab5e7-11e1-435e-bdab-0f8decd6a6f4,http://data.europa.eu/esco/skill/b22ab5e7-11e1-435e-bdab-0f8decd6a6f4,IN_COLLECTION,Language,low,True
http://data.europa.eu/esco/skill/b2c1f90a-72ce-4499-ab9a-a9a5c9355d5b,http://data.europa.eu/esco/skill/b2c1f90a-72ce-4499-ab9a-a9a5c9355d5b,IN_COLLECTION,Language,low,True
http://data.europa.eu/esco/skill/b2cd801d-803d-41bc-bef3-dea4ddd94bbc,http://data.europa.eu/esco/skill/b2cd801d-803d-41bc-bef3-dea4ddd94bbc,IN_COLLECTION,Language,low,True
http://data.europa.eu/esco/skill/b3950b87-a980-4cd4-a795-be8a9b63661d,http://data.europa.eu/esco/skill/b3950b87-a980-4cd4-a795-be8a9b63661d,IN_COLLECTION,Language,low,True
http://data.europa.eu/esco/skill/b45f87e9-66ce-4212-82eb-3a55765bc512,http://data.europa.eu/esco/skill/b45f87e9-66ce-4212-82eb-3a55765bc512,IN_COLLECTION,Language,low,True
http://data.europa.eu/esco/skill/b4a5d258-4fe7-4fa5-b58f-d2f8769eb15b,http://data.europa.eu/esco/skill/b4a5d258-4fe7-4fa5-b58f-d2f8769eb15b,IN_COLLECTION,Language,low,True
http://data.europa.eu/esco/skill/b4d8c494-4318-42e4-ba6e-0039390a2d7a,http://data.europa.eu/esco/skill/b4d8c494-4318-42e4-ba6e-0039390a2d7a,IN_COLLECTION,Language,low,True
http://data.europa.eu/esco/skill/b5ff2ded-a91d-468b-afed-f9737f929e86,http://data.europa.eu/esco/skill/b5ff2ded-a91d-468b-afed-f9737f929e86,IN_COLLECTION,Language,low,True
http://data.europa.eu/esco/skill/b6422189-45f6-4e87-8a9e-7e4aabddf069,http://data.europa.eu/esco/skill/b6422189-45f6-4e87-8a9e-7e4aabddf069,IN_COLLECTION,Language,low,True
http://data.europa.eu/esco/skill/b694bab7-6ece-48a8-8a65-2f6d8fd62df2,http://data.europa.eu/esco/skill/b694bab7-6ece-48a8-8a65-2f6d8fd62df2,IN_COLLECTION,Language,low,True
http://data.europa.eu/esco/skill/b6c39ec1-7da2-46dc-9cec-2f7204066cf3,http://data.europa.eu/esco/skill/b6c39ec1-7da2-46dc-9cec-2f7204066cf3,IN_COLLECTION,Language,low,True
http://data.europa.eu/esco/skill/b7385197-5481-4b91-9628-56dadb648f69,http://data.europa.eu/esco/skill/b7385197-5481-4b91-9628-56dadb648f69,IN_COLLECTION,Language,low,True
http://data.europa.eu/esco/skill/b895feef-e869-48ac-a853-6c31a636721f,http://data.europa.eu/esco/skill/b895feef-e869-48ac-a853-6c31a636721f,IN_COLLECTION,Language,low,True
http://data.europa.eu/esco/skill/ba002311-da5a-4795-933b-1c7d1f0f2f25,http://data.europa.eu/esco/skill/ba002311-da5a-4795-933b-1c7d1f0f2f25,IN_COLLECTION,Language,low,True
http://data.europa.eu/esco/skill/ba98bef0-9c49-478f-b9db-14a4189d7c76,http://data.europa.eu/esco/skill/ba98bef0-9c49-478f-b9db-14a4189d7c76,IN_COLLECTION,Language,low,True
http://data.europa.eu/esco/skill/bad8da46-ec16-48da-b717-e9b9616e3c91,http://data.europa.eu/esco/skill/bad8da46-ec16-48da-b717-e9b9616e3c91,IN_COLLECTION,Language,low,True
http://data.europa.eu/esco/skill/bb691baa-c7c2-41c3-af69-4dc901d22d2f,http://data.europa.eu/esco/skill/bb691baa-c7c2-41c3-af69-4dc901d22d2f,IN_COLLECTION,Language,low,True
http://data.europa.eu/esco/skill/bbe65f99-72a8-43a2-b227-9ce1457a8a20,http://data.europa.eu/esco/skill/bbe65f99-72a8-43a2-b227-9ce1457a8a20,IN_COLLECTION,Language,low,True
http://data.europa.eu/esco/skill/bc112354-758e-40eb-930e-9ebdbd5a2f34,http://data.europa.eu/esco/skill/bc112354-758e-40eb-930e-9ebdbd5a2f34,IN_COLLECTION,Language,low,True
http://data.europa.eu/esco/skill/bc546a09-1103-4184-b757-3508ef5f8490,http://data.europa.eu/esco/skill/bc546a09-1103-4184-b757-3508ef5f8490,IN_COLLECTION,Language,low,True
http://data.europa.eu/esco/skill/bc65ec0c-cdf0-4af3-b79e-c9bfa5abd758,http://data.europa.eu/esco/skill/bc65ec0c-cdf0-4af3-b79e-c9bfa5abd758,IN_COLLECTION,Language,low,True
http://data.europa.eu/esco/skill/bdf14dfe-437d-4fb6-95f4-72da1a593384,http://data.europa.eu/esco/skill/bdf14dfe-437d-4fb6-95f4-72da1a593384,IN_COLLECTION,Language,low,True
http://data.europa.eu/esco/skill/be5c6fb4-d257-4c98-b5e2-d3866fd0f2c2,http://data.europa.eu/esco/skill/be5c6fb4-d257-4c98-b5e2-d3866fd0f2c2,IN_COLLECTION,Language,low,True
http://data.europa.eu/esco/skill/befd434f-bb74-4144-8aa6-28b903b792a0,http://data.europa.eu/esco/skill/befd434f-bb74-4144-8aa6-28b903b792a0,IN_COLLECTION,Language,low,True
http://data.europa.eu/esco/skill/bf60009d-8afb-4306-9b0d-cfe2f66ab08f,http://data.europa.eu/esco/skill/bf60009d-8afb-4306-9b0d-cfe2f66ab08f,IN_COLLECTION,Language,low,True
http://data.europa.eu/esco/skill/bfb5f0b8-0ea0-4e44-a48d-7d876f966758,http://data.europa.eu/esco/skill/bfb5f0b8-0ea0-4e44-a48d-7d876f966758,IN_COLLECTION,Language,low,True
http://data.europa.eu/esco/skill/c0d6eb4a-636c-43d8-9bec-69f6586c415a,http://data.europa.eu/esco/skill/c0d6eb4a-636c-43d8-9bec-69f6586c415a,IN_COLLECTION,Language,low,True
http://data.europa.eu/esco/skill/c2cc1a0a-356e-4634-bfd8-94c5d84324ba,http://data.europa.eu/esco/skill/c2cc1a0a-356e-4634-bfd8-94c5d84324ba,IN_COLLECTION,Language,low,True
http://data.europa.eu/esco/skill/c34a8faa-b543-45eb-b088-39baf21c5146,http://data.europa.eu/esco/skill/c34a8faa-b543-45eb-b088-39baf21c5146,IN_COLLECTION,Language,low,True
http://data.europa.eu/esco/skill/c445a2f0-9f97-432d-a1be-f2b54a53576e,http://data.europa.eu/esco/skill/c445a2f0-9f97-432d-a1be-f2b54a53576e,IN_COLLECTION,Language,low,True
http://data.europa.eu/esco/skill/c44b765b-76fb-4a16-be7e-9925beee072c,http://data.europa.eu/esco/skill/c44b765b-76fb-4a16-be7e-9925beee072c,IN_COLLECTION,Language,low,True
http://data.europa.eu/esco/skill/c551614f-5542-460e-9a86-bfcdf160e230,http://data.europa.eu/esco/skill/c551614f-5542-460e-9a86-bfcdf160e230,IN_COLLECTION,Language,low,True
http://data.europa.eu/esco/skill/c5cb0cc1-c40b-4544-a21c-8472f0b5c14a,http://data.europa.eu/esco/skill/c5cb0cc1-c40b-4544-a21c-8472f0b5c14a,IN_COLLECTION,Language,low,True
http://data.europa.eu/esco/skill/c5ef5813-ef1d-4a22-8fce-16b1dcf93ea1,http://data.europa.eu/esco/skill/c5ef5813-ef1d-4a22-8fce-16b1dcf93ea1,IN_COLLECTION,Language,low,True
http://data.europa.eu/esco/skill/c6b70785-fce7-4089-8250-21c97ca0ad8f,http://data.europa.eu/esco/skill/c6b70785-fce7-4089-8250-21c97ca0ad8f,IN_COLLECTION,Language,low,True
http://data.europa.eu/esco/skill/c73e355b-89c8-4831-968e-f146f2ae970c,http://data.europa.eu/esco/skill/c73e355b-89c8-4831-968e-f146f2ae970c,IN_COLLECTION,Language,low,True
http://data.europa.eu/esco/skill/c8c283af-3d77-4212-93ab-1b3de6a79e96,http://data.europa.eu/esco/skill/c8c283af-3d77-4212-93ab-1b3de6a79e96,IN_COLLECTION,Language,low,True
http://data.europa.eu/esco/skill/c8d2416e-7db3-4f63-bce3-075f1fea66ea,http://data.europa.eu/esco/skill/c8d2416e-7db3-4f63-bce3-075f1fea66ea,IN_COLLECTION,Language,low,True
http://data.europa.eu/esco/skill/c98c8578-6654-4d76-8391-ecfe59abce22,http://data.europa.eu/esco/skill/c98c8578-6654-4d76-8391-ecfe59abce22,IN_COLLECTION,Language,low,True
http://data.europa.eu/esco/skill/c9ba0570-f751-4023-9851-5a0826e722cc,http://data.europa.eu/esco/skill/c9ba0570-f751-4023-9851-5a0826e722cc,IN_COLLECTION,Language,low,True
http://data.europa.eu/esco/skill/ca58a2d3-b901-42b2-b85f-b2b83aeadbea,http://data.europa.eu/esco/skill/ca58a2d3-b901-42b2-b85f-b2b83aeadbea,IN_COLLECTION,Language,low,True
http://data.europa.eu/esco/skill/ca81a475-f76c-4318-bdd7-4f1f3605e798,http://data.europa.eu/esco/skill/ca81a475-f76c-4318-bdd7-4f1f3605e798,IN_COLLECTION,Language,low,True
http://data.europa.eu/esco/skill/caac02b1-ab96-477e-a7a7-295c9d9e037f,http://data.europa.eu/esco/skill/caac02b1-ab96-477e-a7a7-295c9d9e037f,IN_COLLECTION,Language,low,True
http://data.europa.eu/esco/skill/cad4f44b-28a8-4448-86e5-7389e5ebf3eb,http://data.europa.eu/esco/skill/cad4f44b-28a8-4448-86e5-7389e5ebf3eb,IN_COLLECTION,Language,low,True
http://data.europa.eu/esco/skill/cb50f9cd-3638-409b-8f93-befaf17d313e,http://data.europa.eu/esco/skill/cb50f9cd-3638-409b-8f93-befaf17d313e,IN_COLLECTION,Language,low,True
http://data.europa.eu/esco/skill/cba8e108-dd50-43ab-8100-13690408a69c,http://data.europa.eu/esco/skill/cba8e108-dd50-43ab-8100-13690408a69c,IN_COLLECTION,Language,low,True
http://data.europa.eu/esco/skill/cd6484a2-bfa2-4371-8e2f-1ffa2a22dac4,http://data.europa.eu/esco/skill/cd6484a2-bfa2-4371-8e2f-1ffa2a22dac4,IN_COLLECTION,Language,low,True
http://data.europa.eu/esco/skill/cda53197-9c99-404a-ac8a-d8c8550ca98d,http://data.europa.eu/esco/skill/cda53197-9c99-404a-ac8a-d8c8550ca98d,IN_COLLECTION,Language,low,True
http://data.europa.eu/esco/skill/cec6cd92-d709-42cc-9a6e-6a7dd48b9e08,http://data.europa.eu/esco/skill/cec6cd92-d709-42cc-9a6e-6a7dd48b9e08,IN_COLLECTION,Language,low,True
http://data.europa.eu/esco/skill/cf5b3ca0-a844-42b9-b9cd-bd15465b9cac,http://data.europa.eu/esco/skill/cf5b3ca0-a844-42b9-b9cd-bd15465b9cac,IN_COLLECTION,Language,low,True
http://data.europa.eu/esco/skill/cf9e867f-08d7-48a8-8d11-c63bd8a65f89,http://data.europa.eu/esco/skill/cf9e867f-08d7-48a8-8d11-c63bd8a65f89,IN_COLLECTION,Language,low,True
http://data.europa.eu/esco/skill/d0898934-7335-480f-a986-b9b05b54c718,http://data.europa.eu/esco/skill/d0898934-7335-480f-a986-b9b05b54c718,IN_COLLECTION,Language,low,True
http://data.europa.eu/esco/skill/d10fe458-ceb5-4a40-83f4-b8ef318bf566,http://data.europa.eu/esco/skill/d10fe458-ceb5-4a40-83f4-b8ef318bf566,IN_COLLECTION,Language,low,True
http://data.europa.eu/esco/skill/d16bc537-ede5-440e-a921-7e9c5e995633,http://data.europa.eu/esco/skill/d16bc537-ede5-440e-a921-7e9c5e995633,IN_COLLECTION,Language,low,True
http://data.europa.eu/esco/skill/d21bcba8-ecf5-4ac3-9a6c-25a5afa42ea2,http://data.europa.eu/esco/skill/d21bcba8-ecf5-4ac3-9a6c-25a5afa42ea2,IN_COLLECTION,Language,low,True
http://data.europa.eu/esco/skill/d3b2faa1-e54f-40e0-b641-977a4703aaf8,http://data.europa.eu/esco/skill/d3b2faa1-e54f-40e0-b641-977a4703aaf8,IN_COLLECTION,Language,low,True
http://data.europa.eu/esco/skill/d4956f26-d8e3-4cca-9114-a3098f4fafbf,http://data.europa.eu/esco/skill/d4956f26-d8e3-4cca-9114-a3098f4fafbf,IN_COLLECTION,Language,low,True
http://data.europa.eu/esco/skill/d54d7c00-87c4-4f78-af8d-e84577372974,http://data.europa.eu/esco/skill/d54d7c00-87c4-4f78-af8d-e84577372974,IN_COLLECTION,Language,low,True
http://data.europa.eu/esco/skill/d59ef10f-ad20-4791-957d-b315196ecdc2,http://data.europa.eu/esco/skill/d59ef10f-ad20-4791-957d-b315196ecdc2,IN_COLLECTION,Language,low,True
http://data.europa.eu/esco/skill/d5fd4958-4ca6-4d06-845f-713e2c459612,http://data.europa.eu/esco/skill/d5fd4958-4ca6-4d06-845f-713e2c459612,IN_COLLECTION,Language,low,True
http://data.europa.eu/esco/skill/d687187f-9f8f-4c3f-b0a0-230595b7f3af,http://data.europa.eu/esco/skill/d687187f-9f8f-4c3f-b0a0-230595b7f3af,IN_COLLECTION,Language,low,True
http://data.europa.eu/esco/skill/d6dbc6ea-9bb6-4a8f-9bc2-e9299d74fff9,http://data.europa.eu/esco/skill/d6dbc6ea-9bb6-4a8f-9bc2-e9299d74fff9,IN_COLLECTION,Language,low,True
http://data.europa.eu/esco/skill/d88d546f-c06d-40f0-9810-3a914abb5444,http://data.europa.eu/esco/skill/d88d546f-c06d-40f0-9810-3a914abb5444,IN_COLLECTION,Language,low,True
http://data.europa.eu/esco/skill/d937b5aa-8337-4d47-8281-6a67c905569a,http://data.europa.eu/esco/skill/d937b5aa-8337-4d47-8281-6a67c905569a,IN_COLLECTION,Language,low,True
http://data.europa.eu/esco/skill/d93a7370-bf56-43f5-be54-e108f8ec3107,http://data.europa.eu/esco/skill/d93a7370-bf56-43f5-be54-e108f8ec3107,IN_COLLECTION,Language,low,True
http://data.europa.eu/esco/skill/d974d81a-a8db-430d-a3fe-b064bd6a374f,http://data.europa.eu/esco/skill/d974d81a-a8db-430d-a3fe-b064bd6a374f,IN_COLLECTION,Language,low,True
http://data.europa.eu/esco/skill/d9916072-47e1-4466-9908-e7d8f654adc9,http://data.europa.eu/esco/skill/d9916072-47e1-4466-9908-e7d8f654adc9,IN_COLLECTION,Language,low,True
http://data.europa.eu/esco/skill/da0795a7-6866-4afc-81ed-5e3aa398f058,http://data.europa.eu/esco/skill/da0795a7-6866-4afc-81ed-5e3aa398f058,IN_COLLECTION,Language,low,True
http://data.europa.eu/esco/skill/da4fed26-1991-45bd-b7e0-4eded5dcee10,http://data.europa.eu/esco/skill/da4fed26-1991-45bd-b7e0-4eded5dcee10,IN_COLLECTION,Language,low,True
http://data.europa.eu/esco/skill/db751c12-2062-477b-b2b2-6be80daa1ff8,http://data.europa.eu/esco/skill/db751c12-2062-477b-b2b2-6be80daa1ff8,IN_COLLECTION,Language,low,True
http://data.europa.eu/esco/skill/dc052a4f-fb8e-4edb-a575-3a63ddd5b94b,http://data.europa.eu/esco/skill/dc052a4f-fb8e-4edb-a575-3a63ddd5b94b,IN_COLLECTION,Language,low,True
http://data.europa.eu/esco/skill/dcdff38c-01b1-4e44-bc2f-f69b889d45bb,http://data.europa.eu/esco/skill/dcdff38c-01b1-4e44-bc2f-f69b889d45bb,IN_COLLECTION,Language,low,True
http://data.europa.eu/esco/skill/dd5cb6ea-3818-4734-816d-821a67a3684e,http://data.europa.eu/esco/skill/dd5cb6ea-3818-4734-816d-821a67a3684e,IN_COLLECTION,Language,low,True
http://data.europa.eu/esco/skill/ddd3596a-43f3-402e-960a-5f79362a8609,http://data.europa.eu/esco/skill/ddd3596a-43f3-402e-960a-5f79362a8609,IN_COLLECTION,Language,low,True
http://data.europa.eu/esco/skill/df794a74-0392-4178-918b-e38e68487325,http://data.europa.eu/esco/skill/df794a74-0392-4178-918b-e38e68487325,IN_COLLECTION,Language,low,True
http://data.europa.eu/esco/skill/e05b9e06-d298-4646-b762-acbd485a20e9,http://data.europa.eu/esco/skill/e05b9e06-d298-4646-b762-acbd485a20e9,IN_COLLECTION,Language,low,True
http://data.europa.eu/esco/skill/e0f20875-de6a-4795-9788-6a32be41512f,http://data.europa.eu/esco/skill/e0f20875-de6a-4795-9788-6a32be41512f,IN_COLLECTION,Language,low,True
http://data.europa.eu/esco/skill/e18ee06c-7a0f-47d5-8143-345b8a6f4739,http://data.europa.eu/esco/skill/e18ee06c-7a0f-47d5-8143-345b8a6f4739,IN_COLLECTION,Language,low,True
http://data.europa.eu/esco/skill/e1ebf53c-8800-402c-9e61-e19ac072c52d,http://data.europa.eu/esco/skill/e1ebf53c-8800-402c-9e61-e19ac072c52d,IN_COLLECTION,Language,low,True
http://data.europa.eu/esco/skill/e29c14e1-60c7-444c-b3d0-43d6bee04340,http://data.europa.eu/esco/skill/e29c14e1-60c7-444c-b3d0-43d6bee04340,IN_COLLECTION,Language,low,True
http://data.europa.eu/esco/skill/e3332a83-c688-4838-bd19-e66f6da2201e,http://data.europa.eu/esco/skill/e3332a83-c688-4838-bd19-e66f6da2201e,IN_COLLECTION,Language,low,True
http://data.europa.eu/esco/skill/e35cfb6e-ea8e-4aef-aab9-3cbc7d79647b,http://data.europa.eu/esco/skill/e35cfb6e-ea8e-4aef-aab9-3cbc7d79647b,IN_COLLECTION,Language,low,True
http://data.europa.eu/esco/skill/e396053a-7820-4c4d-9ba9-20d66753f50e,http://data.europa.eu/esco/skill/e396053a-7820-4c4d-9ba9-20d66753f50e,IN_COLLECTION,Language,low,True
http://data.europa.eu/esco/skill/e39c8636-6bbc-44c3-88ba-de059ac2396c,http://data.europa.eu/esco/skill/e39c8636-6bbc-44c3-88ba-de059ac2396c,IN_COLLECTION,Language,low,True
http://data.europa.eu/esco/skill/e3a22d2c-2b2e-4eda-b756-2a1908be79b7,http://data.europa.eu/esco/skill/e3a22d2c-2b2e-4eda-b756-2a1908be79b7,IN_COLLECTION,Language,low,True
http://data.europa.eu/esco/skill/e58ea17c-1442-4b34-8ec6-0587a5fb55a6,http://data.europa.eu/esco/skill/e58ea17c-1442-4b34-8ec6-0587a5fb55a6,IN_COLLECTION,Language,low,True
http://data.europa.eu/esco/skill/e5dbcfcf-3139-40e2-87ed-f7154a0a70a4,http://data.europa.eu/esco/skill/e5dbcfcf-3139-40e2-87ed-f7154a0a70a4,IN_COLLECTION,Language,low,True
http://data.europa.eu/esco/skill/e747e77e-0ea1-4001-8b07-1d11946b5f1b,http://data.europa.eu/esco/skill/e747e77e-0ea1-4001-8b07-1d11946b5f1b,IN_COLLECTION,Language,low,True
http://data.europa.eu/esco/skill/e832f8d8-d627-4b0d-b1a5-b52f3917bb63,http://data.europa.eu/esco/skill/e832f8d8-d627-4b0d-b1a5-b52f3917bb63,IN_COLLECTION,Language,low,True
http://data.europa.eu/esco/skill/e9e9b625-f59f-4bda-952d-1f9831e6dfda,http://data.europa.eu/esco/skill/e9e9b625-f59f-4bda-952d-1f9831e6dfda,IN_COLLECTION,Language,low,True
http://data.europa.eu/esco/skill/ea4d26de-df11-464f-940f-d63f0f5848f1,http://data.europa.eu/esco/skill/ea4d26de-df11-464f-940f-d63f0f5848f1,IN_COLLECTION,Language,low,True
http://data.europa.eu/esco/skill/ea4ebfa1-e17a-4416-ac54-955f33e6ade7,http://data.europa.eu/esco/skill/ea4ebfa1-e17a-4416-ac54-955f33e6ade7,IN_COLLECTION,Language,low,True
http://data.europa.eu/esco/skill/eb19f00b-62c1-493b-bd75-1e90718ac04a,http://data.europa.eu/esco/skill/eb19f00b-62c1-493b-bd75-1e90718ac04a,IN_COLLECTION,Language,low,True
http://data.europa.eu/esco/skill/ec4855b5-84a5-4c59-812e-8e4319d7bf8d,http://data.europa.eu/esco/skill/ec4855b5-84a5-4c59-812e-8e4319d7bf8d,IN_COLLECTION,Language,low,True
http://data.europa.eu/esco/skill/ecb6d4ea-5693-453b-8c9a-d6c68589319a,http://data.europa.eu/esco/skill/ecb6d4ea-5693-453b-8c9a-d6c68589319a,IN_COLLECTION,Language,low,True
http://data.europa.eu/esco/skill/ed1614dd-5a66-4a95-968f-a0d46ecdce92,http://data.europa.eu/esco/skill/ed1614dd-5a66-4a95-968f-a0d46ecdce92,IN_COLLECTION,Language,low,True
http://data.europa.eu/esco/skill/edd82d34-0ab5-45cb-9997-360e177ced27,http://data.europa.eu/esco/skill/edd82d34-0ab5-45cb-9997-360e177ced27,IN_COLLECTION,Language,low,True
http://data.europa.eu/esco/skill/ede98e07-f07d-41bc-99b0-f88bf0dad438,http://data.europa.eu/esco/skill/ede98e07-f07d-41bc-99b0-f88bf0dad438,IN_COLLECTION,Language,low,True
http://data.europa.eu/esco/skill/efa7943e-28b8-4657-bccb-f04e86ba058b,http://data.europa.eu/esco/skill/efa7943e-28b8-4657-bccb-f04e86ba058b,IN_COLLECTION,Language,low,True
http://data.europa.eu/esco/skill/f018c29a-e837-4c4e-ac7c-aea212e0fc48,http://data.europa.eu/esco/skill/f018c29a-e837-4c4e-ac7c-aea212e0fc48,IN_COLLECTION,Language,low,True
http://data.europa.eu/esco/skill/f16e242e-a0e1-4d3a-b8bc-0fc6eca50354,http://data.europa.eu/esco/skill/f16e242e-a0e1-4d3a-b8bc-0fc6eca50354,IN_COLLECTION,Language,low,True
http://data.europa.eu/esco/skill/f1a08ec9-32d2-4e52-ba4a-66e049019be8,http://data.europa.eu/esco/skill/f1a08ec9-32d2-4e52-ba4a-66e049019be8,IN_COLLECTION,Language,low,True
http://data.europa.eu/esco/skill/f2d14962-e378-4df4-87ce-f1786df2b015,http://data.europa.eu/esco/skill/f2d14962-e378-4df4-87ce-f1786df2b015,IN_COLLECTION,Language,low,True
http://data.europa.eu/esco/skill/f37dbb3c-dafc-4835-86d1-de9615626f9b,http://data.europa.eu/esco/skill/f37dbb3c-dafc-4835-86d1-de9615626f9b,IN_COLLECTION,Language,low,True
http://data.europa.eu/esco/skill/f3e9b964-0c2d-46c4-a895-8b3583054d69,http://data.europa.eu/esco/skill/f3e9b964-0c2d-46c4-a895-8b3583054d69,IN_COLLECTION,Language,low,True
http://data.europa.eu/esco/skill/f58e2088-08c5-4680-83a1-18ba01299d4c,http://data.europa.eu/esco/skill/f58e2088-08c5-4680-83a1-18ba01299d4c,IN_COLLECTION,Language,low,True
http://data.europa.eu/esco/skill/f5e51369-45c6-42b1-8ccc-d1826112e555,http://data.europa.eu/esco/skill/f5e51369-45c6-42b1-8ccc-d1826112e555,IN_COLLECTION,Language,low,True
http://data.europa.eu/esco/skill/f61a0a31-5b6b-4129-b5c2-99e10a5d7794,http://data.europa.eu/esco/skill/f61a0a31-5b6b-4129-b5c2-99e10a5d7794,IN_COLLECTION,Language,low,True
http://data.europa.eu/esco/skill/f739ca36-437c-4f87-83bb-7a1933768d26,http://data.europa.eu/esco/skill/f739ca36-437c-4f87-83bb-7a1933768d26,IN_COLLECTION,Language,low,True
http://data.europa.eu/esco/skill/f7d66f52-6ea4-4ed4-a5b1-318c8eff6f47,http://data.europa.eu/esco/skill/f7d66f52-6ea4-4ed4-a5b1-318c8eff6f47,IN_COLLECTION,Language,low,True
http://data.europa.eu/esco/skill/f9bc2890-d1f2-4a83-bd7b-b150a7679c79,http://data.europa.eu/esco/skill/f9bc2890-d1f2-4a83-bd7b-b150a7679c79,IN_COLLECTION,Language,low,True
http://data.europa.eu/esco/skill/fa8ee260-64dc-42db-a5c7-9d3b232767df,http://data.europa.eu/esco/skill/fa8ee260-64dc-42db-a5c7-9d3b232767df,IN_COLLECTION,Language,low,True
http://data.europa.eu/esco/skill/fb299aca-b999-4829-9a40-f8379ac006f4,http://data.europa.eu/esco/skill/fb299aca-b999-4829-9a40-f8379ac006f4,IN_COLLECTION,Language,low,True
http://data.europa.eu/esco/skill/fbe75fa4-4f78-459b-858a-a30b29e7591e,http://data.europa.eu/esco/skill/fbe75fa4-4f78-459b-858a-a30b29e7591e,IN_COLLECTION,Language,low,True
http://data.europa.eu/esco/skill/fcbcdf4c-d079-4010-ab4b-8356fbfa5096,http://data.europa.eu/esco/skill/fcbcdf4c-d079-4010-ab4b-8356fbfa5096,IN_COLLECTION,Language,low,True
http://data.europa.eu/esco/skill/fcd4892f-486f-4e86-b78b-146a95c546a1,http://data.europa.eu/esco/skill/fcd4892f-486f-4e86-b78b-146a95c546a1,IN_COLLECTION,Language,low,True
http://data.europa.eu/esco/skill/ff52e69a-8873-4827-b140-958dee5a62bb,http://data.europa.eu/esco/skill/ff52e69a-8873-4827-b140-958dee5a62bb,IN_COLLECTION,Language,low,True
http://data.europa.eu/esco/skill/ff7f57d7-084b-4ec2-8e2d-2637b1ab3931,http://data.europa.eu/esco/skill/ff7f57d7-084b-4ec2-8e2d-2637b1ab3931,IN_COLLECTION,Language,low,True
http://data.europa.eu/esco/skill/001115fb-569f-4ee6-8381-c6807ef2527f,http://data.europa.eu/esco/skill/001115fb-569f-4ee6-8381-c6807ef2527f,IN_COLLECTION,Transversal,low,True
http://data.europa.eu/esco/skill/0171653e-c8e9-4c24-bb86-a4b6fe038f25,http://data.europa.eu/esco/skill/0171653e-c8e9-4c24-bb86-a4b6fe038f25,IN_COLLECTION,Transversal,low,True
http://data.europa.eu/esco/skill/045f71e6-0699-4169-8a54-9c6b96f3174d,http://data.europa.eu/esco/skill/045f71e6-0699-4169-8a54-9c6b96f3174d,IN_COLLECTION,Transversal,low,True
http://data.europa.eu/esco/skill/05aa7c09-46e7-433f-a81b-92841f4551e7,http://data.europa.eu/esco/skill/05aa7c09-46e7-433f-a81b-92841f4551e7,IN_COLLECTION,Transversal,low,True
http://data.europa.eu/esco/skill/0b709c64-a57a-4976-86bd-34d2cf34fa4f,http://data.europa.eu/esco/skill/0b709c64-a57a-4976-86bd-34d2cf34fa4f,IN_COLLECTION,Transversal,low,True
http://data.europa.eu/esco/skill/0d75a128-bd88-4c1b-b70d-8e963aeb490c,http://data.europa.eu/esco/skill/0d75a128-bd88-4c1b-b70d-8e963aeb490c,IN_COLLECTION,Transversal,low,True
http://data.europa.eu/esco/skill/113b4428-0a31-4199-8496-070af7854b91,http://data.europa.eu/esco/skill/113b4428-0a31-4199-8496-070af7854b91,IN_COLLECTION,Transversal,low,True
http://data.europa.eu/esco/skill/13b4a3d2-abdf-4442-8e52-d7464a58ecbc,http://data.europa.eu/esco/skill/13b4a3d2-abdf-4442-8e52-d7464a58ecbc,IN_COLLECTION,Transversal,low,True
http://data.europa.eu/esco/skill/199f7919-5114-41b6-b6a5-41e0e4896ec1,http://data.europa.eu/esco/skill/199f7919-5114-41b6-b6a5-41e0e4896ec1,IN_COLLECTION,Transversal,low,True
http://data.europa.eu/esco/skill/19a64e91-bfe3-4c48-9225-3bb1229b12f0,http://data.europa.eu/esco/skill/19a64e91-bfe3-4c48-9225-3bb1229b12f0,IN_COLLECTION,Transversal,low,True
http://data.europa.eu/esco/skill/19ba11f3-9c99-41fd-a7c9-f77e6a026186,http://data.europa.eu/esco/skill/19ba11f3-9c99-41fd-a7c9-f77e6a026186,IN_COLLECTION,Transversal,low,True
http://data.europa.eu/esco/skill/1d1fedcb-4995-44ac-90f5-f31a157ce512,http://data.europa.eu/esco/skill/1d1fedcb-4995-44ac-90f5-f31a157ce512,IN_COLLECTION,Transversal,low,True
http://data.europa.eu/esco/skill/1dabb413-18e8-48ed-a963-44978e67ad32,http://data.europa.eu/esco/skill/1dabb413-18e8-48ed-a963-44978e67ad32,IN_COLLECTION,Transversal,low,True
http://data.europa.eu/esco/skill/1ddc021d-d818-4731-904f-842d7491f419,http://data.europa.eu/esco/skill/1ddc021d-d818-4731-904f-842d7491f419,IN_COLLECTION,Transversal,low,True
http://data.europa.eu/esco/skill/1fce1197-3a5b-45b7-8797-575cd3b57a01,http://data.europa.eu/esco/skill/1fce1197-3a5b-45b7-8797-575cd3b57a01,IN_COLLECTION,Transversal,low,True
http://data.europa.eu/esco/skill/20012caa-b63c-4cb9-b2b8-01a1cfdfc1d1,http://data.europa.eu/esco/skill/20012caa-b63c-4cb9-b2b8-01a1cfdfc1d1,IN_COLLECTION,Transversal,low,True
http://data.europa.eu/esco/skill/2aaad52d-599e-4e77-a681-bbc236825821,http://data.europa.eu/esco/skill/2aaad52d-599e-4e77-a681-bbc236825821,IN_COLLECTION,Transversal,low,True
http://data.europa.eu/esco/skill/35ebe444-9ece-4fbc-a55d-e99ea37267ae,http://data.europa.eu/esco/skill/35ebe444-9ece-4fbc-a55d-e99ea37267ae,IN_COLLECTION,Transversal,low,True
http://data.europa.eu/esco/skill/409a0245-0e6c-4aac-ba16-0920ecb76a8d,http://data.europa.eu/esco/skill/409a0245-0e6c-4aac-ba16-0920ecb76a8d,IN_COLLECTION,Transversal,low,True
http://data.europa.eu/esco/skill/429062f1-a958-43ea-83dd-4e1af078c156,http://data.europa.eu/esco/skill/429062f1-a958-43ea-83dd-4e1af078c156,IN_COLLECTION,Transversal,low,True
http://data.europa.eu/esco/skill/468135b7-5757-48c3-9509-fde0e13ec5be,http://data.europa.eu/esco/skill/468135b7-5757-48c3-9509-fde0e13ec5be,IN_COLLECTION,Transversal,low,True
http://data.europa.eu/esco/skill/469748ce-051a-407e-9099-0c9415ac2705,http://data.europa.eu/esco/skill/469748ce-051a-407e-9099-0c9415ac2705,IN_COLLECTION,Transversal,low,True
http://data.europa.eu/esco/skill/4707da90-9cfc-46ca-8de0-38a0b7bfb137,http://data.europa.eu/esco/skill/4707da90-9cfc-46ca-8de0-38a0b7bfb137,IN_COLLECTION,Transversal,low,True
http://data.europa.eu/esco/skill/49de9958-2aa4-4eef-a89d-fe5d5bcd28c4,http://data.europa.eu/esco/skill/49de9958-2aa4-4eef-a89d-fe5d5bcd28c4,IN_COLLECTION,Transversal,low,True
http://data.europa.eu/esco/skill/4c3ab565-747c-4db3-8c47-79e8d6f98cf4,http://data.europa.eu/esco/skill/4c3ab565-747c-4db3-8c47-79e8d6f98cf4,IN_COLLECTION,Transversal,low,True
http://data.europa.eu/esco/skill/4c772721-9280-49cb-9988-b6ea3d36b06d,http://data.europa.eu/esco/skill/4c772721-9280-49cb-9988-b6ea3d36b06d,IN_COLLECTION,Transversal,low,True
http://data.europa.eu/esco/skill/4cde32b5-fc2f-4257-a8b9-5b15a67ee3e5,http://data.europa.eu/esco/skill/4cde32b5-fc2f-4257-a8b9-5b15a67ee3e5,IN_COLLECTION,Transversal,low,True
http://data.europa.eu/esco/skill/5b46f572-7ced-4efd-b270-a81a164d521c,http://data.europa.eu/esco/skill/5b46f572-7ced-4efd-b270-a81a164d521c,IN_COLLECTION,Transversal,low,True
http://data.europa.eu/esco/skill/5c3ab99d-a3f1-4620-9602-d12d2151a03d,http://data.europa.eu/esco/skill/5c3ab99d-a3f1-4620-9602-d12d2151a03d,IN_COLLECTION,Transversal,low,True
http://data.europa.eu/esco/skill/5c526c52-4f0a-4647-8c51-c91568acebb1,http://data.europa.eu/esco/skill/5c526c52-4f0a-4647-8c51-c91568acebb1,IN_COLLECTION,Transversal,low,True
http://data.europa.eu/esco/skill/5ca953f7-541d-4f67-bc55-7721348366cf,http://data.europa.eu/esco/skill/5ca953f7-541d-4f67-bc55-7721348366cf,IN_COLLECTION,Transversal,low,True
http://data.europa.eu/esco/skill/5cd1930c-278d-4929-b413-27352f5b3687,http://data.europa.eu/esco/skill/5cd1930c-278d-4929-b413-27352f5b3687,IN_COLLECTION,Transversal,low,True
http://data.europa.eu/esco/skill/609a8ac1-9d29-4237-9886-596dbbe7ca8a,http://data.europa.eu/esco/skill/609a8ac1-9d29-4237-9886-596dbbe7ca8a,IN_COLLECTION,Transversal,low,True
http://data.europa.eu/esco/skill/60c78287-22eb-4103-9c8c-28deaa460da0,http://data.europa.eu/esco/skill/60c78287-22eb-4103-9c8c-28deaa460da0,IN_COLLECTION,Transversal,low,True
http://data.europa.eu/esco/skill/669b75d8-671c-4a1c-8e0b-6466c513c27d,http://data.europa.eu/esco/skill/669b75d8-671c-4a1c-8e0b-6466c513c27d,IN_COLLECTION,Transversal,low,True
http://data.europa.eu/esco/skill/699e7c26-6502-4e78-a823-3656ff5a5b8b,http://data.europa.eu/esco/skill/699e7c26-6502-4e78-a823-3656ff5a5b8b,IN_COLLECTION,Transversal,low,True
http://data.europa.eu/esco/skill/6b2f8802-0cbf-436e-a37f-ca55ede41bbc,http://data.europa.eu/esco/skill/6b2f8802-0cbf-436e-a37f-ca55ede41bbc,IN_COLLECTION,Transversal,low,True
http://data.europa.eu/esco/skill/6b305973-8993-475f-bd8a-daf037c61401,http://data.europa.eu/esco/skill/6b305973-8993-475f-bd8a-daf037c61401,IN_COLLECTION,Transversal,low,True
http://data.europa.eu/esco/skill/6fc6f757-6baa-49fe-9a82-6ba6a52f2e13,http://data.europa.eu/esco/skill/6fc6f757-6baa-49fe-9a82-6ba6a52f2e13,IN_COLLECTION,Transversal,low,True
http://data.europa.eu/esco/skill/72d1fa5d-1b7f-48e7-84e3-6e779841ddf1,http://data.europa.eu/esco/skill/72d1fa5d-1b7f-48e7-84e3-6e779841ddf1,IN_COLLECTION,Transversal,low,True
http://data.europa.eu/esco/skill/75d8e5d9-bef3-418b-9011-01bff9f27207,http://data.europa.eu/esco/skill/75d8e5d9-bef3-418b-9011-01bff9f27207,IN_COLLECTION,Transversal,low,True
http://data.europa.eu/esco/skill/77b636e8-fab3-41a8-8022-1e0a354059dc,http://data.europa.eu/esco/skill/77b636e8-fab3-41a8-8022-1e0a354059dc,IN_COLLECTION,Transversal,low,True
http://data.europa.eu/esco/skill/7954861c-86d4-4529-afbb-2c23dab9ac74,http://data.europa.eu/esco/skill/7954861c-86d4-4529-afbb-2c23dab9ac74,IN_COLLECTION,Transversal,low,True
http://data.europa.eu/esco/skill/7a147904-22b3-498a-b4d9-7bceeb86b45d,http://data.europa.eu/esco/skill/7a147904-22b3-498a-b4d9-7bceeb86b45d,IN_COLLECTION,Transversal,low,True
http://data.europa.eu/esco/skill/7a93e22f-54d8-4bf0-9213-d711f6601b49,http://data.europa.eu/esco/skill/7a93e22f-54d8-4bf0-9213-d711f6601b49,IN_COLLECTION,Transversal,low,True
http://data.europa.eu/esco/skill/7d9bace0-63d0-4848-ac87-350a98082c12,http://data.europa.eu/esco/skill/7d9bace0-63d0-4848-ac87-350a98082c12,IN_COLLECTION,Transversal,low,True
http://data.europa.eu/esco/skill/7dd94ad3-13d6-43fe-8b94-51fcbf67ced9,http://data.europa.eu/esco/skill/7dd94ad3-13d6-43fe-8b94-51fcbf67ced9,IN_COLLECTION,Transversal,low,True
http://data.europa.eu/esco/skill/7f321b88-3d16-4e30-8163-5494ca8ce978,http://data.europa.eu/esco/skill/7f321b88-3d16-4e30-8163-5494ca8ce978,IN_COLLECTION,Transversal,low,True
http://data.europa.eu/esco/skill/83e6510b-ffeb-4aec-959c-4265fd0ff7b7,http://data.europa.eu/esco/skill/83e6510b-ffeb-4aec-959c-4265fd0ff7b7,IN_COLLECTION,Transversal,low,True
http://data.europa.eu/esco/skill/88b0c49e-7c2e-4ccc-aca3-fbd4bbc2081c,http://data.europa.eu/esco/skill/88b0c49e-7c2e-4ccc-aca3-fbd4bbc2081c,IN_COLLECTION,Transversal,low,True
http://data.europa.eu/esco/skill/896a5e0c-7ac9-4e59-a9bf-17fdca6b1c37,http://data.europa.eu/esco/skill/896a5e0c-7ac9-4e59-a9bf-17fdca6b1c37,IN_COLLECTION,Transversal,low,True
http://data.europa.eu/esco/skill/93350886-a21b-4e61-a1b1-319a325c0f90,http://data.europa.eu/esco/skill/93350886-a21b-4e61-a1b1-319a325c0f90,IN_COLLECTION,Transversal,low,True
http://data.europa.eu/esco/skill/96de2e86-e287-41f2-88ab-15a2343afc6f,http://data.europa.eu/esco/skill/96de2e86-e287-41f2-88ab-15a2343afc6f,IN_COLLECTION,Transversal,low,True
http://data.europa.eu/esco/skill/98a999db-72d5-4657-a0b0-2f850afd4368,http://data.europa.eu/esco/skill/98a999db-72d5-4657-a0b0-2f850afd4368,IN_COLLECTION,Transversal,low,True
http://data.europa.eu/esco/skill/9bf266a6-188b-4d17-a22f-2f266d76832b,http://data.europa.eu/esco/skill/9bf266a6-188b-4d17-a22f-2f266d76832b,IN_COLLECTION,Transversal,low,True
http://data.europa.eu/esco/skill/9c0f93f7-2592-4d4d-9673-fd640502345f,http://data.europa.eu/esco/skill/9c0f93f7-2592-4d4d-9673-fd640502345f,IN_COLLECTION,Transversal,low,True
http://data.europa.eu/esco/skill/9cfd2219-553c-4d67-81e5-951e87c65135,http://data.europa.eu/esco/skill/9cfd2219-553c-4d67-81e5-951e87c65135,IN_COLLECTION,Transversal,low,True
http://data.europa.eu/esco/skill/a628d2d1-f40a-4c37-a357-2801726f2996,http://data.europa.eu/esco/skill/a628d2d1-f40a-4c37-a357-2801726f2996,IN_COLLECTION,Transversal,low,True
http://data.europa.eu/esco/skill/a68bdf1e-b325-4880-b456-192c2891931a,http://data.europa.eu/esco/skill/a68bdf1e-b325-4880-b456-192c2891931a,IN_COLLECTION,Transversal,low,True
http://data.europa.eu/esco/skill/adc6dc11-3376-467b-96c5-9b0a21edc869,http://data.europa.eu/esco/skill/adc6dc11-3376-467b-96c5-9b0a21edc869,IN_COLLECTION,Transversal,low,True
http://data.europa.eu/esco/skill/b00e948c-19be-4951-8cff-60f88f1046e9,http://data.europa.eu/esco/skill/b00e948c-19be-4951-8cff-60f88f1046e9,IN_COLLECTION,Transversal,low,True
http://data.europa.eu/esco/skill/b080a008-a35d-4bd0-92e9-edf3773bb2b7,http://data.europa.eu/esco/skill/b080a008-a35d-4bd0-92e9-edf3773bb2b7,IN_COLLECTION,Transversal,low,True
http://data.europa.eu/esco/skill/b19e0820-a96f-4c0a-a724-3c056180c1b3,http://data.europa.eu/esco/skill/b19e0820-a96f-4c0a-a724-3c056180c1b3,IN_COLLECTION,Transversal,low,True
http://data.europa.eu/esco/skill/b40584aa-7c63-4eed-9422-a9798fb95fdc,http://data.europa.eu/esco/skill/b40584aa-7c63-4eed-9422-a9798fb95fdc,IN_COLLECTION,Transversal,low,True
http://data.europa.eu/esco/skill/b618584f-6bdf-4d8f-89a7-f28c2c95afc2,http://data.europa.eu/esco/skill/b618584f-6bdf-4d8f-89a7-f28c2c95afc2,IN_COLLECTION,Transversal,low,True
http://data.europa.eu/esco/skill/b6bdf202-524f-475d-b813-2aa9af005c37,http://data.europa.eu/esco/skill/b6bdf202-524f-475d-b813-2aa9af005c37,IN_COLLECTION,Transversal,low,True
http://data.europa.eu/esco/skill/ba93b71b-c433-4a01-8246-ed2daa85a9a2,http://data.europa.eu/esco/skill/ba93b71b-c433-4a01-8246-ed2daa85a9a2,IN_COLLECTION,Transversal,low,True
http://data.europa.eu/esco/skill/bc0b0b5d-f6be-405a-b224-b6902a4dbe97,http://data.europa.eu/esco/skill/bc0b0b5d-f6be-405a-b224-b6902a4dbe97,IN_COLLECTION,Transversal,low,True
http://data.europa.eu/esco/skill/bcf002ce-90f8-42e5-ac1b-5dba208639b0,http://data.europa.eu/esco/skill/bcf002ce-90f8-42e5-ac1b-5dba208639b0,IN_COLLECTION,Transversal,low,True
http://data.europa.eu/esco/skill/bdcf429c-5ccf-4c3d-bb61-4c987573a35e,http://data.europa.eu/esco/skill/bdcf429c-5ccf-4c3d-bb61-4c987573a35e,IN_COLLECTION,Transversal,low,True
http://data.europa.eu/esco/skill/be6ab363-3de1-427f-a8ef-85d5b0250822,http://data.europa.eu/esco/skill/be6ab363-3de1-427f-a8ef-85d5b0250822,IN_COLLECTION,Transversal,low,True
http://data.europa.eu/esco/skill/bf4d884f-c848-402a-b130-69c266b04164,http://data.europa.eu/esco/skill/bf4d884f-c848-402a-b130-69c266b04164,IN_COLLECTION,Transversal,low,True
http://data.europa.eu/esco/skill/bf983f2a-e941-4646-811d-cc81060cb53f,http://data.europa.eu/esco/skill/bf983f2a-e941-4646-811d-cc81060cb53f,IN_COLLECTION,Transversal,low,True
http://data.europa.eu/esco/skill/c10d5d87-36cf-42f5-8a12-e560fb5f4af8,http://data.europa.eu/esco/skill/c10d5d87-36cf-42f5-8a12-e560fb5f4af8,IN_COLLECTION,Transversal,low,True
http://data.europa.eu/esco/skill/c29aa9d2-4da8-4bdd-831c-8d4a2fb51730,http://data.europa.eu/esco/skill/c29aa9d2-4da8-4bdd-831c-8d4a2fb51730,IN_COLLECTION,Transversal,low,True
http://data.europa.eu/esco/skill/c2a0c52c-0b4b-4180-a918-92650ea3b458,http://data.europa.eu/esco/skill/c2a0c52c-0b4b-4180-a918-92650ea3b458,IN_COLLECTION,Transversal,low,True
http://data.europa.eu/esco/skill/c4180af3-befd-4bd8-9a65-6a496f9d9f15,http://data.europa.eu/esco/skill/c4180af3-befd-4bd8-9a65-6a496f9d9f15,IN_COLLECTION,Transversal,low,True
http://data.europa.eu/esco/skill/c624c6a3-b0ba-4a31-a296-0d433fe47e41,http://data.europa.eu/esco/skill/c624c6a3-b0ba-4a31-a296-0d433fe47e41,IN_COLLECTION,Transversal,low,True
http://data.europa.eu/esco/skill/d56e2c2f-3e01-4b76-a7bb-ecb6d430172f,http://data.europa.eu/esco/skill/d56e2c2f-3e01-4b76-a7bb-ecb6d430172f,IN_COLLECTION,Transversal,low,True
http://data.europa.eu/esco/skill/d62d2b4c-a6f8-439e-8a1b-4f29ab5f2c47,http://data.europa.eu/esco/skill/d62d2b4c-a6f8-439e-8a1b-4f29ab5f2c47,IN_COLLECTION,Transversal,low,True
http://data.europa.eu/esco/skill/d822b4b2-26c7-4bd9-970d-229c6504f615,http://data.europa.eu/esco/skill/d822b4b2-26c7-4bd9-970d-229c6504f615,IN_COLLECTION,Transversal,low,True
http://data.europa.eu/esco/skill/d9013e0e-e937-43d5-ab71-0e917ee882b8,http://data.europa.eu/esco/skill/d9013e0e-e937-43d5-ab71-0e917ee882b8,IN_COLLECTION,Transversal,low,True
http://data.europa.eu/esco/skill/d9449998-c1f5-478c-a103-2255398cf0b6,http://data.europa.eu/esco/skill/d9449998-c1f5-478c-a103-2255398cf0b6,IN_COLLECTION,Transversal,low,True
http://data.europa.eu/esco/skill/db33c0f3-43ee-4ba3-ba47-9269ac837697,http://data.europa.eu/esco/skill/db33c0f3-43ee-4ba3-ba47-9269ac837697,IN_COLLECTION,Transversal,low,True
http://data.europa.eu/esco/skill/dcc99418-d896-4b3b-8596-658093a17a8f,http://data.europa.eu/esco/skill/dcc99418-d896-4b3b-8596-658093a17a8f,IN_COLLECTION,Transversal,low,True
http://data.europa.eu/esco/skill/deb3c1bc-d48a-42e6-b0cc-cb238534ec28,http://data.europa.eu/esco/skill/deb3c1bc-d48a-42e6-b0cc-cb238534ec28,IN_COLLECTION,Transversal,low,True
http://data.europa.eu/esco/skill/df5e3d02-9f0f-44ee-91c2-85c62f161868,http://data.europa.eu/esco/skill/df5e3d02-9f0f-44ee-91c2-85c62f161868,IN_COLLECTION,Transversal,low,True
http://data.europa.eu/esco/skill/e2d44a9b-f28c-489e-9861-b654b5ded507,http://data.europa.eu/esco/skill/e2d44a9b-f28c-489e-9861-b654b5ded507,IN_COLLECTION,Transversal,low,True
http://data.europa.eu/esco/skill/e37d64dc-0f05-4ee8-b065-bf76f70d8f5c,http://data.europa.eu/esco/skill/e37d64dc-0f05-4ee8-b065-bf76f70d8f5c,IN_COLLECTION,Transversal,low,True
http://data.europa.eu/esco/skill/e49f4158-9d4c-425d-bf32-dfe89b19840a,http://data.europa.eu/esco/skill/e49f4158-9d4c-425d-bf32-dfe89b19840a,IN_COLLECTION,Transversal,low,True
http://data.europa.eu/esco/skill/ef7562b2-f176-4d7c-a0b2-27ae8cce0b7d,http://data.europa.eu/esco/skill/ef7562b2-f176-4d7c-a0b2-27ae8cce0b7d,IN_COLLECTION,Transversal,low,True
http://data.europa.eu/esco/skill/f4346299-e22a-4686-8e61-2c9b0cd51c7d,http://data.europa.eu/esco/skill/f4346299-e22a-4686-8e61-2c9b0cd51c7d,IN_COLLECTION,Transversal,low,True
http://data.europa.eu/esco/skill/f4bcdb75-df28-441d-a52b-9730904f36a1,http://data.europa.eu/esco/skill/f4bcdb75-df28-441d-a52b-9730904f36a1,IN_COLLECTION,Transversal,low,True
http://data.europa.eu/esco/skill/fa46a48d-9cb9-422d-afab-1047654dbcdd,http://data.europa.eu/esco/skill/fa46a48d-9cb9-422d-afab-1047654dbcdd,IN_COLLECTION,Transversal,low,True
http://data.europa.eu/esco/skill/fd89f784-88dc-4d35-abd7-86aa073cab12,http://data.europa.eu/esco/skill/fd89f784-88dc-4d35-abd7-86aa073cab12,IN_COLLECTION,Transversal,low,True
http://data.europa.eu/esco/skill/00b9a3aa-7070-4bb5-8020-f228a97cf42f,http://data.europa.eu/esco/skill/00b9a3aa-7070-4bb5-8020-f228a97cf42f,IN_COLLECTION,Research,low,True
http://data.europa.eu/esco/skill/08b04e53-ed25-41a2-9f90-0b9cd939ba3d,http://data.europa.eu/esco/skill/08b04e53-ed25-41a2-9f90-0b9cd939ba3d,IN_COLLECTION,Research,low,True
http://data.europa.eu/esco/skill/20a8fe89-d4eb-4698-8521-8881c13377e0,http://data.europa.eu/esco/skill/20a8fe89-d4eb-4698-8521-8881c13377e0,IN_COLLECTION,Research,low,True
http://data.europa.eu/esco/skill/2b1e2927-3542-48da-9063-02925e7562c1,http://data.europa.eu/esco/skill/2b1e2927-3542-48da-9063-02925e7562c1,IN_COLLECTION,Research,low,True
http://data.europa.eu/esco/skill/2b34764d-637c-48f5-aa70-31e15c965db6,http://data.europa.eu/esco/skill/2b34764d-637c-48f5-aa70-31e15c965db6,IN_COLLECTION,Research,low,True
http://data.europa.eu/esco/skill/2de4572a-4724-4f76-afc2-72a568a264ac,http://data.europa.eu/esco/skill/2de4572a-4724-4f76-afc2-72a568a264ac,IN_COLLECTION,Research,low,True
http://data.europa.eu/esco/skill/39f67488-cfd3-4370-8d7e-da98163102d9,http://data.europa.eu/esco/skill/39f67488-cfd3-4370-8d7e-da98163102d9,IN_COLLECTION,Research,low,True
http://data.europa.eu/esco/skill/4134622c-c3fb-4a41-beb6-6d58ba5107db,http://data.europa.eu/esco/skill/4134622c-c3fb-4a41-beb6-6d58ba5107db,IN_COLLECTION,Research,low,True
http://data.europa.eu/esco/skill/4707da90-9cfc-46ca-8de0-38a0b7bfb137,http://data.europa.eu/esco/skill/4707da90-9cfc-46ca-8de0-38a0b7bfb137,IN_COLLECTION,Research,low,True
http://data.europa.eu/esco/skill/4cd85845-f31c-4306-994d-e12d45114d83,http://data.europa.eu/esco/skill/4cd85845-f31c-4306-994d-e12d45114d83,IN_COLLECTION,Research,low,True
http://data.europa.eu/esco/skill/4d39b27a-b34f-4c89-8d46-df844d42f728,http://data.europa.eu/esco/skill/4d39b27a-b34f-4c89-8d46-df844d42f728,IN_COLLECTION,Research,low,True
http://data.europa.eu/esco/skill/4f5c1208-62fd-4e5a-a51e-306c06947e11,http://data.europa.eu/esco/skill/4f5c1208-62fd-4e5a-a51e-306c06947e11,IN_COLLECTION,Research,low,True
http://data.europa.eu/esco/skill/4fabca9a-7435-4f33-b1da-3cdb00340fdc,http://data.europa.eu/esco/skill/4fabca9a-7435-4f33-b1da-3cdb00340fdc,IN_COLLECTION,Research,low,True
http://data.europa.eu/esco/skill/518dc04d-092d-4fa1-bd82-88b7a9278ef7,http://data.europa.eu/esco/skill/518dc04d-092d-4fa1-bd82-88b7a9278ef7,IN_COLLECTION,Research,low,True
http://data.europa.eu/esco/skill/5f0082ab-2131-49b5-94d6-a1821daf57d6,http://data.europa.eu/esco/skill/5f0082ab-2131-49b5-94d6-a1821daf57d6,IN_COLLECTION,Research,low,True
http://data.europa.eu/esco/skill/60c78287-22eb-4103-9c8c-28deaa460da0,http://data.europa.eu/esco/skill/60c78287-22eb-4103-9c8c-28deaa460da0,IN_COLLECTION,Research,low,True
http://data.europa.eu/esco/skill/7954861c-86d4-4529-afbb-2c23dab9ac74,http://data.europa.eu/esco/skill/7954861c-86d4-4529-afbb-2c23dab9ac74,IN_COLLECTION,Research,low,True
http://data.europa.eu/esco/skill/7a147904-22b3-498a-b4d9-7bceeb86b45d,http://data.europa.eu/esco/skill/7a147904-22b3-498a-b4d9-7bceeb86b45d,IN_COLLECTION,Research,low,True
http://data.europa.eu/esco/skill/7dd94ad3-13d6-43fe-8b94-51fcbf67ced9,http://data.europa.eu/esco/skill/7dd94ad3-13d6-43fe-8b94-51fcbf67ced9,IN_COLLECTION,Research,low,True
http://data.europa.eu/esco/skill/833289fa-3646-4010-9d9e-93ba8c9ef2d8,http://data.europa.eu/esco/skill/833289fa-3646-4010-9d9e-93ba8c9ef2d8,IN_COLLECTION,Research,low,True
http://data.europa.eu/esco/skill/872a1632-f1db-4feb-bb27-0a6a359b7591,http://data.europa.eu/esco/skill/872a1632-f1db-4feb-bb27-0a6a359b7591,IN_COLLECTION,Research,low,True
http://data.europa.eu/esco/skill/979cf728-896f-4f2c-8fa8-2698ca0d4930,http://data.europa.eu/esco/skill/979cf728-896f-4f2c-8fa8-2698ca0d4930,IN_COLLECTION,Research,low,True
http://data.europa.eu/esco/skill/988f4ac3-a37c-4b0a-a40f-4e0e56b5919e,http://data.europa.eu/esco/skill/988f4ac3-a37c-4b0a-a40f-4e0e56b5919e,IN_COLLECTION,Research,low,True
http://data.europa.eu/esco/skill/9a58cd26-58eb-4a1c-b1b6-64037fe9cfa1,http://data.europa.eu/esco/skill/9a58cd26-58eb-4a1c-b1b6-64037fe9cfa1,IN_COLLECTION,Research,low,True
http://data.europa.eu/esco/skill/a584a638-a2c0-4b3c-bdf3-a64f87225be9,http://data.europa.eu/esco/skill/a584a638-a2c0-4b3c-bdf3-a64f87225be9,IN_COLLECTION,Research,low,True
http://data.europa.eu/esco/skill/a8b3957f-08b4-4a76-927d-0b2e3d0dbd39,http://data.europa.eu/esco/skill/a8b3957f-08b4-4a76-927d-0b2e3d0dbd39,IN_COLLECTION,Research,low,True
http://data.europa.eu/esco/skill/a8d24a95-47b3-4f88-92e7-06600bcd3612,http://data.europa.eu/esco/skill/a8d24a95-47b3-4f88-92e7-06600bcd3612,IN_COLLECTION,Research,low,True
http://data.europa.eu/esco/skill/adc6dc11-3376-467b-96c5-9b0a21edc869,http://data.europa.eu/esco/skill/adc6dc11-3376-467b-96c5-9b0a21edc869,IN_COLLECTION,Research,low,True
http://data.europa.eu/esco/skill/b363bb5f-2c79-40af-94da-33e06f9dee9f,http://data.europa.eu/esco/skill/b363bb5f-2c79-40af-94da-33e06f9dee9f,IN_COLLECTION,Research,low,True
http://data.europa.eu/esco/skill/bdcf429c-5ccf-4c3d-bb61-4c987573a35e,http://data.europa.eu/esco/skill/bdcf429c-5ccf-4c3d-bb61-4c987573a35e,IN_COLLECTION,Research,low,True
http://data.europa.eu/esco/skill/c3c2420c-ce9a-4371-8eed-1db479c3a562,http://data.europa.eu/esco/skill/c3c2420c-ce9a-4371-8eed-1db479c3a562,IN_COLLECTION,Research,low,True
http://data.europa.eu/esco/skill/cc61f9e5-d4fc-470e-8606-1ce865ff8386,http://data.europa.eu/esco/skill/cc61f9e5-d4fc-470e-8606-1ce865ff8386,IN_COLLECTION,Research,low,True
http://data.europa.eu/esco/skill/cd50d616-1f8b-481e-983f-68d2674ff82d,http://data.europa.eu/esco/skill/cd50d616-1f8b-481e-983f-68d2674ff82d,IN_COLLECTION,Research,low,True
http://data.europa.eu/esco/skill/cd5efa8c-e44d-4cbc-91c6-796018dbed68,http://data.europa.eu/esco/skill/cd5efa8c-e44d-4cbc-91c6-796018dbed68,IN_COLLECTION,Research,low,True
http://data.europa.eu/esco/skill/da930e2f-6047-4616-a598-bba8ecef3039,http://data.europa.eu/esco/skill/da930e2f-6047-4616-a598-bba8ecef3039,IN_COLLECTION,Research,low,True
http://data.europa.eu/esco/skill/e49f4158-9d4c-425d-bf32-dfe89b19840a,http://data.europa.eu/esco/skill/e49f4158-9d4c-425d-bf32-dfe89b19840a,IN_COLLECTION,Research,low,True
http://data.europa.eu/esco/skill/f715be1d-5fc4-49d3-82a5-0b8090d12849,http://data.europa.eu/esco/skill/f715be1d-5fc4-49d3-82a5-0b8090d12849,IN_COLLECTION,Research,low,True
http://data.europa.eu/esco/skill/f7b071bf-4882-4cfc-ae0a-7e0e0ab94c61,http://data.europa.eu/esco/skill/f7b071bf-4882-4cfc-ae0a-7e0e0ab94c61,IN_COLLECTION,Research,low,True
http://data.europa.eu/esco/skill/fa642fc3-5cc5-41cf-8926-6617a8b976a7,http://data.europa.eu/esco/skill/fa642fc3-5cc5-41cf-8926-6617a8b976a7,IN_COLLECTION,Research,low,True
http://data.europa.eu/esco/skill/ff64e9fc-36dd-4035-872a-83aa41dc1ad9,http://data.europa.eu/esco/skill/ff64e9fc-36dd-4035-872a-83aa41dc1ad9,IN_COLLECTION,Research,low,True
